point_id,lat,lon,population,demand_score
0eadb1c8-c7f4-49ca-8913-b7da3518d2f1,33.36350297118406,-82.50419248710367,1,0.9
02d6f116-d3c7-47cd-afd1-7becda2ec7eb,47.767857660247905,-84.45030273962547,0,0.0
0c3691c3-bf30-4304-8f32-16b198953881,42.29984854528513,-119.3505022788619,628,569.0
fa99257f-ed0b-451c-a9ad-42997ffac0f6,38.96646210492592,-70.5682281105578,6,5.9
ebebf1e5-3d94-414c-987e-05d4e42f606f,27.900466011060914,-91.46014007274763,734,813.0
a1b1304c-9f04-4dcc-acbc-683752a4aa8b,27.899863008405067,-103.54019425299464,50,55.2
23f8abfe-2330-4316-bde9-b704d5c5cec7,25.452090304204987,-80.36422357377691,128,128.8
1b07aa5a-d4ff-479f-9458-d9d0ddf7cd02,45.654403644373375,-109.81543795430359,13,15.2
d3d60d63-a045-49fd-851d-e9404e84faf3,39.02787529358022,-84.0829196142671,148,134.0
f507d3b4-ff74-4fe5-a67d-7affff586dd5,41.70181444490114,-122.65703875323742,96,86.0
48426124-7d23-49fe-afc9-379813e516d9,24.514612357395063,-75.47492578105295,9,9.4
ac2256e8-6045-4643-8155-29cada20b1b0,48.247746304049855,-98.5579200257422,82,86.0
e2b68b88-de73-440e-8d8f-8e8b0e7b5db6,44.81106602001054,-87.43511805288144,99,81.0
8d0bbd03-d3e2-4662-bf70-8d04bade83ca,29.308477766956905,-111.94696863140567,919,958.6
c537a7ed-ed92-4745-8bd6-9ab0f0e50641,28.545624180177516,-85.05265095315157,47,44.6
1e7a2f46-83c6-45b7-90b1-89cc4ded09ba,28.585112746335845,-79.43782372229668,157,172.5
c346cac7-1a9c-4e5f-83e7-706f1c998781,31.60605607398844,-97.08042197382048,873,980.6
bc870276-6872-4ad5-8f95-44b229ab75c6,37.11891079080595,-88.55411148035414,314,320.6
c6c33bf2-9b08-4038-8247-f13714819e71,34.7986254660529,-98.07677049447848,1003,803.1
ef85bc5f-8ae0-42cd-b45f-ec9504e552e5,31.28072850495105,-72.24860921378712,690,727.6
7466af4c-3473-405f-96a0-95fa6028db96,39.296322368059485,-95.62571834965517,134,147.3
c95fc0cf-5f3c-4719-aea9-0c832dc5aac7,27.487346516301045,-75.33328616729969,238,214.1
be42f370-9633-45a1-ada5-3c6f0d531912,31.303616213380455,-77.72022856205533,23,22.7
49902ee8-417a-42d1-926d-fe32e666e01d,33.15904608234229,-100.78021554044696,116,137.6
8c7744d7-43ac-4e61-b8e6-56c9e828ecbd,35.4017496054259,-111.42501498040897,331,304.3
c3802d76-9b19-4569-b2fa-3ab65d19030b,43.62939903482534,-101.04115417897351,141,125.4
c7528e99-e4fd-4ac0-9433-c2ba5af32519,28.991844553958995,-76.25317482926201,243,214.9
e9fc5b62-7115-4106-87c3-1b45ee16950f,36.855860960340294,-111.56968038665585,274,280.4
04c2a5b5-5ca9-469b-8824-e7ba927b8c3c,38.81036422155106,-94.05825559439279,58,68.4
a148e705-998b-4a6f-92a7-15ccc39fcc37,25.161260317999943,-77.44029187031589,417,435.1
fa28417b-50b6-4e75-9d6f-b0e965b44a2d,39.18862129753596,-104.14482896742565,123,113.3
be612bb3-6556-4fc8-a0b1-49eca4c151f8,28.263103092182288,-87.10963141684086,47,49.6
3eb84bde-78f2-4ed8-bb41-e70b5671a65a,25.62628982463199,-110.50773713111994,401,421.0
962b1d83-8135-43ac-8794-d9cec843e3b5,47.722138431333335,-118.55251272327857,108,112.2
ea8a8d36-ff7e-4b5a-9045-b1d7be31d94a,48.14080082686398,-78.13133071952149,278,240.1
c4d65d73-93e2-4238-9687-1f443f7597de,44.20993370291153,-119.1608512188863,159,167.6
99cc98f8-24ed-4a49-8855-6b53cd14fbe6,31.61534422933427,-108.98849769030451,96,93.3
9e94e214-ecae-4e02-b39a-f8c1df7edfa7,26.441802850159597,-74.54854410215103,332,268.1
08abf9b4-df68-40eb-b684-6fbccd5bb372,41.10582566280392,-104.55831206235864,176,178.8
194175a5-0992-4113-bf9d-9bd7cf102c8c,35.00381234349003,-67.59032437866449,99,118.4
f0f2a239-6143-43a3-ae07-0d8c3216970f,27.05095587111947,-67.19567424834227,23,21.6
880ad397-216f-49bf-90f7-91368d2b6ff4,36.37942275278176,-109.17171479324016,452,536.2
f10edd0d-3080-462c-8f3d-e60516f77313,24.85971302788046,-122.58228488725646,7,5.9
702cc368-8136-4502-8052-3fbf9bc80e59,46.73301005196955,-83.40126623188263,398,435.0
ca611f36-b230-458a-bc5b-9f718dcb0053,30.469499540000424,-98.39179634374773,89,75.3
4d242faf-2bca-4d67-b959-64511b0bc559,40.56305710884955,-119.055582206385,204,185.5
b7fac786-5178-4c40-8c41-9049247fd867,31.792776902235275,-83.25615368029548,511,525.5
ef1a1962-6412-4012-8271-287dc88f56ed,37.00170052944527,-123.16068036239665,33,34.2
e9b3567b-a2a1-4d90-b81a-b4f40a524d36,37.667756983581995,-73.65839526095772,167,185.4
0d2ecf95-10a7-499c-843d-9b8b9dbc7e64,28.621361388138176,-116.81950078231507,289,302.3
50a86091-8116-43f1-8f8f-1b61fcd4b8eb,48.239615694113965,-117.48859915394323,283,293.6
823708a6-f0f7-4b3d-a965-f6d2194bfb0c,43.37832058402786,-114.6353344198535,149,173.6
19c953bc-0ee4-4606-8db2-ea690d81b84e,47.48747353910473,-68.34428484896807,196,192.2
8f3d121a-bf92-4af2-82a4-3a39a73532e6,46.37068376069122,-84.10300774502309,283,251.9
f8157660-b470-4cd8-829a-d441b027e202,38.94749947027713,-77.71907940764544,368,318.2
d6dd5291-0eef-42aa-a2dd-f959abb74a28,47.04685587557792,-101.53953584176757,287,275.5
b29caf35-35cb-42ea-bee2-e46316d83083,26.212312551297988,-105.15754907720762,87,94.4
18b69f0a-cbba-4aab-bb86-a883bf808c16,28.89957156047863,-111.16544359979298,1144,934.7
37ebe5ec-a379-4eb9-a2d0-0e8d4d08d9d0,25.13068222276345,-96.64176632956787,114,97.1
30690977-f594-4e1d-9d9d-b9308177bdd9,32.13325826908161,-92.44210472148406,5,4.2
32e1dd49-3d0a-4ad9-8413-c161e29a8f55,33.71693224223705,-87.72528422448744,90,93.1
de73751a-403a-420b-bc8a-a6eb852d3742,30.783725794347397,-109.83000826407702,27,24.2
9cde8de1-5dc1-4e19-8bb2-e7d8223d1ea2,44.718437728798236,-69.02940922672354,26,22.5
637ae894-572e-4500-9992-527218ba4e74,32.918833167339734,-114.98424860577899,66,68.4
b7726e72-9a94-4835-bd49-b381051fb097,31.023362742184517,-68.02646268878166,11,12.1
a8ebde91-27dc-4065-9fc8-b6ef1e11d2eb,37.56740207895621,-124.12348877205727,233,217.4
ca00d102-5766-4544-ad83-2005f7a45860,27.523105624369066,-96.61358418280611,15,15.5
3fb261f1-1151-4ed6-8942-0ec9580d5e58,44.054924518850996,-105.33129755112279,45,37.8
888666dd-7ccb-4864-a89e-57f67088b7b0,25.863766091994272,-98.5017185781152,105,123.3
ac7fb21c-85f3-4b0e-93d1-f16bfcb7b8d1,48.672173415012935,-91.33078984013345,13,12.2
4e4a3c89-de82-42b0-a560-fd8a13a31c28,43.306119232416435,-99.30023967725018,62,74.3
90d92a70-3f7e-4024-8d54-3052c5db68fc,28.96789203835431,-100.5240358322059,170,202.5
a2e48c0e-1374-4b8e-83e2-31179ea6d5e2,24.13805292809006,-81.76931849061492,669,743.6
200e96a7-1bb4-4721-8e7e-d436ee79782b,44.386535711370854,-84.53329976989858,417,336.9
c36d6b63-6b2d-4346-a8b4-f350fe0493c3,41.671433596190425,-75.83699435988498,417,424.3
49126c7b-9cee-4177-b990-e05c8efbba9b,42.22517920102469,-110.25242010686976,39,32.6
9db72712-ceb5-4c76-90ce-dbc23387853f,43.281758667148644,-89.03781792451025,62,71.8
8b144250-0b2c-4784-ac1f-05651469df62,25.85111629335226,-90.47350766182163,16,17.9
7549b3ba-2728-493f-961d-aedace324bf2,32.96164321360681,-103.18546915851137,301,357.9
5dc0451b-b28c-4b3c-ade0-d0e703e44589,26.896726488128245,-96.32260502774183,14,14.6
c4e48e0a-379e-45e3-8aff-6f61661b3227,45.57758564688984,-106.486853544962,163,164.4
387f43a5-2725-4a07-85fc-7f7c6c813eb1,39.58245317068895,-116.63118054059787,57,57.4
e4d7b1dc-ec5d-4f3c-914a-5789cce217cd,32.27245062131623,-112.38572857089876,56,53.5
b1a0c9cb-e20e-4343-b872-4eec31945d37,25.588958757150593,-118.77469486232914,936,924.3
73566792-c7ba-4937-80df-d980b33a7fed,31.774558042891556,-84.69889506378269,283,298.3
703f77bf-1dfd-4dd7-983f-14ba0b1d705e,32.12958305066868,-86.01708380656007,363,425.9
cdf4f4c8-691e-4aa2-9a1e-16eaa8d2df6e,42.2401544584516,-68.9142240767875,170,176.5
a9092e59-bebc-4b2b-8d65-b6eac0f72609,39.93893678388033,-81.94897359481277,410,468.6
7537a7cc-3fbc-42da-af50-3445d24c0a71,46.18031856440817,-121.92929551338824,207,237.0
c4d1c7ad-e8b6-427a-ab5f-c86a98c3add3,35.80537312904873,-72.82953473819171,584,588.4
f85ecbdd-953c-4ee8-bcd3-3f3fe939ce7e,26.98985614845754,-74.10216538620219,66,62.0
2e7e08eb-412d-4572-8626-41fc5ae21cd0,41.83111968057487,-98.84410107441079,181,191.1
36e464da-2107-406f-b7d9-1be1ad67b9be,43.019626215422434,-90.43408001885263,234,228.9
3b3f05ce-1dc9-4ebb-bdb8-40683fbc3fe8,38.03192993923741,-67.41137838412138,100,83.3
61c182a0-0688-4913-9670-6712ecf7da00,43.27417949886403,-93.59404253295818,424,403.3
5432ea15-9e20-4f84-815f-491a6c18b6f9,36.34488990910977,-71.5860121258107,780,934.2
656ed800-28b5-407d-8157-1ad1ebe1bff8,37.06832073454985,-120.100713289199,136,111.4
def459fc-e59d-46dc-95ed-aa88ed74f9a1,34.68852545896374,-113.72793974618772,99,106.8
87505ebd-ecda-4323-b5d9-e28e34514500,24.63547816860238,-98.99545833696224,128,145.5
21cc2df1-0e90-4b8f-935c-406884cf751a,26.69728567483261,-90.49934830809903,383,405.8
9780c785-030f-4e5c-8960-c6f98cc288b5,24.785729642168356,-76.84255674009478,207,212.8
ae1e3481-f102-4974-af60-f61929347291,39.91026028159451,-66.69253520655198,9,9.7
0d87ee0d-359e-4796-ac1c-792cd03d334b,31.858899526908168,-102.05776170802713,156,151.6
40b596cf-c78a-4a90-b8b8-6ecfa369a19c,36.71426727911757,-122.202477467735,3,2.5
9e3f0e52-2fd9-4fea-8de9-4c416ddd9ce8,46.689161848152324,-77.73088130557583,301,356.7
e24f929b-c539-4e19-980a-be895b90efda,30.232305728721872,-89.34153757411431,80,77.8
5fbdd0f1-1ac3-4d5f-8242-120770f4d1fa,34.25957307589074,-113.2859713267761,128,136.5
ed8674ec-418c-45f1-8833-21b450198f37,42.888778463576216,-95.80512105933622,321,325.0
4b09a8f6-e758-458b-8a87-9b756bec62cc,29.71995413729056,-81.20369551351027,10,8.2
0ec8aff9-e930-4d10-81a3-8b2e277544ae,25.924497745719826,-79.54570456295002,35,41.3
0b7f6474-c149-46e8-b168-40c7b1b81b27,31.2437863228442,-95.52251369207303,101,112.8
8be81315-70ab-4145-a997-cf2a0071d250,28.03053218135011,-106.99234272239731,52,44.7
62f94159-416b-43be-b65a-ccd53e8cd437,47.242441308564324,-67.54918765972889,305,363.8
db9b71b6-f4df-4c61-af65-61fe426dad77,44.20300948911043,-85.86160595356692,1261,1380.5
03ecd835-ca07-4546-a7dc-ec6e4995f7bb,39.835093912760584,-100.91398635856838,349,345.1
2e202bc5-df12-4070-97ef-78ace5311839,45.786514754692945,-108.45266977192551,431,450.2
3fec8e1b-94ce-4c9c-a577-8d025cefb651,44.09180192247786,-81.86492400278983,553,466.0
234ec55a-2f3a-4d0f-a145-e650e615c78a,28.664251472150895,-110.7111767099677,83,85.0
0531e163-5faf-4050-b183-60cf73d4a1a4,46.313974962249446,-114.8691106505524,71,58.9
51f7e75d-6d18-4389-ae34-32c0c0e6a90c,37.48355604789127,-93.73980055123785,53,54.0
54a7b7e7-5efc-4780-89db-43ed45137ef5,44.18600387910156,-107.89074383399563,355,362.5
ab6e5221-4adf-491a-a612-e95e31a9b3d1,46.40228249808733,-87.89459644950671,228,262.1
27fa194e-5804-422e-836b-b82528396c18,31.950086874296595,-118.04161818242022,54,58.9
48c42255-6d47-4eb7-8c80-6c0fd9d8326a,26.75129811319192,-86.35847483052802,95,85.5
ceec5f88-8f8c-4694-902a-e1488bdb7696,29.698379063548543,-108.28550484813557,141,162.9
07e49216-1382-4e40-9761-c00ae7b10035,34.67769471565641,-124.98566686836375,150,154.4
d0fb68ff-f1c5-4ccd-ae1c-1c6cdd24b5b3,44.45036914806233,-117.51077259722359,439,457.7
c08e5120-fd23-42ab-83c2-7a7e516fe24d,45.51826458140859,-69.91669270772945,96,83.3
5173171f-f194-4829-9787-35c1789ac225,24.17380326327977,-73.82607629219389,478,546.4
d2809d7d-a008-4266-9cfd-9c91aff7c3ce,36.768682564439146,-111.21706710986203,116,136.0
4a1198e1-2191-4ae8-885f-7bbb73bb04b3,34.43527507871947,-79.07605763181601,274,304.1
7332b86f-b0db-4c17-98c8-838e81f83f72,29.552695261768257,-89.09427600273551,533,627.0
647ea634-5537-476d-b463-e33c03720a78,26.99663418334207,-67.7166220244577,476,438.4
6d5e3b9e-41b1-490e-b93d-91f65ba0c512,32.4403792850907,-102.95726608749051,12,13.7
91382006-0497-447c-8c30-b02dc0ef6e1f,47.572742597812976,-84.79382386148689,46,45.8
28f57724-cf1f-45d6-96dc-8654ab2111a4,32.08007330051888,-121.2513923769888,130,112.5
344cad79-8758-4d89-b9f9-4d64654308f4,36.96976554358415,-101.62140653783204,113,120.6
8768c07e-d9fd-4163-a72f-4f8fe54e40e8,41.57547397237944,-68.13475798989735,205,220.1
9e9b2867-bec5-441a-9c46-59f4168887d4,33.09074005948235,-93.20012840744289,579,529.7
6cf71baa-8fcc-480f-b4a7-e45ab1f85541,48.29455206802402,-108.01510930324417,24,19.5
ace72b75-5887-4fdd-ae7b-a4312b276c0a,48.06118237355278,-117.90401317541219,120,105.6
e0939e29-4456-455b-847e-f2b410823b39,30.294557395634104,-83.49182792928971,43,41.3
99392719-2477-44ab-b33d-558ccf38108a,36.431212647309636,-86.95349343764612,449,389.3
f306fbfd-c62c-47b5-a131-ced4ba0495dc,31.521957745419243,-102.9376158973773,668,586.2
2d539034-35c5-4207-8b96-a9e5d7dd0205,31.12101235943669,-68.89446023991579,130,124.4
0d95e000-f73a-4ccc-a4a8-2550044fcb9a,24.92217368386332,-123.69003403371683,22,26.1
4e7d5b67-8e90-47ff-888a-44f50f47f609,39.23910834949742,-107.08029275372228,308,340.6
bf99fd82-a7d3-4aca-96d0-bedb8fa29649,36.56697558072154,-70.6569003083247,239,221.8
700d2235-bbd3-495e-9b6c-f4be3c883175,25.286968781249733,-106.06480913915301,88,103.9
1678f829-c146-41ea-9d5d-c8290ccf9734,30.966161605915286,-110.11708280254494,437,462.5
18a843fd-f5a3-40da-a752-d16621d54af9,46.70664714916634,-93.48099581405641,745,731.7
b0582454-a24a-4ee7-a706-3324a4fd9485,29.989047266674312,-76.39569675468826,163,160.9
ae927aef-b72a-4255-af5d-e9b7d6e679bc,27.622371802280576,-118.9143411081767,167,161.0
b4c7e0ea-ab14-4a74-98cf-efd9c37c52a7,36.23631900693908,-69.36177813090157,71,63.4
20782c83-544a-452f-9857-34b0cbe2746d,48.641261352765014,-78.09070001031132,176,168.0
9171fec7-1ad7-4d0d-bbd0-f84f5df76f8a,30.05138178778751,-114.30623492245843,116,117.3
63c0e023-46d6-443d-a242-4b7783729395,40.80338868514696,-82.9915302893084,72,72.8
d6a0bf80-6b24-4b05-8696-f925af79894b,43.04049038321794,-102.28743536438412,14,15.5
97bbd60f-89ae-4cb3-98b2-e2e464817d39,29.940938599809993,-101.26461399349719,58,54.7
9346399e-d911-41cc-a0af-a2b40bbb07cb,42.205408715296485,-78.78588454610689,44,47.8
ff698d16-d0db-4f64-b7fb-94b18e1f7841,33.19457831798133,-68.19569632913681,156,160.9
6b3e966e-77dd-476e-bc5c-092d04548742,39.807645764839485,-117.52730350201556,184,218.0
9bcebe0f-08ad-4674-bbc5-879e22559b0d,39.838242769022365,-100.18281602414966,188,179.4
be3fa5c6-14c9-488c-acb7-d907452f426d,37.394367101868966,-96.62444512302609,98,113.7
240b2628-7a60-4d8f-931e-46f16f0199f2,26.257244251360206,-102.79760279965514,109,123.0
eca6da16-9e83-4c2e-aa4a-fadb958c986d,44.88256238973095,-103.57184170074272,359,378.8
d3bad2d0-159e-4fa7-98ca-1387fd757837,32.0195016242934,-121.9161486138658,129,137.0
df9dc81c-c56f-41ff-a7c3-d9f4c30ac816,28.662962759996354,-84.55322138680523,881,734.6
f0e30962-091a-4f4d-90c8-a8bde7285f6a,25.0193785388691,-99.26334938991732,116,136.9
9077c241-23b6-415c-a1a2-775feacc8b65,38.77232357970605,-113.50716564400832,210,177.0
4122bbd5-1f4d-4fd1-8a69-f45412c8fcb9,40.939109046057055,-76.85402336417796,10,10.3
68b5aa00-7240-4cb9-8cb9-e19b3926ebb2,24.414695723196402,-77.64891585905394,212,197.6
5c7c49a2-93bc-4cac-8083-5bc6a27cc094,36.802326457482025,-96.30289394275526,381,370.3
0dbb9930-a066-4d16-a876-8a4b9c8282cf,29.66239437994845,-107.39141099228213,571,596.2
e6c78ffa-b2ae-4d54-a6fc-59bfc9320685,40.12931976023624,-87.35252917800932,1184,1377.6
a0aa0fea-20b6-4053-9dc3-dbb079cde7f1,28.359160725124788,-107.99902398913322,66,64.9
600eca7c-33e1-4dde-aa30-463f7308c799,41.27344345256165,-111.075532110901,171,204.4
537ffb9e-2394-445a-98e9-1cdf348b94d7,33.66838365751343,-81.89963541244673,120,124.5
2b4e0a14-5c08-42a0-a46f-71f71a390a07,47.418249718418366,-122.6208108564639,166,143.5
f7b07a21-f299-434e-bed1-ed38a5ad8bf8,27.43802360364983,-119.40866020895896,34,29.8
38888519-3c87-45cf-8825-dc7e0daa8e3e,32.52665877625646,-124.5994977326082,388,421.5
7678ade3-787e-4b1b-8f98-f35d7b9b029f,26.83683803101473,-115.97635199794986,481,394.5
02eb7ee3-8e81-4970-908e-11553e2e1132,47.11734045696407,-120.92958948608289,119,118.1
85efb67b-1230-4b93-8915-6333a70d8611,45.93348383452452,-66.2476603009848,66,56.7
474c6565-790c-43d0-a73f-0f41eecd8388,30.44854069287889,-107.96021177270872,30,29.2
5a2dca32-7247-4277-a789-88fb197fc2f0,40.499601150854474,-116.1931872525144,230,253.0
0a3c9e6a-c60e-4cf3-b0de-7f2165d42b4b,44.4305550050304,-110.78122077824084,75,73.8
43e7ba6b-3368-44f9-b521-acb5b8e5c533,37.88002028998656,-69.76859127913205,481,416.2
151a0661-6d9b-4509-bb01-64d6fb232972,37.24126445890016,-94.31054684156065,222,200.0
fc893c40-3190-4acb-9fbf-15b4ff407210,30.046307272511292,-103.47573231783645,208,197.0
189293da-c057-42d1-bb14-ebed57864e54,26.32756919514748,-73.46990398335606,164,135.8
0ffc8b1e-68e0-4600-9c5d-907da31179da,46.43039394883317,-101.69557403760709,9,9.3
fad51800-ba55-4a2e-8c24-41475aa1c77a,46.51045142908326,-105.23449437249594,537,560.1
7d15b089-85bd-470d-895c-35079a773f87,39.827536431831696,-112.7703311695656,198,163.3
b35d9464-0fdd-4e2c-8622-45d5143ae9b6,32.47574477621752,-102.70998738934472,1025,984.9
2628670e-09c6-4cbd-8597-8635a7b1a5f7,32.73023936531652,-106.31562299500136,154,148.7
fd29f819-4956-408e-9d70-108a7b75968c,42.14889197175599,-85.03906640140968,248,231.5
0c60cd5a-f8d2-4e6a-acba-4d3df92bb8ce,46.42775649881443,-107.9146204244271,12,12.3
2d5956df-f9d2-4511-9fe5-6e432b3d4dc0,46.177160606627936,-90.94521496106887,200,187.7
eb51d06b-bd51-4d27-bfe8-e839ee3b8966,43.496888646440595,-121.11236226311361,289,279.3
421d1bef-fe84-467a-b96e-5c5ac8dd26d1,40.05079115385719,-113.71393975490565,301,336.8
897d0dbc-adf4-4bcb-8093-e820cb51fa69,26.103499124876222,-100.96308897493043,294,254.3
778a9e14-c6c7-40e6-9f1c-5840492adcd3,28.040717852365344,-69.71999401938697,51,53.4
015ca608-ddd7-4f63-a0c5-56aa8e2bdc16,46.463854713176985,-102.74213284277397,741,742.7
4a2c98b6-fde3-4b09-9813-6569af54359f,39.16072649148975,-85.81962684920978,1067,983.8
eab05618-5167-4606-b9ec-eef97c869d46,24.22992629041574,-109.94985387713751,16,17.5
e833e658-cfb8-42d4-8bb4-f00d4fa1dec9,26.536788571650803,-117.50501901757933,551,562.3
8167425c-b718-4ad6-90c0-6cd6daa6b99c,40.5875442277014,-121.54634059527704,68,67.4
25070cf7-d74c-45d9-b34c-afa9fcee2d9b,24.126539596155467,-106.98060358597768,234,249.7
30f0dc32-b19b-45bf-8315-2af3679acf9b,28.020201285437466,-115.69799941898243,83,93.0
14734486-cd0a-4d3c-8e56-3432689072d0,37.71834473416465,-114.73338356704868,687,816.9
9cb2276b-6307-463d-9662-8826f4e42b8f,41.297379942317335,-80.11520080516995,21,22.1
e9cbf59a-e51b-4370-9323-92dedcac4b1a,40.29903148756502,-124.06555381425243,138,158.7
ca268f15-b591-4006-bab2-d9646b505704,29.606732736513994,-92.08920258160937,112,89.6
f7ce57d4-e3ae-43cf-97e7-49a8ad07e1d4,41.8044805336884,-102.61177854498558,79,80.0
0fbbcb73-77fd-4b52-89a1-50c827b19406,29.931227187420003,-95.11355000539572,207,183.4
619873a3-c022-4e6c-ab97-99d0141858ba,32.134992453981695,-91.79301600433843,28,23.5
069fbab2-0722-47c1-8f75-8be0d61ab5f8,42.662285127950604,-106.5113060270206,1227,1242.7
0a632070-c326-4b56-8370-fd102c2ecc71,40.24082247618037,-107.58857724912717,788,865.8
8b750fbc-e4d2-491b-a9e2-3fdd1b8f2a0e,45.23058526235445,-81.72929088924056,326,314.6
895aa0b3-4d70-4504-be2e-0f90938de2c9,40.44032230750858,-73.59465770085173,393,419.7
26b108b7-7f02-47be-af56-fd571a518e83,38.20771508338679,-113.63768368494685,89,88.6
ecf96ca4-6383-40cb-9b2d-d44db0905dd8,26.341869195702312,-119.24049312842621,79,77.0
6f78ebb5-a976-4ced-ab07-f0a5e7b26c41,33.19289507648584,-72.03004742287047,146,133.8
9c77f6ee-fdfe-41d0-bd0c-0c2471e8d083,30.630059192043134,-104.35616764480348,9,8.6
001ac449-0cff-4e93-a02e-f053012ef37a,30.09974108447709,-92.47227395089396,581,546.1
57d0ce01-f5de-4485-a4cd-a7fc61656031,48.325263868811135,-103.7869544733198,31,32.8
16675a63-6567-4a74-8c8c-d4f39ea8ab67,33.82744311666901,-117.57766215558297,467,395.3
5cb47e8a-6549-4149-a6aa-976650aeb2e4,46.30116387942783,-90.22943294808405,17,14.2
8b2c229e-4579-4f22-9b8c-42e11707c0ea,39.778465649931576,-94.01668974559185,346,368.1
b681468c-0fd7-4ecb-9e65-24cdf0b33c15,43.870282588541215,-113.02338000771937,33,33.6
735f0a20-2008-42ea-adda-c5b347721f55,36.5659273276298,-98.3397263655156,8,7.8
8d50a9aa-2c43-4b6a-90aa-3ee7626a40ca,38.422597115658974,-77.98009726307689,254,218.7
47c26317-628a-41ef-a257-093a3e4d339f,36.3129423454716,-90.16485991663441,66,63.7
146c1a1b-6d23-4907-bd55-6c613bf1bae3,28.881074694951113,-119.2818777030473,251,280.1
5809d348-8b63-4044-8b9e-00d6de25a809,42.06130288153763,-92.66673166348103,162,187.2
67b18bf5-9a35-4616-acd2-cb0d88f240a4,31.019309061021396,-83.53844034191437,23,24.9
8d637491-c08b-4b95-9930-52195363c239,24.607899160786346,-78.23049905893566,538,443.3
fb8e32e0-0136-4a61-b479-cf01c6bad5a5,40.13680739767919,-87.88206286057826,120,128.2
122e0122-17cf-42b4-8a7c-04e877f3dc67,28.427766985176223,-115.99316829209376,265,237.5
f9739ab4-9216-4832-86b4-3e760cb29e89,47.51146460882286,-83.09977727118053,139,128.7
f61348c1-1e1e-41d4-804e-0ad000f9af53,47.84821442506468,-85.03683108119054,185,162.5
0017addb-4886-4a68-93b5-1e6bc2ac0ca4,46.871609755511216,-123.55881390650264,72,79.9
524cf0be-5b30-4890-a0e6-6f08b0ba098d,33.25396750638611,-100.70688761217565,45,47.7
ae891b30-37ca-4bd0-8b85-86014673d18b,24.386415413221684,-105.35593542921998,156,163.0
d4898809-40ee-4263-afe3-ae9343a13227,47.20796406469313,-85.50468820903504,116,123.8
b9ad484c-ee4f-492d-a617-91e0f6bc1b75,34.70460370793286,-112.24798707365568,99,88.6
6befe100-4c6a-427e-8697-782b9f0c6344,48.16637047609174,-90.13855654451875,223,218.1
0cd61644-4234-4397-9fad-b0128979ed99,48.09049942723132,-71.12084825296384,235,247.5
0bad384b-d346-4c88-bbe6-5f816315490e,45.325236386684,-77.92966003969215,9,9.5
512caee9-af28-4278-9dee-1faba3719400,31.36122230173964,-70.6339935632247,83,92.7
c0c7376b-5afb-4559-b025-1c88ea7dc9c5,33.62744321504813,-67.2681479509713,106,97.0
fc3f347b-f351-4c9c-88f7-39cf4766d7f6,45.27841678792142,-124.3704625066364,20,22.2
789c6fc0-f93a-4bf1-9c7d-88299d24cd27,31.923050128906944,-88.25826469372882,54,52.7
6ae095f3-8500-4a7a-bd21-f1d59dc11cd7,28.237318667152312,-100.64247553222452,11,11.7
2560eb70-163a-483f-83af-10f30e05c689,37.92003156145876,-74.26858507022781,1117,1097.2
4d1f5dbf-bda2-4485-b163-64ffe236ae65,47.40386935401952,-110.14293258146122,267,314.9
927d15ae-a7ce-4ffe-9ed9-ac3b928f4291,41.400744916874324,-67.1192601422105,18,15.7
5459e853-71bb-4e8f-be4e-a949479ca59a,38.25152925223412,-88.79122979691891,4,4.3
984e4057-fad1-4b2e-b3d7-ed8e6d071ce6,26.429412344269213,-78.18129326849898,254,261.8
0b70e1d7-72bd-4e69-ac70-4ca1886f0fe3,39.37518066747924,-119.94962638345667,116,100.8
4c7fdbc5-0086-4a82-9198-f964f0d2dcc1,48.75134625260658,-114.17598479922697,309,255.4
dc08052b-ecb1-46fe-a4cd-df883df2ce80,27.5021003809131,-80.25418329098201,514,575.5
e0d0e330-eeb9-45f3-bf2d-13a257ceeca4,36.95824130909342,-123.70279519967991,183,157.9
f4665358-f248-496b-8ddd-968bc6ecf9d0,45.93432679819888,-76.80419883226682,41,35.9
60e94e53-3b5a-4df5-8a94-c253f8703938,42.51921544385511,-124.17700789717722,305,363.4
3bb63774-928c-4aac-b715-5bdee1d9d659,41.4253935248817,-86.22998849538487,624,678.2
10c45a45-671f-4c4d-bfbe-f2ba8683a44c,41.56210209967773,-103.45945870632346,174,156.6
4ddb2ce2-2b39-41be-b588-ce147aed4120,32.98727878049388,-88.92180368956724,229,237.3
fe69c687-5d13-412b-bad9-0be5b10366b2,31.339796106612333,-83.9341469876423,82,83.1
16e50be2-ba2e-4e88-b676-80c63f033206,44.23402888696284,-104.79396206800806,96,109.2
60b8afa1-9743-4f02-852b-0839b8459d00,44.25283486697952,-118.6302155614607,265,289.3
1f5b8c8c-4e5f-4fe1-a4d3-82742645b33a,45.67680796450259,-120.89089380285233,526,595.8
5de6f16e-4daf-4f4a-a77b-b80338c71b4e,46.83101381391178,-90.25277466880968,198,175.2
b21c1737-330d-451b-9ff4-8e49c3b6fbc1,36.783559971523445,-94.28133412968742,312,329.5
4b36838f-9638-43c2-a97f-e3aad4d386ea,36.53790736717999,-81.21014046185317,38,31.0
ea14a023-532b-4f62-b49f-3f8e4d4880b3,43.95737947416938,-94.92560490976771,48,39.7
c7a43b5d-e726-4e3a-aaf6-c60de9501e9f,40.24909826944413,-100.07569838817813,152,165.0
9f5d2b2b-6427-4c1e-ae23-76f5df391597,41.54917193144259,-101.51285648406238,39,31.6
e6bee918-d71b-4db5-9a1b-3928bc971934,43.89481673590252,-123.43963274673762,202,208.4
0435e6d9-18cc-4556-98b3-d9bef0809d43,46.250133545439155,-105.20212509989723,69,78.4
33071920-a1a7-4996-9ce0-bfa87749b710,32.449878921288395,-67.41481070605485,314,298.9
3523646d-8cd3-4108-b470-6209eced6a8b,33.3895738159986,-73.46022100260177,1476,1207.3
feebef12-379b-40f4-9ec9-b98f615567fd,26.349548496021725,-105.56669404498116,125,135.7
84754476-3b78-45c5-b357-3b79e0337c19,38.45700352490435,-90.32007110108404,40,46.9
c6d1d825-5d28-40de-8701-7d6718ca1e3b,24.898556844918552,-75.00949201340586,208,226.1
da3fca28-f676-4064-ace3-c977b05bb5e5,35.639950453311506,-98.96481413174595,986,1016.9
9a1bf593-5f71-44ed-a07c-532907193705,37.56611586768942,-123.9404860387411,195,173.9
60788a8a-e18f-433c-86fd-5fa04fff375b,31.163531303207108,-120.60388275270023,7,5.6
41951288-07f3-46c8-929d-cb0f84288001,38.770831514225264,-94.88682944042631,3,3.2
ca618613-4a03-4eeb-be94-d8a208e0de72,24.762506248476235,-67.80307683512318,77,68.7
04949c34-1ace-4456-a756-8ae69f9519b5,24.93370471873036,-84.1006370090868,44,50.3
cb4536a2-3c6b-42fe-8513-8a2c63c14f4e,44.56501401649146,-120.8159447051244,335,330.5
aea5e258-de0d-46b0-98af-18bde3661251,33.00476603528157,-113.8277083282801,373,377.6
1f26ea6c-acd1-4a0b-9c5b-1085c2efa572,27.17651281629712,-79.49193455020585,60,66.1
19cf0b28-2408-4722-817f-f8107dcf9ded,37.05608150137011,-75.35505416258155,79,87.8
be330860-1f50-48c0-a721-a6cf5c299af5,43.24983882746527,-88.55601941487313,54,57.1
1add5b62-b0f7-4040-aed7-8756b1a6a72a,29.395525687421078,-86.97903299184082,478,561.8
3b3c440a-44e4-4b29-8841-03a88c61f024,39.57226189547501,-123.3280904273803,140,167.0
6d583e52-50dc-4e70-8a83-939a98c304a5,26.1336866248442,-76.116714684691,214,252.3
3e1e1470-fbcb-45bc-b938-e4801b443124,25.292043029215193,-78.49176271792105,107,120.9
6562100e-45aa-434b-b7a2-61704e7ec4bf,37.2838657892037,-109.71692649790252,199,215.4
f97b972f-ce4a-43be-8402-23ffc3135fb1,37.51587804025266,-83.1880735220351,98,104.4
6ceb0b2d-d592-46cf-a826-2676af7456af,39.935747537455164,-112.32357822092511,83,69.8
a6ab3876-a8f6-4040-a763-f05178b07f92,42.15228334306654,-122.62052049796074,201,182.6
8285a008-66e2-486d-a155-53112a597b65,48.396301986563365,-113.13294398716774,179,143.6
363143ba-3e44-4168-9490-6ca3dbd84452,36.907508707529885,-114.46089627149632,69,59.0
ef78dd60-104b-4a87-937b-abcf7060c87a,32.07391182353115,-105.07286819264401,32,31.2
4570cc0f-7a5a-43e3-8f1d-2c8ad8303796,43.87965486921759,-100.31147966664797,92,79.0
7cbb29b9-2e5b-4797-8214-8672ce36d058,30.770806281551856,-94.99620540163524,107,124.2
81323629-6bab-4ded-acf2-5bc818a85d2c,34.9742855176409,-96.87152134500863,198,222.2
ed98d8fd-7411-4770-85f3-97f9c40e9075,25.961409533556647,-109.03019824804792,492,407.7
b73737ff-7b76-4c3e-8396-241524dff182,24.633768585386438,-123.2789305541296,7,6.3
497ba5f7-0de4-452e-a9f1-51f2c9a921c0,48.06621036694813,-89.2990042880081,56,63.1
aebc498f-4655-48a5-be5d-8f0c07981776,44.89950301280514,-101.6510550390061,43,48.2
9b70df51-ccb9-407a-a98b-6960831feab6,41.39935515234245,-107.37834271413456,140,164.9
c4b25ea5-6160-45dd-ba27-52893d295c5a,34.223823610356746,-73.85047847299978,112,134.3
6cd87cf6-a0fa-456f-9875-c10643aaa134,28.332358001771144,-80.94214483990856,261,310.7
5e41a792-2da9-4cf9-a4aa-43487cb71cb4,27.91092606677715,-74.3918326460259,56,54.0
6719baef-b2d7-4e1e-a416-064cbc88938f,30.256072454114882,-95.7960151119648,181,162.9
0e38305f-1ec0-465f-90ba-ca28f8e4027d,37.730666617653014,-117.27505612452013,431,475.5
ac33b29a-e162-47b9-b85f-598768f48c82,41.86489806750156,-83.92293526884492,483,444.2
880ed826-fb5c-46d1-8052-c4597dc840a8,40.50493441794328,-112.84164698370665,638,716.2
2e0da925-440f-42b3-8740-14caddfdc010,30.99834742364857,-98.96744952358871,297,301.0
02e198e6-f5a4-4ecb-acd9-aa00df64bee4,47.87163201657985,-121.16495345201558,473,528.6
3ebecb9d-d519-4b4f-9bcc-77737ea966c1,42.44742291739421,-76.30680425704404,53,48.2
4d6432f4-9ed1-4d61-911c-fcb1f4a92702,37.85885131278502,-117.56950217819747,44,44.1
8087be4a-f174-4e35-b633-0e9eb5607eb7,39.2930186558588,-71.71724708409073,1,1.0
3344f9bd-eb52-4295-a4f0-673b0575281f,34.49000156069475,-74.01039446656813,245,288.4
ebdd5e58-2b73-48b7-97c0-25c676e0df23,30.193274737528938,-97.58961689808449,554,502.3
fb228ada-e6ac-440d-9595-4c1154b22f24,32.89931696628154,-81.08227594606456,41,48.2
9e407a35-9aaa-42da-a0df-64d2697a53e2,42.94615276160923,-88.45274064472895,203,227.8
23cd9deb-8ecd-4680-abd0-4fdd8d2fdd9c,24.359837215743898,-77.61853710207305,274,299.3
4fb6baeb-f307-4d9c-8e54-08f08c285d65,26.901816012672906,-99.52349905363118,525,585.2
abea33fc-5fb4-40a5-a334-94ce78188fd9,25.15006605054382,-78.63729942958335,208,216.8
8b39bd33-1573-409a-9156-a7d2ec1b3552,25.018220057974254,-97.71504779315627,703,631.0
863bce29-2c06-457d-996b-fcd7920b6044,45.38651460027518,-69.48301851727516,85,74.4
57fa3f71-efaa-4854-85e5-c19c527ffd98,41.591446484500594,-96.30404605131629,86,98.6
0c9fb77b-29ae-4179-9d15-836f4adcb48c,35.85434572718313,-97.70546295590995,157,171.1
952dbc74-f421-47a1-9014-417c9c82aeed,26.445854016275035,-78.68076016775275,97,85.9
e9f417fe-49ef-402a-9232-17e967fe0b84,36.29039687792081,-76.52691618611055,0,0.0
7865ef72-d99f-4e15-89df-995da1727713,35.836794269514144,-92.28514225505093,263,257.5
04ec07f4-471b-44a1-b892-6a9b7ecdac54,28.33004674775038,-114.39192900379055,279,240.9
de646ae0-9527-444a-9791-98d6ee4404c1,34.846291230949326,-97.40226437350282,275,278.5
1535dabb-2061-43b1-b310-aecf18c42616,33.96261835993434,-67.88372232832897,85,77.6
6e80802b-9c50-4fda-b574-18dc1cee5f22,39.396252451305415,-80.57381461068807,148,124.1
b068846c-746c-47b4-bae1-7709a34e5267,39.877341271691094,-77.14140637113121,89,87.8
416968fc-3b33-4ea1-b559-93ea10f74a9e,25.132600244301113,-123.06329556966483,3,3.1
38c0e6c8-837d-4d1e-b730-bbb8b75f3f4f,33.36531536566178,-97.39629170458457,165,135.1
68c2935d-2417-4d18-a086-14cbe3a8cff2,39.64649789285591,-86.84935311420423,26,25.0
fcc48ef9-1b7d-4704-bd81-9a79929a7ba2,36.578406464502194,-76.0280716659436,17,15.4
f60746d8-b926-4f07-a1c8-1b60c93d629c,45.41224602970806,-122.09285443861648,282,229.1
502fcde9-f785-4915-97fc-692ab4ead484,40.46734079047363,-74.70610574712948,2,1.7
eda0234a-134b-4b4a-920e-7d3424cfd139,28.073360677035744,-92.64434473222721,639,546.7
bcbaed74-cd07-45f2-8b6d-e8c39beb31a5,25.764218685010746,-113.35847573601247,145,126.6
c7e516c2-8f23-4dca-b296-7b326a50964c,40.06048195515789,-106.2819422294677,815,913.9
3eeeb6b5-24be-49ce-afd6-e3d01c1700ca,24.662782763540545,-108.36615644665791,12,11.7
6c2f02dc-3e72-4f8c-a9e9-a26e7cc812fb,38.64438953183658,-93.67931697697992,175,150.3
3c147524-e82e-4d5f-b18a-16301330ac9f,47.50575603562394,-121.95054488524322,86,72.3
f0ee54bd-de8b-477b-b605-a4d44de900c1,38.386854446896976,-115.64636664850451,371,341.0
acae7e9c-1ac4-435f-b4a6-7518942af56a,33.70424815516305,-77.05111044082884,90,100.7
1c19526e-66db-438c-b8b6-1af6504d5fb3,40.082205461058834,-117.17636454593814,60,56.7
a74cb785-c95c-47a5-b081-35a3c97911c2,35.45632226228791,-111.22962010197051,390,336.9
15485c85-84e2-45a9-9946-4ad185d1baa2,37.64041973289837,-98.25113426935472,94,90.4
3bcb2d72-0937-4f9e-ac4e-f5467fcc392c,47.53662021941313,-94.4898676013135,3,3.1
ed2ef3af-5f33-4539-9793-a31d7819f36b,33.652565945019354,-79.94698170276465,99,80.4
28fe8468-626b-4b61-8624-e7763825418d,48.029764095597855,-98.60738682669492,213,223.9
17026c85-b1ea-4110-919d-7ba232025760,46.63376604890159,-78.39798735890321,59,56.5
a3b5d916-cbf8-4adc-9341-be82629e91f5,28.89477836973241,-88.51756788431801,113,90.8
f5a9380e-4436-4e91-9c1f-3c43a180b3fa,25.734032521879136,-118.32711537399447,12,12.8
1f65efbb-6839-4146-854f-d0f313fbc445,26.519450034435668,-115.77644513482252,177,192.0
281e1b55-7c36-43b1-b111-59185f9df3a6,24.455545641288744,-99.21501019846352,282,296.5
53334f55-f131-46ac-a73f-592239d0ad6a,26.36107401889821,-101.58352580774667,107,100.2
9f7e190a-cd29-41bd-90d7-d30231f0d3bb,41.07516933540892,-81.13088809139961,109,110.3
dc0a9e2e-95f3-45d9-afb3-a8c728991e56,25.779716211505725,-90.73650875195624,18,17.2
a5cc86a7-3ff9-49e4-ad57-bf397397feb6,31.974390757344032,-102.10014822086728,45,48.6
093f7ed1-dd36-4a75-8110-c01b2dceef11,45.12188277423637,-114.92514327642725,34,35.1
941a6103-4433-4d17-b7ab-7e8d2d08fc71,24.581798393395648,-111.61661096279579,131,109.1
9ef57581-2b96-4f52-9420-908e9e00cf98,44.36171206472339,-91.04543991032551,151,159.6
d459e446-ed66-48fe-a6e9-538a4011349f,31.046369369334997,-100.01711051091225,595,639.6
5aeab8fb-9e6d-4609-ba4c-075b4cc24c36,26.954120690541405,-94.61927697722035,15,14.2
691aeae2-5fb0-47f9-84fb-aea501a9828e,41.41842913410377,-114.93003131716821,183,210.5
3fc31d38-220d-43d7-901c-7f03a1379d6c,39.7235711694971,-85.88853111167062,150,170.6
3032259d-41c5-49bf-a3b4-7d34bf094e9b,45.936800338176326,-74.70021428949795,145,126.2
3874152a-55ea-4c00-9e40-a614fe813dc7,42.37677609509714,-109.78156909957286,413,479.8
50e7835a-d8de-4805-9b2b-d474dbc1e432,44.08702325962122,-96.00066067592223,46,44.9
706210b7-d0de-4313-8b20-09e2b29fa76a,31.050864314282663,-67.4438875877668,8,8.7
28bed312-f792-455c-8cf6-1f189bcb4100,28.43598859449307,-105.33873730750707,223,251.0
a4d3ccfd-071e-491e-a1ba-3739dc462fdc,42.76536879102146,-89.89226564949809,85,85.2
2d3866f3-585f-4022-a78c-06592c29c0fe,44.1708684816816,-119.67845368818558,4,3.8
5b307b27-d1a6-48eb-827f-477407efc264,48.76262855001683,-89.24511485371286,58,67.6
6c3fc0f0-b77b-401a-b7b7-9aa504593ae0,34.315441922785666,-119.71172537502754,74,66.0
5f8eac83-2e66-4c4a-91a7-584e8f909f71,33.30045214481958,-68.40510931589449,192,173.3
1cb48bfe-2d14-47b8-b5a4-5a44ff92bd24,43.41032401854992,-82.77590352773362,38,35.9
7ff4f44d-4385-4d82-8fce-6ccde4b182c9,32.52008850632545,-78.49857249999332,107,122.4
f5667e7d-feae-4d00-ad4c-859c51f6edc1,47.26893314008912,-83.45784271447343,132,155.2
013591a5-b987-41d6-9664-7269e72a6ab0,45.4603187960753,-90.20598687148852,123,109.2
128967ae-aff9-4cf3-af57-d49afb311347,34.72485068437546,-98.45514591595519,729,835.1
3abf397b-84d5-46db-9b23-cf7bc8852ffa,42.771776694787434,-74.35597059409731,9,8.1
9e807301-cd2c-429e-8cc0-da427cb8e43a,42.86357185211706,-68.54669561495928,603,716.5
b0f9a240-9323-4aec-a92a-f0fcb4041b3b,26.578096720898316,-95.5568657986592,174,180.8
3b78e4b4-11b0-40b0-a63a-84994f6aacdc,46.56382266698917,-70.03943209983954,318,255.3
11c201ec-384d-473a-9c92-97a440983456,36.63130931119643,-90.58335831067747,113,91.9
5875f0da-dc9f-4151-84d7-de5f5856af3e,44.66143665269354,-93.23533297311045,121,103.9
8ac449bd-02f1-4254-9595-819d78d5c430,32.00124002576529,-98.18551875563395,423,370.1
b256c751-b9be-4f0a-b838-600827b635ed,46.388080712405014,-112.65202206972293,453,501.5
a38b4705-477a-4683-8409-0a10c2ae7e94,33.73004196835408,-124.7805400117345,55,48.9
c52be7be-7e26-4696-96da-e57c71e7f8ff,24.27094128700746,-110.75113261549238,44,52.3
1769abec-78e0-452c-ad82-9ce134627215,46.63454941048159,-94.92633287538965,137,144.5
3b1e318a-2b3f-49c8-ad6e-52ab3ce49dae,26.28216691965334,-102.5823628166746,461,496.5
0fa7fe74-49a6-4adc-a321-d01dc14382ac,31.982840939760372,-98.53937154784461,78,69.2
0b635487-6788-4e8b-9a5e-212b261546fc,47.751549176270125,-67.14175504572108,211,244.1
319c20d2-394c-4219-9fe2-0862931edaa7,47.7651786734389,-104.33393013050967,246,262.5
83dc9f49-3ac7-475e-83b4-6030c699e224,38.335947203082156,-98.32120657775363,302,346.0
86894b2f-912c-49c7-a34e-fb9730a37970,39.79593030424498,-117.12258247018364,166,196.3
dd05fc5e-3534-488a-9b78-92891f6bf061,35.21113804945799,-122.17049378621773,103,87.6
f783dcc3-0345-4812-966a-812a6f098d70,31.330269292451614,-79.25083863904283,682,571.9
13e6dbfa-8c63-40da-bc49-3a618aa3a12f,32.2166136342479,-91.32969267075326,189,211.9
d3d6d227-75e4-4886-885d-4ef40208db13,40.81296140192596,-80.1184164434102,261,299.2
7600c579-8cd0-45ed-8ea0-0072c161c5d6,42.809363235942,-116.15809486569346,85,87.8
dbefd2c7-cfdb-4eaf-aa9d-b4371834fdde,43.78947609314621,-91.26210250022123,222,210.1
84d4e49c-8d16-4728-809d-e43e8698fcf3,43.740453569863845,-110.03509401385884,60,63.7
c954d750-c5f9-466b-b998-063a4048f58a,26.280152576217258,-111.54435280289883,56,51.6
c6d04065-7936-42df-8e4d-754a33cdaff0,36.36050761756454,-124.31996517087387,251,224.7
06860bb5-d56f-4d8a-94eb-3aa227d38078,25.438969000416108,-117.30989730942476,147,146.3
0583c0c8-0d88-4041-b6f5-e4213f5d57cc,37.738222058093385,-106.75318142151798,230,203.9
9975ef99-248c-427c-8e34-947bc2b37151,35.03826253433442,-118.1041531251346,63,62.6
94119745-518d-4400-8e2f-b4dc0087f461,46.19260456895749,-66.83435201575469,183,216.4
9668b5b1-bde7-41be-8fba-6aad831a9a54,32.77287531380197,-106.7906737370869,117,132.9
954a075d-c8fa-4f9e-81a7-887d1be6e256,26.926675410690148,-117.31088714456264,182,214.2
a0fcbaf0-5ea4-499a-95dc-83f401a65508,27.574792051320898,-113.25414354315049,69,77.5
dbc24464-3f3b-4268-9e14-10bc7865069d,43.03776579293681,-90.32550952785289,251,236.4
31369262-caba-4b3b-af98-9e479a31e2a0,39.45545158290653,-121.22143209197748,328,368.9
2c40cac8-e6a4-4d1d-87f4-a710cf7ea641,26.528066903069757,-74.11638632167174,60,70.1
2d2c5aa6-aab1-4a07-9bea-84e55c464791,26.102670152874936,-68.27151892500831,72,84.9
e498f2eb-952e-4b24-817e-12de55d113da,41.524228286478,-110.44190218062452,216,231.8
5d7f3b43-6ab3-4a2e-be0d-750cd0b10aa0,25.819075159104838,-98.4443791531393,1255,1110.1
f5052ee6-6c67-4c17-bb46-de5d0e75f102,44.546501482258904,-123.69406738925967,244,199.1
214b95ea-c31e-48b5-bbc6-0768f036dc00,41.65605567891241,-87.19809674109393,230,197.5
b4f6bf99-cfc8-448c-9f27-75cfd694672d,26.033719516047494,-100.57836257489726,100,118.6
38b38dfc-22d3-4747-b3f8-9d954adec5b7,26.120942852129797,-109.06655050000822,100,98.5
46de77c1-50ac-433a-aed5-425a47a8141e,48.66598946252938,-112.79661047362009,59,67.4
3c96fd15-08bb-40f1-b4d9-1e29d4557135,33.35676989390301,-86.41263841813313,34,33.5
37372d5b-703a-4362-a6fd-49f116ae18e4,33.26605367667227,-100.44319516909344,236,251.2
76205c84-0177-43e8-a09a-498c3e7128b1,44.31998918143756,-114.40010194723519,20,16.2
7ee5c714-728c-43b6-a269-7a1eacc29413,47.68121443459647,-84.34256419227738,555,499.5
cabf991a-5bb1-4c59-861e-565f4337dae7,48.650026595571774,-91.66073530083507,351,342.1
3dc304aa-bf73-479c-b943-6082ade8151b,42.83445463147354,-74.33834875915973,390,410.4
a4ea988a-6bd9-4be4-b221-6b37cdf9bb4b,33.406489638272895,-118.06892196628692,474,411.7
8b8e4789-032a-4423-b3a2-748c5d0b0df7,26.08751791746672,-78.6456704852771,105,116.1
f3fc9ada-5953-4fe2-a335-32781c117dfa,43.42867289818592,-85.26250957778171,375,354.7
83682904-0f39-4407-85fe-8c673c15ca23,37.960106243395124,-118.21435472714222,34,38.3
6cf1cbec-4a95-4cbe-9016-a0404073a1f7,34.605550231174405,-84.00557693756848,4,3.4
f0153a8f-1d80-401c-baac-89bede1d9799,46.6588596273684,-98.94870995609,307,329.1
d741d0fc-64c0-41c5-b918-10cdbd728d5b,26.779937057653783,-69.24589765220526,16,14.7
ede908ab-fdf6-4ed8-b45c-c6dc59785d4f,36.31562760727148,-116.64493031354394,894,999.6
5f7be28c-3315-4987-9ea7-d2b4de231f06,24.283841119185478,-87.07282994187146,225,216.2
c80172f0-a83b-4e70-96b5-86ae5118a602,35.716516049853155,-102.46317731768619,280,298.5
e9dd6fd5-ed4c-4551-a8be-1ee25a002c24,25.407581892045933,-68.54793443513822,56,65.7
1e72e0b0-b887-42ae-aae1-4c136d6ac068,26.9704479067018,-105.53148117787369,224,181.0
f1758ee3-7126-4d81-9d02-ec27e6a00570,26.93815616942762,-68.23103133998379,9,7.2
5e9b43ee-4482-42d0-9b9a-e05ceacf314f,40.23025755290159,-71.81233478505581,364,403.4
a4bedfa8-df3c-4d96-964b-28da8300ccd5,42.65112198163558,-109.04738911667127,37,39.2
ceeb904e-1cf1-409c-9662-e68b7d00125b,38.584219127428995,-77.59103516724076,239,219.2
761842ad-7093-4eab-a9bc-5f5c75a01c06,48.05431371186354,-66.25935209359315,51,50.9
60766b96-9a22-4b98-895e-6bce45b7333c,33.3717644880926,-110.09288287189435,14,11.4
0d23a4d0-6f03-4efa-bd28-da72999fec9a,31.142802157046518,-99.23014700992414,131,114.9
179edb38-48d1-45cf-8299-fe0bcd06f123,45.71497820473651,-94.30933654256118,37,35.9
f4716a9c-b924-49c2-a2a7-78d4cf825368,29.589895962986315,-107.59906298757201,261,295.9
6da881c1-427e-41c8-9fd7-6b4b8310b3c3,48.08056348601528,-124.09937446088425,54,53.6
42bf36c3-b946-4e42-a985-ed0511dabb65,24.30386186724541,-112.01237459234592,84,86.9
c80aed7e-97e6-462e-bdd3-ede6a43a9935,48.246970667690974,-108.36572382383625,168,193.1
71bd3b97-7e5d-4453-8fdc-736e4c454f4a,25.0789977987644,-98.82761762222695,67,61.9
efb4965d-c998-420c-8e0c-f60e03c3fa80,46.27857784245178,-114.9049537736093,95,102.6
0c706125-c92d-4bcb-b27f-b4a889674073,37.1925277271575,-73.47799295519133,338,386.9
9e906ac0-78e2-4ba9-ab5a-e1238593ce5c,48.82411990298251,-83.41024316885117,39,34.4
c010812c-def0-413c-a9db-50ea84fe579f,25.84491411838497,-119.97317182397994,17,16.0
8ba20aa3-bf55-4a5e-8522-0013dfa6306b,37.84635711003302,-86.64454538274404,80,95.4
d54930b5-b67f-4f3b-b2bc-57f2888e0bc9,48.23256339047747,-86.43426789206839,110,131.3
2e90a6cc-62c6-4b59-b4fe-f13a6e483c57,37.077446104253724,-68.58295075502596,156,138.7
911f41dd-d777-4d98-b53f-1a68812cdcd9,39.73496595338156,-124.82176858998649,93,76.9
72d2621e-b594-43df-a87f-8fb813e451c2,41.39371722461543,-110.37198546145737,312,283.4
d110397a-333a-4ec7-9435-486131c3cbff,35.36352661919433,-70.26030271685639,8,7.7
684481af-9441-4c11-8418-cf9a5544628a,39.68895200210159,-70.00409899150131,113,110.3
b41c1748-fda0-4bc5-a97b-6363300666da,38.607857798077504,-82.4854012571324,96,100.6
096ecbff-8ec3-4e15-a074-06c8ebf11050,46.52895026227472,-79.81996405819514,209,242.4
932f7671-f370-4cb5-bc8e-8b7558de34a4,25.136159508536448,-119.60250548215082,678,632.0
e399a383-4750-4982-92d8-df3483f50bd1,31.024079739805757,-94.68132574808422,143,163.0
a1ad0c3e-ab48-431f-95f2-70390dd973dc,47.76028710191397,-111.33660351394903,867,726.0
7904774e-026e-478d-b43c-919684e974f8,46.25659459727291,-114.30813542679658,72,58.8
9fb67cca-71cc-4f92-8ed9-c4f47f48758a,35.39141881964282,-77.19210535172337,6,6.0
30d52e0a-fce2-4af4-a715-3cb2a0b17ef2,39.50331494503842,-117.0327499358477,36,29.7
1e132238-3294-421e-a857-8bd7f7a6c541,30.934529574528316,-97.34955341721327,101,96.7
c3763a81-6fbb-402d-83dd-b06d233250ca,28.703028993094033,-69.62388386442404,76,88.1
1bc10749-8318-4a10-8a9a-5dd5f3813598,35.592460123499556,-114.03590872164479,20,17.9
753afe1e-4bd0-4c35-ad08-2dddac34e242,32.83380570065132,-67.29838799944416,113,122.3
86366ba6-31df-4d42-9fa4-1e1a3cb50f31,38.5914027962718,-66.33700884009752,83,76.4
1bd9c665-3874-4eb1-a4b2-1162a0e72742,25.94336592412462,-92.21858787373823,26,21.3
888947b1-c739-438f-8624-10942eb2571d,48.35987019165417,-114.96157832954768,70,71.6
59d4b068-5234-4236-b592-43f2337cbc0e,48.65526861199007,-106.34981161148716,435,493.3
03c14bcd-b431-48e8-9fdc-73974e29d121,41.45404285049363,-99.95492287208442,72,69.4
d9456908-53e8-46aa-883c-39129fec2320,37.40240915860301,-106.74987076286484,250,261.7
2cc390bf-7a3f-4506-b3a1-0136cbb63444,31.738190407158193,-108.44250078728557,189,219.2
c8d40471-3c11-48d6-8bd7-0eef765b9f5c,44.344875492673715,-67.6384471562349,111,123.9
f8494c3d-db07-424b-99a9-e00bb4de6ae5,41.11827931384698,-115.951475182471,55,48.3
dd07b63f-1116-44ed-851c-8bd7dfb6bd24,28.065423483622283,-81.73365338570513,92,100.6
522352c7-92ed-409a-a6dc-d9e2b55f9379,46.77317961234606,-124.97579292308868,179,179.1
54194be0-c769-4425-a6d0-79a1a0b33bfe,44.56343107307923,-89.82522250525977,86,94.5
459878f0-fa61-4ddd-b174-d6b7b67f3bd3,47.7449978322981,-70.95936276671091,48,47.9
666aa499-3f86-49ae-9f55-1fccbf5e604a,42.142987709709004,-108.01188844850007,25,21.3
6304b412-7460-4372-a0b4-bf30a73c985b,39.33537989839475,-114.05396745979456,424,435.9
e4234af9-227d-457b-9249-ddc782740c22,34.45607590726547,-86.55089210217281,116,115.6
1fd2486f-6e24-4b51-82bc-aa616eaa6c40,47.31821208385033,-82.95651696939481,196,197.4
81d69ea8-80f3-43b2-83e9-1645efdf37ed,45.65159723751021,-84.4061993818331,135,155.5
f78d1b5d-a9b9-4347-8bda-47f548fc7702,25.130466752654733,-106.16030407873893,412,477.1
922bed7e-cfdb-456a-bcc2-3d27d4039063,24.6591743624313,-110.12005827259948,158,155.1
a6aae01b-c63a-4e3a-b719-5ab4923f6e86,33.41158417195124,-68.6007908022394,131,128.7
0669fcd3-b507-47b0-9260-8c89a91bcf80,44.26383326954583,-70.52532901207417,517,520.1
30a3864e-fae2-481b-aa85-e15dc26afec0,48.68190323287361,-98.0183200163236,254,256.0
290b02ae-7b83-4dfd-a458-8850c4463b02,27.760422277588205,-75.07456189689196,24,28.3
e77fc696-78b2-4aa5-aec6-91ffe6315880,38.853267883803376,-98.31291481957653,128,135.6
b8fc8178-a749-47da-998f-c1586b26dcd7,33.522271415775535,-99.96104793372189,309,281.5
5f93adfe-ed3a-4f9d-94d1-2754e7b926a1,48.24785994536508,-115.75098609164161,361,365.6
99d43c0a-0d64-4c08-bb87-d4c0c7889b26,45.05297307839272,-99.84204266697361,158,166.0
9205a78e-5c15-429a-8352-42a9bb266968,44.958217617778445,-93.29240062261138,162,171.1
fb7adce7-de15-4da8-8b22-87e7a1fd5bb4,35.71732899487426,-123.6722446817075,200,206.8
69dada74-cde4-4f27-a140-1272bdc51c63,34.37048755844163,-98.79733269465102,116,101.0
49ca48eb-6c74-4dd0-979e-f0f2b113138b,30.835176798267657,-78.89998311468318,228,185.5
0faf72e8-acb7-48ef-972a-733d982b5a8f,25.409387416273177,-84.87728267391807,23,21.5
2ca08fe3-2962-4f4a-93c1-71548320c947,45.61805940637633,-87.52573765702783,650,631.2
7c03f51f-7df6-4dee-8b35-d7673b1b476c,44.32252522825194,-71.33622972220505,277,228.4
90dad372-ec31-4282-9d24-2eb21697354b,48.992941832153264,-123.93611142031143,199,224.1
ea2b183e-450d-45d5-84de-83af2891f25d,48.91592092684763,-92.13419241465819,76,71.3
049dab73-668c-4ac8-a157-51e1b50e0f60,37.88579264006569,-78.54641794382728,35,40.8
a0f47023-148e-4fb3-b417-6429ee760103,43.22468537951276,-93.06121242062522,105,90.5
3cd7d29c-e6df-4260-971d-cb47e2c13a33,47.619143247060705,-105.89016239775762,217,178.5
df3a8116-d864-4f25-9d7d-ba57e4f7afb6,45.24118476693529,-116.96121665957331,201,199.6
25fb4006-d1bb-454c-b763-48da6381eb85,30.18370254357994,-72.63377876284471,96,84.1
d64932b6-85c2-4ade-8cae-10994fc55a5a,35.263603382752336,-97.22501884913143,190,223.2
93d54a60-9c98-4de5-812c-d05f07aa0970,27.228985378787375,-73.19120337784362,336,270.2
b96e2db8-e99c-4293-8495-56aae8c50fce,47.85127568146806,-90.43472477644306,5,4.8
547f7ae8-11b2-4346-81af-c0d159aef6f4,39.154365861272,-85.22266511971495,120,140.5
dadfe55a-8262-4b07-9a79-c75bd8c32339,29.71607013758657,-77.54859189167145,284,270.9
487074ac-54bf-46f1-8d5d-061fad5303b5,40.79251711014642,-86.10982286859206,158,132.3
c7658f1d-0040-4be4-8888-e34c23dfb452,39.45320601144739,-101.51476439994268,211,194.4
a1644f12-796e-4c63-a4e5-cbe4e7edec8c,32.95406795082101,-94.69563034820959,145,144.9
994768fa-925c-483a-8399-f7de0a5df524,26.838939804990726,-77.62031404412309,963,841.7
00676542-53e8-493b-a0dd-53a883aef61c,40.78932988981999,-102.95463251399393,11,10.9
24e03450-95af-4a8b-bf16-cbc1a21781d5,37.00769252259483,-102.10083405065868,135,153.2
e0843a72-f3cb-41b6-90a5-b489e2ef7d9e,43.30795979339098,-119.35428315257793,19,21.8
95cc1ba8-6d1f-4c4e-8a54-fdaf9369bbdd,37.00408752779983,-71.03951832191689,35,28.7
1b13384a-90b2-4157-8612-4f8f8d8c9246,45.3045375079635,-119.62885741821894,97,83.8
3cb4d7ca-eb4e-41dc-8433-d139eb7f1f11,37.79767096936214,-86.7556585305352,34,30.9
25910652-437a-4372-92f4-5be451707d85,38.023449288384654,-100.62152575063493,663,688.2
d41ea30e-2174-4632-b0bb-2361973011ef,45.91634006645863,-101.0684559749289,587,554.4
d2fc1296-1a1e-48e1-bcb2-a6bfa45007a0,34.08707165530993,-84.90644164221165,82,93.3
5469d644-6419-4132-8bc4-de4522650b2d,27.35038071126602,-121.04146977483715,204,221.7
8f50d04e-9e2d-41e2-8a90-f0d813bc95e3,24.719566907833475,-89.97135880586535,153,128.5
e895e3d9-a7b3-4e9e-85e7-73d156fed2a1,42.87843139184048,-79.45012462763107,338,354.8
43f9c119-9e08-4196-ad1e-dfb9d62a1065,39.507738783836615,-76.13544728469094,197,166.5
38d5376f-4de5-4a43-ac19-45e1cb8c5d7c,41.60199420248059,-114.93870702576726,0,0.0
98738f51-f710-4a0e-ace7-58cbe42e58e3,29.32410403772277,-72.05227604538774,288,250.9
b4a4f371-5235-4c49-bcab-321a3c74291d,27.409286889669243,-86.28738058100092,275,239.0
1289a993-970d-49ed-967b-f4822dc0e050,24.36361664169705,-72.97056675157972,143,149.7
ec5a44d4-2c07-4915-aad6-8ae2d1dae395,32.764688970164926,-96.3684376904983,466,477.9
4dede3b5-c562-4a39-9ea3-78d62d466eb0,38.74794217136583,-93.02003263926508,478,416.1
3f5bf095-ffdb-43f2-a47e-89aeed7298db,33.80610112749331,-70.7767416553084,148,177.0
7aff1fa0-f412-4230-920b-73baa3bf5bff,34.93687305059323,-71.90533694207437,187,181.2
4e235cd1-4121-4f1c-a1fd-3a7058b46f0e,46.60396736234371,-98.55850847122888,1132,949.6
b7911345-a40a-460b-a2f1-f935799755da,32.70638667558251,-108.80965473349478,71,60.2
39ca5ffd-807e-4034-9807-5e52f3650718,36.84973722899527,-101.80294436070841,78,80.6
3d08d8a8-e268-438d-a420-f76f78e0b390,43.591325318528575,-102.12190461674476,40,47.7
af46fe43-8f1b-4cca-b8fe-f7d8c18d2846,33.91356955803175,-108.07485437601515,452,465.0
c195d84c-2897-4673-bd7c-7cfa758a9a0d,39.552167505696836,-109.15380334435497,273,322.0
06d08030-194d-42e6-ad4a-645777cc5c72,45.55909271866863,-74.19728674769655,22,21.5
a6c08534-a406-49fd-b443-76c4e86ce212,47.738015591441055,-120.87814667960497,801,780.4
ae7a7436-2da1-4ff4-b0e4-f8e313d49cfc,27.67683702322595,-85.02094025612394,263,263.0
13c65920-5907-474c-b24d-46b133ee9296,47.16469062903736,-114.80361696406932,380,410.0
a349726d-560c-487e-a780-ee19da62383e,36.30290732698845,-104.67415228975027,10,9.5
38d62f12-fba2-41fb-a2c6-8e37acdb307b,30.45610970747396,-121.36896098604463,141,161.5
6ad24128-686a-4209-b38a-8ef0d6762b74,35.47839390595654,-109.07155542552773,634,514.6
e036cb76-2d08-4fc9-81f5-4ec7ef67826e,48.50081438213692,-79.66315680408272,157,153.2
fa50b942-1f89-4ad4-b03f-3a7f2c46d20c,36.31545234982174,-72.78409585171174,220,221.0
b4e5382a-298b-43f8-a5ab-3cdf62b89690,32.218790257187706,-111.92989803776034,341,355.6
4cefd8a5-ea78-4295-809f-7e1de2bccae9,39.835021357918144,-97.65067748372361,94,85.6
41bbd937-78d3-4923-96a9-da184cd6431a,30.003640469454826,-97.25088117170482,378,367.0
f6060c54-c477-4eb2-9027-d84ce0c57641,25.8965832027166,-73.45905696017567,36,35.8
e98f62ee-a229-447a-b35a-5de94d28a509,27.22199304776623,-79.99485588032748,63,67.7
baded36f-7992-4352-a877-16bd44fc26ff,27.20114597394431,-94.72844411628506,9,10.0
d0af1189-7b5b-4a2e-b347-119aa4fa8123,27.797567337807358,-85.42591517216536,91,99.7
3d8dbea4-1759-4964-bfb8-7f3e47b7bc5d,27.470679316235255,-75.00605181934736,96,89.9
41c5840c-35ca-4fdc-8351-e74832773436,40.02186862008037,-124.43720171249285,327,392.3
0669a79b-296c-40e2-8694-c4948b807236,28.54700210997862,-101.22948816804714,212,241.6
96bc6fec-4877-4f63-8dbd-188c4b7844a6,32.64168208309658,-71.47265313065236,115,104.0
768ee96b-5095-4e1e-9853-41f7614af96f,46.4197102476503,-81.32153118020688,211,185.3
7a7224f8-66a0-4d6b-9d77-77334a6704da,35.84904100657181,-92.9723589142896,11,10.2
c1a71c92-b933-47b7-8d01-de4b91f1f348,40.68894346302568,-93.75097290492712,40,39.2
765672eb-cd6a-4194-a487-d19c55a7a1fb,28.307996780040746,-104.48156424133816,197,224.6
1ba3022d-9e8d-47ae-a992-a6b6e205bb4c,28.80722547021677,-94.28928851515064,205,227.8
2c337353-8b47-4491-bfcd-8499943070dd,25.021715406661972,-86.33239123165626,298,339.9
5b998dc9-c066-4044-857f-44f6a67f7ec4,28.223376576804114,-100.31658073270121,103,93.6
2d803c53-fc32-4f6b-b078-893cbe399daf,30.964758475798966,-82.86496436286174,256,265.6
b6db1ab7-112c-4dc9-a43e-056b7ddd8d6a,28.42526210691867,-74.18729859163724,230,210.1
794d6d40-7fe3-4d37-a4e3-2a90e240ad4b,26.21756334392639,-115.87359395709319,662,558.5
e878fdd3-0d13-4a87-8b67-55443ae79fa4,27.01589677751502,-98.35872565377196,48,51.5
1d5b3c04-9fac-4fdb-8fda-8ade116e8e65,35.51946920081814,-100.92681461418022,160,137.2
f1827ebb-28e1-4582-8735-c56442dadca6,29.158342960144815,-84.43957656106605,184,196.3
22663f99-5a17-4179-80d9-c95f955df88d,33.10674652620189,-110.25781954978217,1321,1399.2
05f1dbee-e16d-477a-a524-c0aed7ad4017,36.58543177137142,-87.2251960178157,45,50.6
3b6b319c-777c-4cda-9cda-0877b82965ff,41.25987071573413,-73.2281347378422,148,126.7
dc555677-2c73-43da-9bc7-673aed2f21ff,24.982803496027472,-100.33023561217627,85,94.6
e31afb76-dc2f-4121-98c2-542a0c96231c,43.98525997272607,-71.25007370122601,149,178.8
c2df8d7e-99fd-4322-ab8d-bf70a7f01e7d,39.697509737272696,-66.40333940292477,53,60.4
3965b494-0963-4663-b4a0-a88eef629f1a,26.043975798721796,-118.74056905307083,10,11.0
344c8dbd-a105-48df-9181-4e26ed4ba78a,45.839465602669435,-111.24986190889334,170,181.0
047fab50-488c-4c76-a097-d635a55a7932,47.02181001329533,-68.9275946625565,82,79.4
d4e4986f-18f4-46d6-b46b-c9e25c2a75d2,25.526948996371594,-68.45866649759819,40,43.7
3a197ebf-2d3a-4b09-9b11-06ca3e7cb1ec,30.921941203680092,-119.23527075218125,78,85.0
e042bbff-e791-4903-bfcb-0022a5d25934,44.15503199482653,-124.11508847774894,10,10.5
63a2dc1e-7cbe-4ee1-982d-005d19c98482,42.70649225959146,-115.49509862787109,3237,3620.6
03343ea8-34c7-4ec3-87a8-d84ad571a7ac,28.613025483909432,-66.23524578044734,174,170.4
f2b9854d-8995-4e5f-adfd-dc4000aa6644,29.233733083417757,-114.38002261996948,1715,1455.2
308064f7-5630-40c8-b8ff-48953e71f2b5,33.26180256978455,-95.34969120340064,110,112.6
1583ea6a-7d70-4a5e-91af-0f493231ef38,36.11307462977553,-74.94335414059985,467,423.1
d01ee40a-13ad-4ba8-8a9d-8d0c1550ab45,39.4563692882574,-123.79630496939582,132,125.9
ff8cf9a6-381e-4be1-95b0-e16994b41726,33.22284098924431,-89.3351500467509,171,138.0
b1cd100e-a981-4693-b3bb-ffec3ae149e5,35.5633679033287,-108.65549851669216,135,128.7
ca767a25-3e36-4ca4-b9b2-0042b6c344dd,42.68677345334392,-74.12223993005583,264,296.6
8bf0e13f-0e25-442c-b213-6aca46c893cf,24.917080072264948,-108.27579219341933,167,169.9
90153838-445d-46f4-a59d-19ce6db86d2c,30.31092360860052,-84.48141250336738,63,50.6
af46f91c-9a71-431b-8e3a-05185797b736,41.83373964711381,-85.22104168560358,31,30.6
722b0cfa-51a1-489f-a8d4-18b5b9d1eacd,46.38017094217999,-111.93188061728124,186,170.5
04ff7163-8bc3-4c3a-a6b2-0f00521fd4f8,36.79193605289166,-122.94684720776735,134,132.8
3575eeef-02b1-4ef7-b0dc-3dc6ca486df2,37.30283713163289,-100.85427514666156,20,19.2
ce0343ef-f8a1-44ee-af9c-33b24db859eb,26.679300283494403,-107.93760403401369,101,118.5
ba136629-2469-45c8-b518-9a16c0f322d0,35.185309170586365,-77.27031277279119,145,118.4
d898886d-b8ad-494d-9c8f-1e759c9dee44,37.31543166137558,-77.77851288113463,351,376.8
a969a486-2500-4dba-b8bf-7c42f5c87565,30.06176259086824,-98.0355868206351,16,18.2
6273dd5d-518e-4bdc-9381-4a2ceb0a1caa,30.731080773734526,-89.21577870593009,86,101.8
e2efb836-366c-4463-b2ac-3f104a2c6046,33.43210407761556,-89.3486885567714,346,301.4
439c0013-35a9-4097-8fa3-e575ee33170f,24.501779944443157,-76.19766924277022,209,211.6
45fbdda6-1eda-4124-8679-45bf455191a8,32.05197913957946,-99.92485756673135,68,55.6
94acbc31-945d-4b43-b21b-03a4230b19c8,29.286200174913617,-108.74864589235996,373,372.9
ba24a74b-4348-4871-b576-bda457c82711,32.18743380444786,-109.3629398297077,136,115.6
fb23b038-0884-4cc3-b7a5-a2d384fc94d6,26.99405329548128,-93.36465552234995,138,156.7
2cb8ad6e-f43e-4714-a88a-59ef65a76baa,46.263182018497375,-98.50025603879946,751,635.0
9207cd35-4e59-4ba7-ad74-4cac5c5bb3d0,38.83981133885122,-99.03287451188876,588,591.1
4a628297-cf1f-435f-8f01-eca55f2e4e77,40.97755797861224,-119.62289699370727,89,89.8
5ac85d20-9541-40b4-95a0-212ecf0cc941,43.729280965183456,-82.60237929927845,30,35.7
6d278234-95b5-4cae-9c7e-2eae29cfc242,36.46105497322643,-112.38953540906726,79,83.9
58ea6dc5-751d-40e2-a2dc-51ce69aff7e4,26.17300720218559,-113.37973581768544,6,5.5
cdc952ca-6345-4573-bf44-9c2037f85f16,37.427663545463695,-100.64725910363379,4,3.6
c800fa94-f675-4df2-83e0-60d97ecc9bdd,38.671027950521975,-111.56107784454971,101,86.0
bccd67ed-4be1-4ace-bb11-40bf138834f9,42.63598685460825,-90.55236222882709,566,624.1
bcbac7b7-8958-4725-9fbd-ea35555bc4b1,34.791488655741986,-103.08366297926618,410,441.3
0fde6288-f727-48bd-b5db-580eb42db165,27.189507569889095,-98.51420836702539,143,149.3
ebb14b8a-5484-47ce-b26a-e8f6753a50ba,31.09439764496811,-93.3070100253623,167,136.3
82d141dd-93e6-41e9-9297-34e134a4c141,33.077057409965875,-112.99140417357351,1,1.1
82b9d44d-1638-43ba-bf84-2e3cda1611f8,40.147931033290035,-115.81065425093374,49,51.8
ace94759-e690-40c7-b830-0a545c1dc392,38.269457616722796,-73.05510773045731,5,5.9
8257d4c0-8b60-402e-9a69-5a5c5fe24000,32.902418147446156,-99.41030153294616,281,290.8
f6d14e2b-9f0c-4ea3-b5e2-b49810815d9d,48.66288121982449,-100.6864770316802,31,28.6
aab5f695-fae6-48ce-9f53-d1e2de23984a,39.14437048392218,-122.89888313390236,407,387.7
82c629d8-fe0d-46b9-9ade-9cbf2be0f663,29.93066979339986,-95.6193981473438,206,179.3
6fb7b44a-60f2-4bd8-b32c-9235765b6b6e,26.544561815510093,-92.30398642495099,52,56.6
690f9cb3-f6c6-4c94-a08a-6427cb277209,27.821478479608302,-92.02838861367468,34,36.8
a85bf194-37a4-47ee-8dd9-2a91331b33b7,30.148943209612703,-83.28516100994983,198,174.3
2867f4df-9774-43d8-922d-c10bb26656e4,28.017034331488894,-114.5285717355303,462,398.9
1bf9d6ea-6ea0-4ed3-99e0-2abee605589a,28.664175601282643,-110.1188350803935,253,210.2
8476e1df-2d3e-4ed4-ba61-41b322e3bed2,31.127379217346178,-77.16690255140566,86,100.2
8f80c9d8-4077-4885-b88a-93397bde3a9f,28.33433988236887,-69.11693360623975,738,659.2
39b438ec-6615-4af5-83f4-b749878e00a9,46.41913561566063,-116.97996790532808,74,69.4
a380455a-9286-46e4-8482-24d19c80c9e3,26.005843641541055,-95.63867628419213,1414,1289.9
2caf9ace-b089-4b0b-8d58-6366020fa0ef,37.11278473925637,-112.36360108836438,276,266.5
ff67795d-22bf-4baf-a276-7d4b9b6a9e1a,34.25992067474154,-121.45568306705604,191,207.4
f5631933-81e4-45bf-8269-db9f32e4964b,48.559465422715164,-105.795303050558,110,126.3
4d94763d-de27-4cc5-9eda-29d142221cdb,26.80097255420131,-116.52243011413145,193,168.5
94cd2db4-1767-43ee-9e66-2e81d58b6ab6,33.94638997614354,-83.11394866737947,84,90.3
3ece5ed7-46d1-4a26-9fb9-08d9189bf56f,48.236760831884226,-93.51020059338478,6,5.6
bf77d9ba-99a0-470d-a566-821531acbc90,45.637678147349504,-116.51376621157166,101,120.4
d8e8303c-1bd1-4954-91e1-02ae6c2c17ba,44.426801773731995,-124.45474628407466,533,490.1
4a1bbc78-b003-48f0-88c7-2eb91e8f68d0,30.447570676123497,-77.31873410757146,197,158.2
bcc1f7a5-8dc1-444c-aa9b-fca623ead9b2,28.272189684751645,-114.6045300363094,18,18.1
bf9f0a60-11d4-4609-9049-e7e702fc5fac,40.71608049811077,-89.2332181089748,433,372.5
d351c557-2f9f-4e20-a257-0f0687e0fa8a,47.23439972818964,-105.12160712847201,63,51.5
9c2ab7d5-3e37-4887-b02a-71869249375e,37.919072325348246,-90.4563296394129,56,60.4
d73ef506-31b1-4fc7-bf3f-1f65ddd470cc,38.2903172367475,-106.37643600804289,71,77.6
05007ef9-a5cb-4a89-94e0-f40f52f0b9d0,30.999477341507102,-119.870565919157,172,169.3
ee6f7604-0320-456e-b7ae-16375d1cc1e8,43.23732332979842,-111.84594949509254,157,168.1
881e828f-ef97-4fd8-87be-b1cc4e231242,28.676093713938084,-113.90454457773454,135,137.1
e4b52bca-2870-473d-85c9-7c0f1f201232,32.09198091010609,-99.746858206061,253,266.1
b86e443e-a676-49fd-b1c6-5bddc0536d21,34.63591096541042,-86.16125677785672,76,78.9
1ee91d5c-2191-41db-ac63-e001c4ff9e7a,36.690259467111375,-109.4354415781649,305,325.2
2e88f499-6e0c-4a05-816a-9f574e0f4a75,30.060243310377004,-124.28787381726355,39,34.3
fcf3009b-6205-40f5-afae-6770eba06b20,26.87092061848009,-94.38269550837934,305,276.8
a894555d-aedf-463d-b797-536707ddd574,39.265501061040816,-89.26019012782065,218,212.8
275e95f9-0ccf-4406-a265-43a303b885ed,31.215763831006395,-68.19064085389323,230,225.0
c26ab860-5b2b-48e2-bc41-15bf3849f1d0,38.530955535565305,-90.22122261749843,131,145.4
16b7036f-0a2a-4309-9563-fd709b9e1897,27.859067881855058,-97.20081899668963,220,208.3
89830b47-27ce-4f78-bd5c-f7aa727b3f33,36.02850254637043,-91.16930407203547,17,14.7
689dfb9f-26c6-455a-a2fe-a21666fa26a0,37.314735813789646,-70.2538628381404,382,344.0
882ac751-21be-4605-8319-b06f37942efa,25.295588420560673,-76.12568940950287,11,9.7
afdec932-116b-4407-a134-51bfd55ee8a3,32.415106954848014,-105.94425473153532,32,35.0
2efca7e8-1dfe-4aa3-878c-03bbb6db0fa8,27.360366923474356,-111.0019925442289,172,170.0
9ca0265d-bb61-4563-84ab-ef75a3a28ce5,25.584374261819192,-109.50461687040166,269,291.4
fb891bf4-aa58-46e2-8540-ac98bc92aa7d,48.74900580974863,-95.23915865680243,16,15.5
2041e73c-20d9-41b4-af3f-d8c8b5c50502,32.058846124368074,-81.1010823775139,507,586.0
cdbffe32-6cc6-474e-b5ed-57b4adaace9f,44.24686114636587,-95.31006677620523,727,867.6
e9c367c7-9fc1-4a3d-aa6a-b2a18b3a76d1,30.366016369094098,-121.00001264614136,186,198.6
3cd05e5e-9dd4-487a-b0bf-a9479638f319,41.03756805559823,-82.30873867404112,131,150.1
f4756fa1-e8e8-4f37-a8bf-5b8473214d6c,43.00569649724216,-77.44776240841372,270,270.9
f2240045-fca0-4325-913d-177f330c438c,38.89096851519611,-107.91962595793655,80,93.9
cd040ebc-672a-4200-83c2-27cc976d932a,35.78940471375396,-85.81658138228232,136,154.0
22330687-3e8d-4909-b83d-49699bcac834,34.29602285368171,-99.83107783779079,496,593.6
7d7464b5-6e05-4ebf-9a86-983ec5076b1b,32.721706663574885,-72.54195801208087,623,653.7
b2769976-b8cc-4007-8b11-4a09c2b2247d,47.23822860619565,-75.13169206851634,524,582.5
8a8e3d9b-a344-4c4f-b915-309de7d949fd,44.76548519469323,-93.9995120997311,61,62.0
f872fd2d-c475-4fe9-992f-33e2e0c9e172,48.12567276666282,-84.20117279699792,53,47.9
35d0f074-24cc-4849-8da7-61fda45e2245,27.10743058713862,-72.88236763969587,71,66.9
330c3bad-eed2-4e83-b5aa-9a240e7bce65,42.27168688009111,-95.75269640538174,116,134.3
7c6cd081-3109-4881-9f8d-de2dc0b33680,47.458511420525944,-106.5182063111595,75,61.7
98f466a8-e781-4dcb-b0aa-0018f5cdf133,28.530826654141503,-80.53369786333471,94,97.4
d71470b3-3d6d-40de-974a-b9dc2283c74d,25.662406684169436,-112.01609096770318,194,184.1
767679ca-269b-4e34-8c43-4352e0794f6b,42.528016232251474,-102.07666226764351,288,274.9
aec38eba-b07e-43f2-b82b-147e0b89ece9,38.3618278294978,-73.92209301069917,266,306.9
408f9fca-9115-4716-80e8-4754d8ca3841,45.0457194189568,-82.2590819241104,337,384.7
ba5733fe-ed2e-4498-a5ed-fd65f4e8a802,27.494309415657238,-101.17515069039754,7,7.3
e9a80885-f0f9-4800-a07f-3dbc349b22fe,43.88168279649726,-112.33007435790691,10,9.1
62849d21-74d8-43c8-8fb2-5245c43f5c13,29.040683001193614,-103.99786494089804,312,308.9
bdfd5de0-bf25-4a15-b176-a1410bf00735,28.091398571642614,-108.23785519558146,152,146.4
0efca040-8474-46b6-8a3c-4939aa138988,28.106644948274823,-114.61073201131262,173,162.9
e9af245a-f766-4e7b-a43c-85d794c99093,44.364368005784556,-81.14335809962625,11,9.3
1f8402f5-692e-4e58-a113-e50ae65ee467,40.629930517405,-110.12787667583989,59,60.0
018387c6-9346-42c4-81d8-167e1edf2c35,37.076635619227986,-98.20411926010193,203,186.9
decc84ca-726a-4b61-abea-0ac9e43daa14,32.970762103087566,-102.23429263666957,392,417.2
aad18dbe-11ad-4d85-bc0b-6e8fb60764f3,45.930013520327705,-67.05743466049779,498,462.0
7d4f9ee3-513f-44fe-9041-a76df566d1b3,33.811127685565886,-101.92555759525499,139,135.2
534ee4de-e6af-438b-b1c8-fdfa7cd809fd,44.41498598678943,-120.28103351499146,158,129.7
af3f2069-dacc-44c3-962b-3acda57c3414,34.97837271425546,-119.70028059824705,358,428.5
98b03976-69e6-46c8-9225-ff9a2f641049,33.42361073562269,-90.14553044016918,154,154.5
4779e6e4-613a-4831-9ceb-6b739380d197,35.56699464174016,-89.63755044744232,145,117.4
b319f4ae-57e5-49b3-b7b9-720dd56c813c,31.534446854103553,-100.29321956152336,471,478.8
d58d9c82-e59e-45bb-8c34-8db6a2e1b42c,42.69023450440628,-99.52122215359024,312,358.2
bcfbf18e-4bd6-467e-b3bc-df4d3f4feac6,36.56800975231198,-121.8179776123886,480,532.3
bde70ccd-02b2-44c4-a12d-d1b359b4c35b,29.80531737867043,-94.52375588703353,49,52.9
18602e0a-e3aa-4afd-b518-a94c70e9e6a6,46.48936433186421,-95.22037095255925,149,127.5
1369077a-841f-4cdd-ba93-af87267867f3,33.59728053433028,-116.17659020514027,370,393.3
e5fb8a41-0ac4-49b5-ac6f-a47bb7b9a0d0,37.58882152784972,-118.87347621945527,24,26.6
f1fc3f4c-6ed5-4a5e-8103-219f404d295f,46.661802774113674,-117.70922305463006,317,326.2
bae22897-92e1-4f7c-8bf8-499711d69be0,39.605949897849804,-119.03933345701574,40,46.3
bc7bc4c9-edf7-4757-9bcc-8af47df5e62a,26.9224510177091,-89.02721646333117,330,300.6
e6f8a51b-1489-4b04-8333-f2b14c96ef9b,47.49580309033688,-113.4075235082278,189,169.5
fc0ed1a2-afb7-4330-a60a-883cc86f2ba2,39.692701326785446,-110.16562102093965,43,49.4
5dd739e8-c8c7-4b0a-b999-f65fd9eb5154,32.37264036642715,-114.75924349506505,128,134.4
fbbd9081-2e68-4aa5-805f-27b63e3111e7,27.48180181658468,-68.48771703753832,229,183.3
30633077-1a74-4131-9b48-1cc0932dae80,43.8506297317574,-74.57756967404171,201,189.2
6728751f-967f-44f4-a9d4-6fc238bb347e,39.50181889821284,-111.40080459626027,111,126.9
e2c1ee9d-71c8-4503-9003-dd4adfab297c,37.33652729940804,-105.67358865859457,459,372.2
d580a437-34cc-4a12-bafa-2ea6ce9d1d66,46.347314576273945,-112.61632230400517,146,117.0
4525e8f1-128d-45a9-a52d-09c87b67e9f5,43.714930280613274,-95.9793183918114,141,128.7
f2cf25d8-cf7e-4c33-803c-7ae69108960e,27.79187199331878,-123.84297858401904,13,15.2
4582b865-39bf-4830-85d4-9dfb5d3e511f,31.793051694888707,-85.38928747508905,511,593.1
3193f884-7a39-43e2-a154-0bc3d4a692bc,30.212228495361643,-94.13366916075914,39,39.3
0de44516-8327-48e8-b782-d9f95cc6b134,42.598657314316924,-71.98030323023491,150,153.2
7603f189-3f59-4e1a-979c-eb44acd01080,24.838310868394483,-115.30083162462357,325,303.2
953ff702-60da-4e75-a276-a98773eb2887,38.24724212178291,-77.55755448239323,49,44.0
dfd7ddfc-b8bb-4521-ad5e-788f348e965a,43.06146714351726,-78.27430014646377,150,168.9
7381f764-07fc-4e9e-b19e-3ef67edd944e,45.91914091904374,-117.49630983620366,55,46.3
c1d9b2b8-a368-4af9-8ee2-d30e74bb29ca,32.55204371789769,-101.48500577549648,285,283.6
de369658-1e30-416d-8460-0bbde8965b10,44.531432616800316,-114.9609941724735,166,174.9
abc8e29a-dc9d-40e8-aaa4-579d1f79c24c,26.76579342388018,-109.97149047300462,388,326.5
f4e358a3-cf39-410d-bf6e-f644ad112ac9,45.16130729336295,-109.46847568499788,450,453.5
19ee6817-a27f-4bbe-9ce0-a95f22547566,27.18721655829956,-92.18205275247941,209,215.5
53478ae4-5e97-4971-ad02-76a2bfa4727e,33.932182264009185,-100.72675502613254,258,283.0
37bcfe39-15f1-437f-9355-91aa3f49cc1a,43.932384144488836,-69.083764563628,159,142.1
7d538779-2e7c-4954-9094-cb0e9bb556c9,27.747935683719344,-117.54416162512669,97,89.0
7e07cf48-b4db-4802-84f9-75b24446808e,29.731284880816037,-67.55216404383827,209,214.8
b4b4deb7-49a9-4b92-b751-26603aca8ad0,42.05631420982665,-111.39232022735843,478,570.4
29cbf7c0-f7ab-49bf-bf36-11cc3fb41c84,42.00091341365186,-79.40043775347067,108,95.8
c509a1a7-e0d6-4682-98e4-ccfd343fd9d7,40.02869082213243,-105.00077435580354,75,89.6
d2a27875-cc0d-428b-9068-abb09a10c024,41.3487111116775,-116.55819767037848,98,106.4
5119cbd6-d08c-47c5-923f-5b1b4b1e5116,37.56811108368991,-74.38453807047185,114,128.9
605f851f-8c83-49f5-834c-11abe8678f66,30.294976472673817,-106.77720694504868,15,12.5
5b3ee08f-1a96-4d0d-ba66-f39a0cc43166,32.642399837597985,-86.1275311506163,138,127.0
309ca153-52ed-437a-956f-3f24c1b005ff,28.539942920035642,-91.57982257988903,136,111.9
489ad5a4-8dc7-43e6-b407-f00e5e582731,46.71126403334071,-97.16637774593842,178,168.9
8b4e067d-cf18-4d5b-9380-33aea885fe65,38.584794869153015,-95.74665111373619,90,107.3
40cf5b91-e88f-410a-acfa-2369233fb0ab,34.021285419091,-81.79796306855503,190,160.0
0d953f8e-ba4e-42f4-96fc-05d63aaeb055,35.55014509110332,-119.82139806671701,421,431.5
5cc5e11a-1563-4720-bf3c-70c54e143031,47.68208349029538,-85.5773409444836,622,499.1
739df00c-2c12-41c6-b333-16d84772888e,27.833785077902004,-72.14708601748386,175,189.9
38488e39-68ae-4701-875c-a480dcc30367,38.65574580041993,-121.59049637582801,9,7.9
bfd02995-3a3e-456d-a9d7-e957c1fd6653,36.64721697211165,-116.70145298521366,696,592.9
0653481f-7bc6-49a1-8ed4-d98a3460864a,39.28635588586619,-82.71871573458014,245,229.0
1e98fbff-4cbc-4183-8830-60421588643c,24.452754595521014,-99.20038275356757,82,90.9
193d109f-6282-49a8-8d95-2c8f7a67445e,45.803097723603784,-101.19063137199238,32,27.0
3a6898fb-d9d7-4fc7-b01a-f1dcc7506323,47.302957062090314,-116.91896856189008,31,27.7
5582a7c1-b978-4939-b51c-d98c4f3e8351,38.12832958973022,-95.1005675976505,37,29.7
1b125e67-1e71-4324-b35e-609da0d1abe2,41.4162705969223,-117.53382663941375,9,10.7
eb3586b3-b2e0-4b70-819c-970503b7937c,47.062484529432396,-96.87939307767812,465,482.1
efc6c643-6083-41c0-a53a-141a1350867c,41.68096585783496,-79.94669736126225,156,169.7
f2612518-3afe-4413-9ab7-dbf08311d2a4,27.813476072856535,-109.76240288465735,241,255.6
2d43915d-df53-4186-8e39-1db12da01e65,38.407209004170326,-96.63361607739608,352,301.9
7a2ce598-72a6-4897-a47e-ec0f5b31e26c,39.1678761595714,-66.4710578055867,314,325.9
69c50054-67f9-41f2-ab04-31822587a18e,34.60326678255965,-84.4876250221118,428,364.9
a8753cbd-a0da-436f-a99a-5d49db7a4b56,42.411105890618074,-75.35995049299328,684,657.0
26fab54d-0476-45fc-abe3-5af05c0754a9,47.35917536922537,-100.5239912129278,116,119.2
003e822b-22c7-46fa-b2b1-78a82a02ecb2,47.13921282266941,-79.69620553557453,600,614.1
23b32110-3979-4be9-8394-1451d2f3f1ec,35.2709842851033,-122.60995879646201,257,217.8
5d7553b8-0801-4133-818d-28120c2b7892,26.830951146018883,-117.74824023000755,15,12.2
747d035f-cd4d-48fe-9e48-fa8b7099eb0a,48.62102997405836,-113.01883501771633,229,256.3
be020c41-1b82-4ddb-a26f-cd6afb250845,44.972452161148354,-101.28483644770205,232,253.0
57f6eae3-2721-46ad-8069-e14092994615,27.116567030081672,-75.10105217877998,473,393.9
f4c07e93-d23c-431b-bec6-e01d5463fbe8,47.02104706543431,-104.5703030035121,93,79.1
1640c5b3-e3ed-4c85-9126-05478af116b6,45.747409051553205,-86.3773495825877,176,203.6
d24e2d72-ec40-4684-b1c9-b438457aa407,36.97095142815181,-83.15045660659447,2,2.2
c0798f5b-3ea2-4095-a555-98c6d3b9949a,38.78188589362323,-90.41524110878785,81,97.1
f6fb365e-f88e-451e-8ee5-792f10af11ed,33.975067596753256,-103.92272387796197,13,11.7
848113eb-fe63-49f8-87c1-44ba22cdb248,25.369040970550785,-90.95385283890089,148,147.3
30c38ce9-5716-4d58-a219-ed4e757f5939,32.37993104114752,-104.80633002540498,340,304.2
e5aae6f8-a818-44c5-aa41-a64d078913f0,44.071336214950286,-120.05144942543129,46,48.3
b0ca79ca-ac95-4a4a-9548-a2adf95de425,24.11580057511507,-66.42456528702516,150,126.9
22135c8a-d87b-479d-9950-d67404fb782e,32.3374792922786,-117.49623523568185,46,39.1
868ac0f2-ee9f-43c6-9249-ada97ff4c127,33.954217339773585,-120.73144535367261,26,21.5
b4415160-e573-4c6e-90a3-c2a1df9b8c28,37.434890073448074,-73.1666857967778,143,154.1
d3fb51c8-5698-4809-889c-91839864647c,46.99639041031901,-107.19175500731919,16,16.0
db6e6035-7c61-4a64-a74a-89f6545414f3,32.65864985914903,-86.63247852966305,177,185.3
a71f1289-511c-4564-9daa-93e36a202e8e,32.673830047405694,-105.58866194992827,6,6.9
5cd93602-18da-4111-9998-af344e79e434,42.43753120274371,-101.9041980231262,23,25.2
c62478e2-1c00-4797-8080-f577eaf91b17,35.30544852224518,-109.53533465100901,160,157.6
da7811a5-881b-4158-8cea-8d5d768d5afb,29.61512057349955,-104.7604036582124,179,213.7
80ec1da9-8832-46f1-a83d-a259ff7baf24,35.31098790331733,-100.76867636539396,6,5.9
9c7abd40-1b2d-4b5c-a3b1-29aaa46b3b4c,27.521425509494996,-82.49545192355177,170,143.6
955f34d1-2c64-43d5-90e4-edbd4c1f4572,28.409674662655583,-94.81936454014729,365,436.9
08a6f9a1-bc55-4b4d-bdea-26a4c36bda80,36.45919431848699,-69.32965218773836,256,207.1
21d4f51c-9ce7-4f4b-9b71-a5711a823c10,34.4731362376137,-122.52905676351224,129,131.6
07b8803f-f735-42da-82bd-fbbcede8012e,46.8711475267025,-95.31896896471034,180,166.3
dd75ba07-f3ac-443c-b31a-c81722ff7dea,33.059847477915824,-90.53073745892863,223,223.3
b8fd4eae-12e5-4b93-9735-89e9a9812ccb,38.51470875695109,-70.70837782161783,8,8.2
b55633e5-3914-4750-8fcb-decbff03ac36,39.80660719798826,-122.09964710633577,387,346.8
2df227b8-b977-4aa0-8402-7910048ee931,24.327361414708342,-91.16352448882225,2612,2671.4
366073b1-2dbb-42ac-8f06-971294f7d45b,40.58843430041777,-74.63583421685053,380,418.9
3436133a-dba0-469b-af2c-c182686df9b2,28.450899171743785,-110.72626404096505,348,315.5
381c3101-9851-45d2-8920-be165e058c3d,48.026757936736374,-73.29875143708769,273,260.3
0a48a330-0d7e-454c-a702-adee2c44bdf2,27.716568193827825,-123.87643885281678,201,182.4
60b3f78e-6b1e-4b1c-aeb5-1d8bdb93fcfc,34.365603093175594,-81.78517688110995,227,256.1
8f69cb51-2ce7-4612-8431-745bcf638926,26.133741701966095,-69.94631995104947,328,357.5
3383b804-7bc4-4518-bb25-97f97fb58f10,48.92185629614868,-86.22533796323633,217,249.2
5dc585a5-78a2-4c1a-ae8c-8a309a8a6e9a,36.554875258281065,-99.09727460515357,79,68.6
3a37621d-9ece-4870-8c41-6a6927c00e31,38.88462543300109,-122.35202002810964,94,78.0
ba3e6a1b-8200-4c0a-808a-5041715580ef,25.676911934710688,-70.7132850139649,455,385.7
a5d1b761-410b-4ce6-8fc8-cd2894e1f3fe,42.749011759979446,-97.2525228611971,3,2.6
9178d352-d6cf-4e8c-9be9-ea44d86a8556,29.247639827389644,-123.28919208417906,240,243.2
9665c20c-e3dc-49f7-b4a3-af7965460ab0,46.45135723601784,-84.30055679160304,619,735.6
259ebc91-2058-4957-b8d1-5cd7036d3535,29.12849101205018,-96.57160203900077,245,231.0
922c11d3-a9ab-4361-859d-9f5a7e506187,28.767193016591662,-117.66362627089777,1020,1207.1
9c7fe67e-8dfd-4094-9438-b74198c9b8be,24.913741696202372,-112.35796325069468,233,190.0
0e74a0da-c943-4ff3-997d-02bf852a3659,35.80167362774998,-121.19504985310508,31,36.3
a51c54f9-2b40-4a67-9f05-05f4a2bc40bd,38.12102833156541,-91.11668115719417,351,306.2
872b6b9c-cb59-4107-b181-901899dd2ea0,25.642715985708808,-88.30026072413145,67,78.1
ca22ab12-82ff-4b4c-8b89-0c33fcc65f16,43.38819041737526,-95.16120439702878,118,97.1
979e55a2-9fa9-4035-a578-354c0e3477c4,35.33222086870069,-76.79097415284572,75,88.4
3caf85fc-fc79-48ab-bc85-3df3c28f96d8,37.1097567331895,-74.2004795428272,63,55.5
988a13bc-4cef-42eb-8955-8ca9db22093a,35.019068673455706,-88.67816059569553,113,104.1
7a83bd0c-8379-49b8-a2c2-7cba0b55a7a4,34.01907652188315,-124.2473676972616,95,94.7
b90b10fe-e0a7-4c64-9b89-f127e1ce86d7,37.99100828270545,-83.98145031088359,201,191.4
97f12a4a-9365-493b-9ab5-59ab579f8dfb,27.88100614826781,-100.33804620169926,335,357.4
c34202aa-3703-4f5b-928d-a37233e82b40,28.548203262381776,-91.63210848964317,71,84.5
95e320c1-d979-464c-bc4d-4f322c14b90e,45.54464052533793,-86.70424448088582,48,50.0
b32f503f-1a41-4d61-8048-b04a8eca12dd,47.65288655334082,-104.33603975470247,220,239.5
58eb509a-770d-4ad6-9a24-fd9df71db88d,33.332732906993826,-70.89118819486414,222,185.4
d5305436-5394-4295-a5ef-438eb8ec33bb,30.768616828588844,-117.0954828617629,463,486.7
c0622a13-de64-43f4-b4e2-11c6d583e061,40.09998858097539,-85.38080337041879,3,2.9
e8f90c51-0755-476d-b262-77c29f9ae9fd,34.218354277452406,-124.74278478256176,384,443.3
c8553bc0-c47f-4731-a27e-8d427887626f,24.63465889150862,-70.44558478109434,147,140.4
ea5fb4e5-cc95-4bf7-ab24-fd6c35dcf4f2,27.90381493415476,-118.3622561389526,194,207.9
02478183-77df-4ece-878a-b4e77923a7e6,41.89930572118494,-119.4018304212931,19,16.9
df8b0e3d-6f35-45cc-a613-15175a6976d5,40.473098547753786,-105.35254964991759,113,102.1
b9b6db33-cdeb-4e30-86f4-61ce9cd63403,24.677399812587087,-102.95958912369424,52,49.4
72dc2046-94fa-439b-8172-5454e169890f,29.549304048323737,-112.35629573295016,59,54.4
3faf7c52-39e0-49aa-868f-7925b4d4b426,29.776869914701784,-90.47782200529964,140,126.2
184e607c-06b5-405d-a92b-8f9ab75342e0,40.797318589968214,-98.86806821552415,335,274.7
ad3b72ad-01c6-4470-bd3d-040657bd3fbb,24.492763443859104,-122.98364024657585,272,308.6
c6630dc2-8abe-455f-b222-6e2d4ccc9ca1,26.602714549614348,-106.14052832693727,179,147.8
392fdd56-5aa3-4b6b-af19-d88b0a412737,43.997902134329735,-77.18445809918293,155,179.0
41da1efe-d39a-44f9-81e6-f73c9c94364d,28.463616551358342,-84.30760944314974,111,94.4
8ecb82c0-0bf6-4778-9f8d-4dd8dd7fffa2,40.318652696296866,-82.23261963878704,720,594.8
ae26d519-33b3-4f29-b305-9cac72fc836b,29.954569526168164,-83.81110147907211,164,168.1
1c8bf332-654f-4f0f-8f4e-3772ecf12e8d,26.48603481898363,-106.65259173840104,59,59.1
6e033f07-4c17-4af6-8dc6-09d9b2e22caa,30.07930477498635,-119.11982859747022,52,51.8
9508c394-ea19-4a25-bcc0-86b91ebaa74f,42.05667329639148,-108.92443614204734,189,194.6
9a56f797-9de5-499e-801c-3f35918386c6,45.39241170265714,-75.9246672890756,148,135.4
7907edc1-51a9-4ae0-b7d8-e1fcba4886b9,44.75549661417479,-67.15222293079881,2,2.1
adc4e527-6671-4179-812e-ffe536f45645,33.92958824046137,-95.86302613024787,354,354.3
e9b3b3b9-996f-4cd6-8046-d98970dd451f,40.702128414266156,-124.42767905954051,244,227.9
f4575055-23ec-46aa-b2a0-11e8f76024cc,29.124607385395525,-116.73735608408049,217,245.3
ed46442b-928c-469e-ab28-d79f0e0b2386,31.328693256525334,-105.99724605634032,14,15.3
e7d5cd62-5276-4a90-b2d8-95481802d8a6,46.40839546302799,-90.86346443301596,90,86.2
0ab91960-29fb-4830-b351-651a5b7c98db,24.3250480877684,-120.56947489748647,548,624.2
ffa32650-5c94-4d8d-ab26-7ccf907b915c,26.1377132713617,-69.34191937611698,397,463.7
145f5567-5e00-416b-bb8b-9d6691041e97,29.197156378650682,-103.46006327622035,67,68.0
e61ac857-8ce9-40a8-a7ff-13586289e04e,24.663305096845495,-71.15753114243543,34,30.1
d411fa12-47fe-46e8-b441-67b12a60db5d,28.535885877244933,-78.94921363733572,119,138.8
0d8c9ab0-822c-4285-b2c9-edb13acd011d,38.576039024242306,-80.42920092158072,88,77.1
0eb1730a-6050-4a2c-a509-8af1f39fb30a,34.53561376481245,-89.2035447928483,229,187.6
55261c1b-ed8a-4ca8-8aa4-044724d0263f,46.31679277692437,-88.01975479394116,679,632.1
5aba9f36-d53e-46ec-bd16-21833abaafef,44.436089043461024,-87.35780912224136,90,98.2
6185a874-26c8-4c7a-b2dc-1ef6a6eb8a41,32.5454337924469,-87.90543816549066,13,15.2
0d1a372b-c907-410e-81e6-36b427b3dbaf,30.485585835782313,-92.33003434749668,456,481.0
43473ceb-b9fa-49fd-9120-3362013c3d3e,33.49231020418167,-66.80157290950956,8,9.4
489429a3-f695-47c6-b2a1-7774d50bee86,38.75737356287019,-81.79485652188393,611,511.4
173ab54c-bf86-489b-9c17-a4c29946895b,30.701591020571907,-79.16016308484126,218,179.7
d40ec7a6-1bbb-4982-a5dc-e406136e73ea,39.60372269622835,-73.52469391006322,568,591.7
391e5b8e-816b-4dc0-ac56-07be8cf7943b,34.235291304781015,-112.2772539991749,45,53.4
d07a4a1a-fa0c-4ddd-b3f9-1d164e8d3d07,37.8011795212995,-120.05555461339141,8,8.0
5d58826e-d2c7-4b04-af75-0c7689120a23,34.903163228382915,-96.50922824068269,134,110.0
eea04dc1-b8e1-4163-bd80-5e46ba3d4596,31.361643988547943,-94.66923895846288,267,237.2
3935dba6-7a6c-46c8-85fb-04415313cf82,47.71133267405392,-76.07827498295485,81,72.7
4347be79-2803-4d9b-83c4-a404dad59032,43.09014485399402,-98.8167688223422,632,591.0
cbfe3562-1d7a-4f0c-be33-de46901ca832,27.502829394161314,-91.31967149288555,346,282.8
646deed6-7b76-4f39-b27b-76a6c9bb9771,45.711699397447816,-93.90281462770596,217,252.1
45216bb2-aecf-4694-8242-2bd16baba262,36.18577995623784,-122.74603575831392,36,36.2
8e1f47d1-49c5-440d-85a1-6940e1301b80,46.363805672352285,-88.70232110078207,265,283.1
c96b3d45-afdf-477f-a7b7-76703a40bb63,43.996381398682885,-76.14544613931912,260,215.0
433aa9ad-984a-4d6a-9de7-c8163458b323,34.63033761173084,-115.70746766352758,111,91.2
b9d50d4d-1f36-49b4-981b-2845ae4149f5,24.561732708002936,-89.93442769833085,517,534.9
e23b7b1e-459f-4ff6-bf2a-3cfc2743f0bb,30.71693398462365,-89.97697787766155,37,42.7
727ab7fc-a613-4a44-a95d-f8420e95efcb,37.54085536652167,-115.31308712067484,62,62.7
4dd62bdc-a67d-449b-a653-ba7a43d1ee67,39.83695549565368,-117.71564914988657,13,15.0
57f3bdcc-e03b-4495-8739-03be5d729f8a,30.447192135830058,-67.17693536438739,317,356.4
42ab3723-6a4a-40de-bf12-4a7b15e5c711,27.483901851820605,-101.77056899047079,194,161.1
a8eb87f1-a364-412d-aa46-5620f35d3da3,44.873255919982476,-111.58211800531177,76,66.9
d4a8986d-4c73-4327-a6b1-8136e266e49d,48.61005451758881,-114.89185187719188,36,38.3
2c4fb9d1-fc6b-4ac7-82be-dad3c53afd56,37.14225455756714,-85.61149889858913,8,7.8
e027100b-6da6-4750-9cf5-7632100fbcdb,28.291982146207587,-89.04272745769055,36,33.0
3c6a2008-783e-4dcc-991d-47c936c013df,30.807683162984226,-87.03042474374237,121,117.1
66f40653-9468-4b01-b87a-a1e91b5440c8,24.459766913686668,-119.80764437682431,57,55.8
fcc726a0-81f4-4b77-9604-44f31aa4055b,46.857470164012476,-72.28145957359223,60,69.9
b2f2e496-e5b1-4468-82d5-f17c4d3b78a4,26.94377707225353,-102.03328258826615,417,350.9
d62b6297-164e-4996-bc82-8e0be7080cfa,38.41291188785634,-106.51120502060888,145,132.2
b8da60ff-2e80-4f08-a547-12b0e5dbd14d,30.85138051718015,-97.72067461238339,261,264.9
f97f5e44-7844-4c32-bffa-4855ed886106,37.854450062894834,-101.98610212088994,7,7.6
93cecb51-1d7c-4073-b0a7-50bf0dcb3a87,40.28550970879661,-74.04895681479039,91,95.8
3082bed2-b234-4a92-9265-42349698e39f,44.74354509268004,-70.17360246332436,130,153.0
29512756-aaa4-40d5-b332-77bd1bf6279c,29.16053179401508,-107.09626022947323,41,45.8
3299319b-0b17-4ff9-915f-c0d238e6ab6f,24.274895716462012,-74.02778735986266,26,26.6
996b0691-7dbb-4d34-9ae9-0609233b9bb1,27.422140751720182,-78.89013535754904,409,362.3
90adae53-6516-465b-8ca9-4326f6d5378e,46.50046604620263,-70.08234733165905,561,550.0
54a15860-7096-4eb6-8007-9d5abccb9af0,45.847251939062886,-110.50073158103262,16,17.2
1de89e52-cb64-4d01-8f2f-be022e0c866e,38.93532755425771,-90.95941014286223,86,97.6
62984051-8d1d-40a5-ab1d-efba0b7c9c99,39.01292151084134,-108.80186950031377,635,751.8
ff4cb926-50ed-465f-8356-b4b2818d8791,40.625916863656386,-76.37842506142192,17,17.7
3b21150c-b25c-4d37-b1ef-74e6d38d31c3,28.38428196558624,-124.6858727563072,206,208.2
4982d9b2-1d6d-4a71-b127-2f045dae51c4,46.860298648123994,-91.67566938970262,717,578.7
393b1e65-c93b-4f5a-bbef-dd73aea5b465,34.469263122301825,-104.98699755495684,765,634.1
0f058bc0-d3f6-4dd4-8e04-288c3b91488e,33.57846320623744,-105.96166128240861,127,109.5
6c8a25eb-c71e-4b29-9ec5-6b1ca74e5552,36.97294263207094,-86.9505268919699,36,29.6
1fb62adb-e28d-4a10-90e4-979422374397,25.174149169376378,-74.76241749047435,45,43.2
2b103279-3356-4bfe-9c4b-50c965ced601,28.157084218901986,-89.05747190779375,441,412.2
8cf7439b-d8eb-4fe7-aa71-43093ed0f751,42.45084041065926,-74.66279425984337,485,511.6
54830001-712a-4571-9d1e-6888b8be2c6a,26.069966698128162,-109.38877039901924,187,189.7
7054cec1-ad3d-48ff-8b64-01f6529479b4,39.0788027366597,-94.34939056886611,291,302.2
24ed3a9b-0b8a-4354-939c-13abfc6d553d,30.133727742033024,-98.41834419504252,269,266.0
6eeb381a-a129-4eb3-9ab0-80e12a2c2fef,33.73239035104942,-124.31295092931732,217,197.7
f24e42fe-e382-4a31-a337-0b02e1f6cbd6,31.217343419267497,-92.14808355469634,351,414.6
9f018b4c-d236-4649-a20e-b7769061fb37,32.89181791162373,-85.97006487537568,231,192.8
b17ae4e0-d01f-4d5e-b006-0587fd6b9fef,41.97614762960614,-90.07705013927486,153,179.9
b4bd3802-6ef1-4ed5-aa2d-dfe6053dabcb,31.428042890579377,-81.55948597177813,54,49.9
9fa91108-6336-48e2-8413-d8fc79557ea6,38.16011600742243,-91.29096782126845,272,273.4
19a6a579-cdd3-429a-a0c7-90bce60c3483,35.90126005497749,-121.06173496380534,578,487.6
fcc94105-0e99-4be7-aeac-38be4693dd2c,40.5917791340662,-118.12971407900203,70,58.0
eb983e9f-af89-43c2-a2a6-d6dbeee0d7ed,47.420743483118954,-89.80799992490681,324,314.9
39d27511-dca2-4683-9771-4559456f3293,42.31430243025626,-108.77622767355523,239,262.1
96bfc4cd-637e-4beb-9216-baf9059b387c,29.37350946476892,-120.30093738694882,554,502.9
883150e7-dc5d-4c66-8818-83d63ee8a16f,24.77957837653212,-99.65343813653574,36,36.9
b6a11f8a-1ef9-487d-bef2-7c5f35f3d7f5,30.556601107495627,-92.29496671306433,210,191.4
e7f7f6ed-bbea-4372-b947-485a4c4f0dba,38.87694826750637,-105.60398668737321,56,53.5
87e91270-9db0-412c-a6bd-484547ede3da,25.28564533710626,-82.4944115686791,468,544.1
9866ac3d-b595-46e0-ac5b-4e876a0fec91,36.409156180030905,-87.01753412202658,21,24.0
81e87856-7148-4d32-8bd0-ac5f0b781545,38.92107122292223,-105.36371669559135,214,215.4
01775045-0ed1-45cd-ade6-c5b0c9ab21ca,32.35609727042402,-80.46252079439492,313,280.2
e886edc8-0f7c-4ab5-af12-1b449f315c2b,43.272805093645545,-86.72699249055091,88,77.2
8ea1ecf1-4d17-4bb7-a120-ee123d37f216,26.664956328344296,-87.39072265564377,616,727.9
ade64669-0273-4b33-8553-a5b936dcc012,25.87844454339522,-92.34776565356299,380,334.8
3d1be2d9-8301-4dc2-b9c4-1835aa26b72a,42.20471890509008,-124.32800958277538,70,78.6
d5105e31-39c4-4f41-8fcc-9729905c5723,36.38728290515496,-83.90607617486354,2,1.9
430f89d8-6b0e-472f-98bc-d53066e2c95d,41.2100599106934,-102.81353432455977,70,83.6
d9a1468a-c249-4798-8b6b-b567b52d5faa,34.870683465093656,-69.38602710063932,66,62.5
e5fd4411-6d37-49c8-a45c-fbb27477180d,30.16005083097767,-76.73889850644488,441,414.8
a13151af-ace8-4ab7-a59e-c583fc242276,44.477557941855,-90.32602629765259,683,720.6
8715d21c-d357-497a-adf4-6d9a24d17342,43.985396974224486,-110.1212630726631,15,17.8
75698ba6-c63a-474b-b9b3-0a7f26bfae3b,41.367411771360665,-112.98067379661768,127,151.2
4e7e19ff-2726-4daf-90b9-12b87757f803,30.803628430749068,-104.9172945770246,159,172.2
2c191086-d891-421f-9505-665e3af64446,38.75576667172717,-96.88249132877891,20,22.0
1f6573d5-4d4e-499e-9097-1cac9b623713,33.02434742350067,-107.53213490770213,95,97.4
09be3565-e306-4955-bc8a-5a9946b1e471,26.289551833165852,-94.61915977184351,76,83.8
36401e2d-b90a-48d6-9437-8de9e9b23a6c,46.93283938655607,-115.24314489472204,154,176.2
dac6f258-05c7-4911-85c6-60b4bfc280ce,27.420465772974033,-67.3149440432955,216,214.8
cb791900-dfeb-41ba-a720-4aabafadca2a,47.75593384552006,-118.63245125706536,243,254.7
6fa553dc-1c80-45e6-8183-ae3c94dce676,35.15014432394889,-70.01529576039205,29,29.4
515f7a3b-4c20-480e-a7fa-49638c58f66e,28.62832322096549,-71.09889732724099,335,343.4
666e8a81-a369-4524-8734-ffdacbaa1f83,37.54752368445895,-94.00373157264961,227,262.4
908d41aa-b690-409c-90f6-9f5778f42e96,45.82364589691021,-82.23029396167102,440,414.6
d83bff33-36a9-4a16-ad1b-8824e570b9bb,42.305622160239025,-99.27315041961732,119,105.1
f45ef3bf-3e6c-4fb7-8b1e-3adec1efa32f,44.16402869653624,-87.82795992499615,449,441.1
9d9d7016-fabb-4aab-ae33-fcc1514d187c,40.469584167767934,-104.90601969215399,402,355.1
3bec26b5-45ef-4474-b8c0-0a78d9b9500e,41.306914112946316,-107.23161783265873,115,114.9
6bbf50c7-5c57-4088-a98e-c157965fb1b2,45.22989128913298,-90.8844426159987,96,111.5
e4e039c2-43cf-4d77-aadf-71de8d84096a,30.241700221479647,-95.61034922314516,540,565.4
95c9c4bf-48f0-4c49-8dfe-397b17e36bd1,36.23562409107851,-90.80735422015113,251,286.7
544ccc93-eaeb-49c8-a596-d77acbcb4123,29.530236045490057,-108.08702570406564,527,456.6
38f2f4eb-59f1-4c78-93a9-a7fb1212dcf6,48.69170019991617,-103.34948792279728,319,370.2
ad1668b0-1485-401a-af19-500c88b6c3c0,47.60148349216533,-120.05002032289435,188,195.7
4c6b6434-f4d3-4494-9d79-ce6d40639166,24.98567028421265,-121.91569403593986,25,20.3
336031d0-4a8b-41ca-beab-7722e73ec36c,41.63937931289221,-110.04602934929204,69,72.7
d3647827-9df8-4ff8-af18-d0ecf51680c3,47.13120793539164,-120.6194352994978,694,819.3
ee1fbf25-fcd8-4dd3-a9c1-0993881ef7cf,28.51438362818334,-118.87729219055029,77,64.0
6e215f44-c5ee-4d9c-97ba-4a600028d5c9,38.198630763815736,-77.03722408175771,20,20.7
ec1a261b-41f6-4acb-95ca-ae99a74ed992,46.887207439701044,-122.70645187601534,246,286.9
42c7c76e-5d2e-4c4f-a0d7-6aedacbbc603,24.84864946464497,-86.12237515785017,265,213.0
551ebe1f-aab4-4c60-a099-4830e8352080,41.435506681171,-108.91909281989138,67,70.5
7943bf69-4b85-4e46-ace5-78b6613c5e9d,31.43372518431377,-73.57880483822055,71,70.3
87e77c90-bf92-425a-b741-21ff65a4a6dc,47.10990488441326,-96.38545520992753,127,119.2
1b85729a-e35d-4c82-a7b3-f49be4dc6f42,48.27645612913419,-106.97098889965828,4,4.2
3239e1e8-5b18-4574-9b8e-709efd902134,47.60666222783585,-94.45930279432336,311,255.4
c1dc36e2-a951-4693-9c04-54bc40c880bf,35.855355416436595,-102.46447687632914,76,83.7
3ea4c769-d0f4-4508-8055-e40c9e1c4af8,45.55106627473283,-91.70623718448002,385,308.7
562175bb-02a3-4014-9064-df5a1d43945a,45.11373496337676,-118.24256076874545,325,299.9
d466aef2-a661-468e-b7fa-a0c32059fab0,31.97751183108139,-66.17756033405948,217,217.3
ef4eddb2-9bd9-4a19-92d1-4de6298bfd79,44.72288685376694,-99.89220321589366,79,75.1
c43c92c1-f50d-43fe-840b-8b8e2e152c83,24.925190867887316,-104.45439225726525,145,133.8
65e7b3c1-7566-499c-9d85-87d432d4388d,38.90674696205133,-83.09761894934037,118,133.6
496753e7-d850-437c-afe5-53b7e02edc9b,29.750220932192576,-103.52993501677538,83,97.4
f943d209-c9e3-460e-90d6-509e8ed2c9ca,27.01417214443197,-75.8368160033033,377,433.4
26757b95-b7a0-4beb-afdf-c87453682391,25.92383004073023,-98.19802726273491,696,702.2
eae316aa-d67c-479f-a919-4be013ab01a1,41.407219396953494,-82.54605361733934,358,413.0
b36266f2-a39e-40b9-9dc1-922a226ade6e,32.49687409420165,-118.6602602299287,22,25.7
b060b45a-b42b-4047-9ccd-ad365f334078,42.11916928821904,-75.0789680522484,30,28.9
cfab8b9c-3df1-44eb-b88d-235864aaa471,25.63390851997356,-81.59263878009152,757,691.4
5139d7d2-0606-40a9-b311-7c2751c64a3f,31.88225844576526,-112.50871007074403,177,148.6
78b49aff-cd03-4c3a-a2de-48bf2e768200,37.48728230938343,-116.42812542499858,143,141.8
e74fe157-7a6e-4f6a-9d28-aa1c030e4f47,43.76807912097409,-106.33875142518816,148,174.4
9253944b-52b5-4177-92c9-adacba97151c,31.968812573301747,-67.41183542411764,48,49.2
178b9e67-88ed-4756-86fa-4cbef491f89c,39.647284410925224,-109.84693710054354,254,271.0
87b3f0e1-e036-4606-9819-5591031b3db8,46.14944370590467,-98.08849467214864,18,15.2
c06a993d-c43a-4adf-828c-ffd342097b2e,39.39657970455762,-123.22880668267716,170,145.8
139feb84-cd34-44f6-9598-b0ea45e4cea8,29.823986868840844,-101.56357575559228,169,166.6
b3f58042-a403-4fdb-b213-7187224b6611,24.610019538913452,-91.29211908944694,491,579.6
69c126b5-f47c-4047-a118-3f25c0aa8939,45.752471847523246,-68.76564786203005,149,140.7
10bbcd28-4d36-4ccd-8406-5e191c509681,24.531735271259677,-94.5125733485362,29,33.4
066191bf-174c-4701-8005-80e7c05901a3,45.867541817104986,-76.67266775551641,170,144.2
facd2436-fdd2-46f5-b820-35916dfe8fe0,37.2234283506803,-92.71946908843486,19,19.9
2a9cc27e-6f3f-41bd-9c57-747aefde68eb,47.476692462822406,-122.59368420730443,46,47.9
34dd2210-f473-4aaf-8605-1f7a41a00893,43.96958089434163,-106.41451176380333,6,6.9
6c715c9c-7210-41eb-a6be-59fc9cff38d5,48.94835276333343,-91.04257903796491,144,115.4
e61a9b90-2777-495c-b767-dba97e707471,32.767795386292754,-68.91495601006366,18,15.8
39a9eddd-c79a-4b4f-bb0a-b59491719572,43.17970722327817,-74.31130877467723,127,112.8
bd44153c-8912-4ba5-9f12-2fa4fc9e61d3,34.04827284023105,-111.52701876344798,540,637.2
5aadad9b-cc16-4477-8839-be58ce37e165,35.99689050759772,-112.01352002886935,254,218.8
c4ed8cb5-97cc-4b84-9133-fd8c800d14cf,39.687636580459255,-113.13079494027986,16,13.0
00bb37ec-aee4-4e00-88f6-61bc6910b3fe,45.841927854658465,-70.57256511815231,51,51.7
2c4e3498-857c-4260-9fb7-87268a69894c,48.602086729982375,-74.69269696699848,224,226.6
fc8e8745-4472-4285-9c46-88a48f0c9a1e,43.206835346612955,-79.28187749707602,450,511.9
15443aee-e7a0-4bc1-9034-dcaa487e5099,34.44416955418335,-101.82862826077057,7,8.3
a3485300-c3b1-4107-a776-ccd2f9748686,34.533925056926755,-95.24153844637276,335,340.2
3596a872-d7ea-4f2d-b317-45dbb0b18938,42.43955753972229,-97.60442705708599,165,193.4
86555f64-b3da-4b8c-ab2a-d045defc133e,29.969428644207557,-110.04951165399702,158,172.2
b1f6590b-4794-4383-b95d-c377406e9f5d,26.761852828284866,-95.20334527722275,633,573.4
63576403-fcf4-48eb-909e-4688971ed4b5,32.865553941019414,-123.20070367668748,275,322.1
1e36ed2e-a31b-414a-bd1d-2b3105dab7ab,31.180974791352043,-117.2231879636499,380,405.5
7f085ca1-5670-4520-bf98-27bc1f3afba9,31.407703011399754,-72.69121382603217,87,84.0
2dfe5e3d-52d7-4526-886f-2e2233e30855,29.840193776247748,-80.65089374514602,162,173.7
17b1f0a2-e20b-4e09-8f99-550551c6c06e,25.052329740909048,-100.05076386551386,191,183.5
33811df0-c6d3-4188-8cda-01363bbd869f,24.446848368335345,-94.48812862525125,78,66.0
6730da23-e04e-437f-911c-2cff959a0ee0,48.69305974340079,-103.17006572836134,169,183.8
3660a775-4416-4ea0-b35d-2e53a3681755,34.694328343396556,-81.29398783752032,54,61.0
49f9ac6c-22f7-4b00-8f2e-69fea808595f,33.60816617899204,-78.73295642530731,31,33.8
16f5cea3-e8fa-4785-b653-80b2fc8bb26a,40.99118206732675,-79.96617377801361,94,83.8
47da37b4-129a-4535-8f65-b69e3bebb57c,29.456347196626602,-82.36590823476747,269,318.1
752b2b17-ef09-42de-8d44-04b62092b54a,47.749029598755634,-112.93424401712505,496,401.8
ce59f547-c118-4640-9c34-a6d54bdea9c0,43.6586253603888,-105.05977122481175,122,113.8
ce7ee02d-26d0-431b-a8dd-44e7d1a2691b,26.235275057806486,-97.27911933596317,206,186.2
0f9d414d-64e3-4e46-b200-d276740bd131,34.43951939462321,-105.48321350576832,22,18.0
11a317b5-a31a-496f-8a4e-c49cc78daa76,45.97795768905412,-80.4585281906586,470,452.3
7295e923-0d48-474c-937e-22d4c9ab5726,47.61830055728525,-105.56814206925267,168,176.3
55532ffe-4f8a-4bbd-b7b3-6c8ac0b08a84,35.68503778124674,-116.84430687966511,303,349.4
16990a20-96da-4374-8c06-4c5d33bcbb13,39.335284730267695,-101.45661332915006,316,377.9
530e6c8f-7a2b-4b3a-8f50-046bbc9d43d9,28.17584865230188,-67.18504846583956,59,66.3
6fa523a0-abd1-4404-ad71-9027d0ad7712,48.779215653424416,-111.67299663691902,151,149.1
939b66d6-956e-4d27-8d7e-1fb6a8477a4e,29.791792534586087,-88.88263912234949,646,703.8
0e81a60f-3542-4da1-b5eb-f98a4cb05d01,47.56829435337814,-99.45459005945733,65,73.9
14dd4fb6-2210-4183-b07b-87127ed6e5cb,40.24116622480921,-120.80955050868972,230,226.8
38d15265-4108-4557-98da-ffa571c9a5ec,39.19341987197148,-96.21528024611449,655,729.7
d9309208-8123-4bdf-813e-49c06a76698f,36.81721277541271,-83.57230460974957,71,70.5
ebaca150-ac74-4015-9f8c-aef198f086d2,29.766745292943966,-94.7200214261587,395,377.1
7de25ad3-797e-43f1-8125-696c56363f5f,28.41320080013771,-73.54574223895172,543,548.7
6ed5ccb7-0835-4a99-8ce9-01accacd2f8f,29.512155226754384,-107.95271601720262,275,294.3
23ce97d9-5ff3-40ad-8519-04896256cba9,28.66095655360636,-119.91129889306607,53,57.8
201619f9-a0e9-4667-94bc-5999fc63f82a,43.48961183916883,-69.74262891217764,81,76.4
3237b772-d9d6-4360-97de-0dab16124f2f,32.75313147916825,-102.68641537783508,7,7.2
114cec1d-a680-4ab0-9093-0417e8b3c1b9,25.44606691408491,-90.99207246423563,356,414.4
2452629c-60de-4352-a9f3-bc157b29885d,48.22756575352028,-78.27181555831844,379,451.2
cedd145a-e1f5-48ec-9551-40a1b46e4201,46.09464712408564,-105.86549383134074,200,178.2
964fd995-875b-483e-a5fb-56ce63bcdf05,47.19380707988032,-82.74629224752094,87,76.3
9de9ed91-d7b5-46b1-a4b6-e2026d0f39f8,48.872695566160886,-117.01028786074815,16,17.1
3228ed56-9209-402b-b51c-997683ffed09,28.347381230487184,-107.8136689148752,280,270.4
5ce19b33-7030-41b6-9e81-3a8b7de4845a,33.90605047256647,-116.46207246794532,259,209.7
e5e32b5b-0f4a-4a56-bd10-f43791022bca,42.95596189260228,-77.13739705431989,487,457.2
bfdf17ec-a493-46d2-97cf-8ccc34e53c82,41.4005154513448,-111.86369512161966,262,294.1
76cf7700-50a8-40bc-8719-438aa9dc8286,27.847397658496376,-82.67319023109259,353,395.0
a6c4816e-61c7-4245-836d-ab620df3ca7b,44.395828124765444,-69.3453945625065,274,273.4
0543f462-78d6-41b7-a6a7-032abc250c14,29.61101429591652,-93.86143966493626,199,196.8
9aaaddaf-68da-4907-8bda-46f5db1dd646,29.595440370565576,-93.13827765661942,111,114.5
7e54cff4-50d2-43d9-912d-d11ecf28fc0a,37.42436057233534,-97.79901948222908,465,412.8
71d49833-55bc-4756-971d-a40fe84da024,38.823498371042575,-105.77248153977507,211,213.2
c1a37903-b45e-4f20-a729-2a8302cf2987,38.50215519594528,-96.93635317542989,102,82.1
728cc9e3-10f0-429a-8bcc-546d5cc8c3db,26.287170934943873,-89.43435559626118,17,16.8
b1a093b1-0671-483f-ab01-0fdbbf040ce2,45.936521565759506,-66.8264972419311,69,64.5
584cbf61-8aaf-45b6-86ce-81d609188814,30.64000106471765,-69.67189100022478,157,168.0
c336f89b-a8fa-4769-ad44-a1b767427b5e,27.237873032070105,-74.13297546070581,64,67.5
b19cfc77-008b-4936-b804-3c4c62d015b7,46.218701996724434,-72.54129839341336,50,47.6
7511ea39-c8b6-463f-b42e-a9b62d7081ca,47.891287455743836,-97.39689818576946,150,120.4
fe32c8f0-8383-4d4d-a866-8a5bf7007e12,45.55319043163627,-86.21078469652957,37,33.3
89d3657d-6fdf-440c-96de-0d63433a3b9d,44.23790186812195,-72.19106334676337,322,339.2
4cf2f0c4-ad16-40ef-a3e9-7fc20ca39102,40.38104951597555,-101.81590486551016,132,109.4
66d2b3fb-837e-4436-ad26-edbebe416be9,37.77143426522848,-68.25601377761734,171,144.2
c4bf7c1d-c235-4c4a-8d9c-00bcd40b4009,26.174668997785254,-100.4686223379182,32,33.9
e3e05072-609d-45d7-a401-34a044e04165,34.21133032676747,-89.53612274180028,78,86.0
5c2a83a0-7641-4a6b-bc60-4d9ecf56dfdf,33.31721292530785,-83.12152191693005,106,98.4
b84bfbc4-03e8-40f7-ac49-8dc89f6c7fbb,30.493844594008156,-68.91507122851964,330,328.6
028aab30-4942-4b60-8fdc-64bfa87b0975,42.08550284221462,-110.5676398309163,294,346.4
11c1f2b0-4ce9-4231-8ce3-4c9081c3b97b,36.396893376969274,-80.9782722839201,50,58.9
455caf84-f389-4136-9caa-461ddd535ea2,26.0261553976912,-94.27188041749915,192,177.2
a66803d8-30f7-4cf3-8d6a-cc94c6ced61f,29.504580048745282,-109.15512870338218,56,62.9
c6b04592-ef54-43f8-9758-a182796dd8c5,41.08146909148989,-79.18019645201295,889,922.4
ffe28a9b-5154-468f-8fb3-ef0ed24887be,25.903271487257506,-92.41888546974306,608,723.6
048c8288-7d0b-4c95-89c4-92a4a7da2a34,45.28017285121922,-86.00254458166913,166,164.5
18bf5071-a50f-4b35-90d1-78988f9315b1,36.37866317534936,-105.94883695390384,240,266.4
d2673458-2168-423b-ad0b-f3998c62aa98,36.0146644331662,-96.6048368421713,323,357.6
358fa045-2409-4bcc-8863-d1ed983af50d,38.81019461648794,-88.57609919170405,255,254.7
da6a4315-be6b-4240-afb1-426fbe8aeb67,44.61702414812873,-101.1102619580792,241,269.5
53e4470b-e8e2-4d86-88c2-bac024816cf2,32.69523019755483,-113.29602014898562,637,576.1
b5de3011-bccc-4773-9940-d0f59d9658bb,40.95040381397659,-68.26321095339706,181,153.7
65822a98-7ddf-4157-a158-f45ae42afdfc,38.143299099894776,-94.82341513748557,202,196.0
ed75a27c-7697-4d1e-865f-8f57c92b7c80,30.675706754235534,-81.69869815302567,378,445.1
af90af84-b185-4520-b4ef-52da4cd5f12b,45.96574965887895,-100.74821558019258,222,222.1
1009a1e4-0539-48eb-b104-8da55119295f,43.9356505401732,-104.04722592248274,264,278.3
fb056852-363b-4260-a04d-2fb9d9a9bae9,40.46129586646064,-100.97730639043962,53,55.6
8ad94e86-1736-443c-8e79-6a681ec36e83,45.26454322735604,-100.85739801664667,93,79.3
55ffe267-cfdc-49b5-b17c-8e116cd2df85,45.68235502399506,-92.89337315942474,32,30.6
f19e0448-472e-453b-9215-1848750a3e9a,41.70907441787587,-92.93527767109958,141,152.7
e869b64b-57e2-4563-ac6a-1935968caaff,44.925333209091804,-95.66792486291057,122,145.0
e4e586ad-eb97-4867-b32d-d36d285840a0,41.43678654173209,-117.04763868987115,1173,1017.2
04ff4d24-026a-404f-b11e-fa2a9ba281e2,41.00351929400751,-95.73154676846866,189,182.2
00e2a969-ee5a-4970-841e-a9191151bd41,39.46528445537961,-115.02286987518156,309,259.0
91ba9557-1f52-4ca4-8b24-d10c4f759bcb,42.81791598894103,-117.55798860854986,81,72.7
40c9aafe-5080-43db-8cdd-e6939972cb72,27.96512763232684,-69.9739026768711,356,338.5
dc10714a-8d43-432c-8c85-3c0f01e1014e,46.02176897997321,-89.30794922428545,191,194.1
26c63524-8e52-407f-8d98-f9b56d0f3954,45.7960881936308,-86.09008657064953,239,213.2
112b2e3e-0720-44d6-a304-846469074304,24.731182075863977,-101.29417345033154,70,62.4
1583149a-4e15-437f-a8e0-af8d7fe0e6c3,44.64541876411907,-71.37012737702301,159,176.7
84c535a0-37e7-4bd1-8e95-fef28d8091a6,27.22174668683613,-87.36210111479974,201,238.2
d17122ef-c0ba-4d57-a739-6b2e878a2244,32.37797135647855,-79.61897769810834,178,165.4
56996b3f-2619-410c-8943-e7873ea7719f,42.5877064072902,-103.25481432736488,493,530.1
985e258e-1273-4288-ab73-7e371bbad060,28.018997401207706,-68.3592990316716,457,412.8
50aaa097-c441-404c-8c52-54d4c0d2981f,44.44917560297655,-76.59278388065941,708,829.2
97955b30-1433-481f-84ee-e8ad213b28a0,44.80335444894355,-74.61704068214192,220,235.2
d0a87c8a-1a92-4c59-aa6e-567a97e98676,36.68669334402091,-114.8405382218805,714,800.4
6d17ec90-bdf9-4d3b-bf81-4075d1d2d18f,24.15964679292084,-109.01317073559805,357,292.6
f2be6b4e-308d-49ae-b55d-dc589814afd6,31.17595332937282,-108.14803061866895,63,65.5
8ccc14bf-f6cf-4b86-b992-20e1591c77bf,39.423172959393554,-109.0163558284346,112,113.2
877d9635-32fb-419d-ad19-67d8dcbc11e6,48.529654450685584,-74.53091843584701,54,49.5
f1e9fe9e-216d-4962-adf8-78758c0340cc,39.79533817541671,-123.11879708269306,1,0.9
a06db6c6-6f96-40b8-a930-b77dbc1c2f23,30.495089526603994,-120.51010065013432,42,43.3
6d8d4bd4-ea0e-4a74-a86c-b7560c46d849,39.85014257749028,-108.83902263283568,1,1.1
5b6cad26-1fb7-4f9e-bd20-0f295b6db72d,37.49963449289639,-113.20749449568282,254,206.6
3016488d-2e4f-4d2a-b5ff-0faa71a3ad43,43.49613487877859,-111.32028278091195,111,114.0
9ee63200-7afa-4098-a207-d02ec3e306ef,26.67451597067396,-77.9213518340553,75,65.1
f6b3b774-db8f-4b54-a532-61955a6dc9f4,43.025697562550704,-91.77553096036922,287,245.7
8593a4f8-6e4f-4970-a55e-b58199f904ae,37.531664466902754,-124.65953098371489,357,374.6
c3fdf8af-1aa6-47d8-b86b-21218595bcd2,48.07480009647487,-99.66995682345248,2535,2343.2
90d8dada-27b9-4d65-959b-20153c8665b0,32.54680415096715,-100.93478931582882,205,200.2
674e1f57-4636-43d5-a3b3-3cd5cb787d6d,39.8155473283487,-118.27722910277193,124,117.1
b5d2f8c3-aa25-474c-88df-9f5e04797f09,47.30070263775043,-85.10763447251404,73,77.3
12c4c5d2-3d44-4249-b015-77fb464fd7cb,26.56274319976698,-83.57626588561003,50,49.4
4b5fe7db-a5b2-4555-9426-5030d9267abb,47.43071218091128,-82.46730007592623,48,56.9
5b1128c6-735d-4210-9d54-7394ecb31eeb,41.197143057520336,-82.02021421204307,105,98.8
b403082c-19d1-45f2-b3fb-eca930d2cb14,25.695926477629296,-124.99688321099448,960,1052.3
f1904aa0-e72b-421c-b26c-b6c058794531,31.524089173670404,-68.71867257304339,0,0.0
89d0670b-b949-4148-8dee-7a37afd74f37,41.704302216132035,-76.96168274377487,44,44.2
f9aea51a-b569-43e0-8719-39f08720a334,25.683765036719294,-71.66507990123216,42,42.9
1da7034d-4553-4109-99e4-f7b9a5738a84,38.55426150440683,-124.07704557686138,253,235.7
80143c1b-54aa-42f3-990d-cf1570a9f325,32.64707642382392,-69.90233104864137,87,86.0
9b41094a-3546-45f3-81ef-a1ad16aed63c,39.52288794418693,-77.22247680740182,122,111.2
6a60bd9b-5a53-4bfa-93da-d5c17794b463,25.14355084531282,-75.60407056543679,32,25.7
84b59eea-c4bc-4141-8c51-22ba25fd069b,45.78842015380941,-119.49604430140386,104,92.2
d31f6638-8c23-4684-8b46-03633d314d7b,48.33722422943492,-81.41209629380273,22,23.8
e67a19ab-a6fe-4b70-ac99-68e5c93099de,48.22194638214229,-68.36491531111663,152,168.5
dc925afc-1eb4-44a9-a30a-cfe5d8b793b7,42.741295793573116,-84.96570685632852,21,19.2
42dbe804-e2af-452c-a6d8-8adb13ae5e66,27.2521560032658,-91.33687712714823,313,301.5
4ea736f6-0d0f-437c-9928-d1f9cfca5d0d,42.95657989822556,-69.20784901280918,167,136.1
51c19135-5cf9-484b-b9a5-c716db6a1fa7,24.614672911470038,-98.86670981766828,257,230.0
5372c2f9-c592-40e1-b81a-229c051ef269,24.553088788224933,-89.64167958768175,108,120.1
2523fd5e-7498-45dd-aef6-e7f33ce89d88,32.09025547873853,-96.8960406838324,96,100.1
7e4c50f8-8ce4-4b17-a805-b1f673a10d05,36.21607976011664,-69.96207293974234,21,18.5
49375736-ffe4-4ece-8437-e39a4a43f4d8,43.26018544519483,-120.51100112083508,148,133.6
90af5f83-1b88-46c5-a096-e96d75608caa,41.08238441516263,-95.43393765130446,145,163.4
fd895fe3-12fa-4270-8782-9bac63be8748,35.14756765941871,-84.46980595825914,126,111.3
a1cf5b78-6976-4d83-b91a-fc04f3c20b51,30.840666657041645,-78.27751423308803,270,252.1
c98cc3d0-5852-47b3-be16-09366e5f401b,48.92811250394278,-90.60189980079596,357,380.5
c78cf2d9-9367-421e-aece-7a38a8e3b9bd,34.65453255589932,-71.37385309683421,278,284.8
961e84a1-0280-47b4-b906-9e02203599b2,35.28467560824188,-69.42250463385156,31,30.5
7e1b8fc8-6e76-486a-b963-98dfe4b4500c,28.090595529791727,-121.20516583157857,195,226.2
1e4df5bb-b59c-4df0-8b25-b5e412c29c54,43.87023871874823,-101.26013816705891,17,15.1
11576aaa-4981-49db-9b8a-6987397ce137,41.34205564453721,-123.61591771845188,237,259.9
b5b7fcdb-d67c-496b-811f-00f40b446767,29.51924031971901,-105.56441721490786,96,82.9
4c53498a-d032-41a8-85f6-d32283301cad,26.059526140396066,-93.32477513973447,28,29.3
7f230070-f0eb-4fb7-84c7-54632f2e2263,41.012482551867826,-71.26309909991302,396,454.7
21c94ca8-a3c7-4e5d-beee-38635e6d2765,40.362780357028385,-75.05329497454123,190,186.8
fe2a32ee-d507-46d3-be94-935445d3d4d8,30.831488174955233,-117.47751612635284,88,95.9
77494a87-464f-4d71-9818-972be4ffc90c,47.771589056260254,-119.51120789028715,6,6.8
25a4ce81-14c5-4f3b-b5dc-d1ae2e911a74,27.776447294522505,-90.23322701335664,154,131.6
cf8170b6-5117-4426-9418-fb476098e8d5,34.80837002606505,-93.60503962493182,513,555.2
caf6b425-6c35-48c0-80f7-32de2abe616e,47.59039800418997,-109.28371915562859,181,211.4
5d5d4f31-801d-4cb6-af35-31c5ea1281dd,34.49318292315306,-71.93226801132371,713,734.8
5beba8d9-c9a2-43aa-926c-e09058b2bcbf,39.96314869160214,-70.28538184176836,29,25.4
bb546eb9-a845-46d7-96e3-4aa930701ed0,33.939859949069856,-101.2459251379304,168,142.9
6fe77b1f-1920-4f12-83fd-8b3eb8ee1469,30.85538005871675,-72.47214913030231,320,289.2
aea40d56-2336-4665-90eb-55650b11ebf1,48.599441198995706,-102.34701523848462,149,125.4
508320f1-c251-4d80-9979-07a79fb40389,34.233350157876075,-81.52780692204769,19,19.1
6078090f-8fe9-49a1-b4a1-d92526815ac7,46.352480091978364,-96.91940916468428,175,144.9
03c63784-cc7a-4a06-9932-5cd710188530,29.748865147277154,-117.7675937660762,189,168.1
e4b2e6a4-ea29-473e-b5d2-c3bd1b19857d,29.327617600627082,-70.25188212701573,261,254.7
ad8e821f-be09-45cb-b7aa-04d3ce381f08,24.778352072112785,-98.20830099072535,286,283.0
1609a298-87b8-4eea-b6f4-f05be37f3f01,40.29167063439712,-81.66526462097818,295,302.7
f7bc7046-4f6d-4458-9022-604ef7bbb63d,33.21315859309403,-103.33674494855376,218,235.9
a5fe3e3b-7889-4e7b-9bd1-2f902995ff9d,45.608956245990925,-123.88602816400216,49,40.1
1dc77e08-1c5a-4f5f-8a80-f33650ede5e6,35.83024766728893,-119.06870883718167,104,86.6
c5fcad8f-45e8-463a-8ca1-e18f7538d6f6,48.20483569786804,-95.72305071009447,299,246.5
2184c91a-55d4-44b4-844a-8887e50d03e0,28.63813789257803,-84.29210292954463,613,594.2
a7e515d2-c8e0-495d-abf7-6e6f648f32b9,45.71557919889027,-105.25061573182253,16,13.1
41e3c7bb-df0c-4da2-94e8-b8cb776f98d1,43.41492131979354,-83.96618090851862,153,168.1
1a487f37-eede-4044-9a9f-40592bc95812,43.2730461161013,-83.7805002235146,75,66.7
20fc52fb-da27-42ae-bff3-c72dccbeb70f,45.11958070292219,-83.46778146765797,51,60.0
ffbb692b-848c-477a-b7bd-1646cfc7f283,43.02559977357497,-95.94121061279,141,140.2
5b6329e8-5555-4849-a5d8-b2c1fb17f615,39.655508040785385,-71.02171714283126,186,182.0
f984be43-040d-423e-a259-91ff5813f6ca,27.28112194205969,-96.13740543914368,2,2.2
f7fc7b7e-3bad-4c8d-af4f-f19d6595971a,24.8131544872813,-98.43435358369834,303,328.8
48d407a1-6a4c-4d6d-bd9c-f1d6d01d0e3c,47.02119619539217,-113.23653167837301,343,357.7
960b2ab3-637d-4009-b572-997869fc5a70,39.41625786301845,-106.84834984597614,673,790.1
96a97c96-545a-4b2f-85d3-995dd0cc8072,43.91343227440441,-122.50226494142011,40,38.8
c84ad653-c418-4349-8d4b-480951610e3a,36.03805878781375,-87.62141767664596,181,203.3
bee23d80-195a-4fb4-b8af-d825108c96f2,26.93270472405986,-110.33639110830151,111,105.7
98200987-0122-4f4f-999f-21f3587d0075,27.129644805063762,-107.05483998535756,82,93.1
08cd158e-b218-4cf8-b210-18ca18bd4709,41.13913218072429,-79.52194322180506,167,150.9
7e967025-811d-41b1-9192-b9a197776d2c,34.757647372486566,-105.69395019347422,305,279.3
54c25834-2067-4896-83c5-57299900b5b6,29.013118167508416,-110.71044237122462,5,5.4
c7f17685-f923-4acc-b5ea-4e5926ce7d07,36.28986366853592,-115.02559280111136,697,616.9
242b4c02-bc8d-48fb-b964-041b2e155e1f,25.605223426878354,-79.2833542712646,332,296.0
404d3ea9-c467-4d6e-a447-791b4e82be6b,38.54928504785997,-117.34733077858841,278,256.3
c30ed945-4432-4e42-a661-d4e244c3c424,30.724835110877443,-98.22852814522915,286,306.5
112530c8-752e-44da-a0e3-a3b4c978c1ff,43.93897751592971,-95.09112315144553,99,114.4
6e8fa09e-6a4c-4c05-870e-8ee74b5cc113,31.759048973089342,-84.44399515154284,279,298.5
6679c38e-5df6-4c46-a625-714ec991b34e,35.38050372704503,-87.63627454235328,98,110.9
f9751ac7-d81d-4454-92cd-d0f039e7308d,24.290513497702516,-77.16748029623469,458,466.0
d05c667b-ca08-43b3-8ddf-5a67fd94906c,25.81117219486397,-122.35966539835195,39,32.3
f2aba2ae-30c9-4402-a322-36de671b1482,33.81233891016712,-107.50999723801556,69,58.0
9f07cab2-de70-432d-922a-d989631e0c24,35.99847086792809,-108.4720869922526,160,163.5
19e585fe-3e87-4249-9769-0d0ede0d3922,39.000513702982595,-116.38500257006561,77,71.7
5425222d-2070-4c94-9f34-3c6bebd4a170,31.29156446773258,-107.93848302246985,110,97.7
39ed721a-fee3-4ba6-84dc-68ee39e4e786,41.37454715316356,-106.7238464655687,136,134.2
69875d99-0485-4537-b183-b2d292d5667e,45.503059929730114,-94.20881674627879,388,413.8
548632f0-d39e-45ea-b788-af065af565ee,43.496274722333744,-85.8414357433509,148,141.2
3b5a9b12-9fbf-429b-8585-ef3909dafda3,24.990470633708927,-102.51506969690297,90,100.9
05d559ac-d4da-4645-a609-254a70d0b4f2,36.012673681445726,-82.5512563525105,57,62.4
7bbf1097-3ff6-4f11-8f83-77f7b05f46e2,26.623254460454373,-105.16624502380478,105,114.9
3a68ddf6-0ebc-4667-80c7-774baf534cce,30.051125396563187,-107.87326303842914,145,173.1
07535ab9-e116-41bc-a9ba-b63486af51d2,48.66656483167866,-93.06990470443557,274,251.6
b248b3be-45fc-4fe7-9db4-3af2fc7895a6,27.56238857253783,-123.60073474195835,26,27.5
bad4d29c-0e83-4c9b-88fa-0a3d948a59d6,36.4722038362839,-120.29244170559397,50,57.1
e0ef4685-caa1-4279-a74a-ac5b07262a39,39.45389335795298,-100.3397969283949,95,98.0
43dcee64-b3a0-4ae7-a615-5c321aa3eda0,41.561624263602596,-69.36815002788637,89,99.3
dea88ff0-6f68-4af1-a497-1d08858987a6,37.991217087172856,-82.430804989238,99,95.6
5b018451-7bf0-4ce1-a001-75bc6812866b,24.24427118547959,-119.80053239946709,316,327.4
a932a9b2-d5fb-4d53-a023-821dd1a4399f,32.1615327060998,-75.06723724592845,78,64.1
c43790f2-df3a-4aa1-8d53-a6f5589d4d72,36.94279108461779,-81.79425453411733,139,166.0
c0e65014-86b8-405d-8c3a-c4e3fe0fb9c3,26.196662478620834,-88.95415498354346,196,219.5
97b7d300-ccbe-49c7-a249-a4cbf446ea98,32.76567328022952,-76.60271532405854,53,60.8
5c4ef84c-796b-4795-b347-dc42caaafcb9,24.830077719784164,-101.15751898316553,254,273.7
81a5c900-cd98-4b99-9834-96ff9ccbdcbe,25.964462428875517,-111.93143799962269,158,138.2
883fa5b5-ac7b-44de-aef6-aaa9e05234a2,33.9230819050399,-94.7906200425832,118,95.9
7aafbf7a-73b8-4d31-99bf-259a24ceab53,27.31789385107651,-92.61833641998504,332,380.4
760ef0cb-92a7-4fea-9077-06ebc9e39a2a,38.18852120653895,-93.23874405141518,56,53.7
25542519-8176-41f9-9261-b705fa1e5d93,41.236624228431644,-91.6606463026738,429,388.5
c1c1f98f-9b36-47de-9d83-9916c2a22240,44.01466747772707,-69.02640982388834,165,169.1
e9fb770f-adab-4a7c-8a73-6e24261ccb2b,29.003756106120253,-71.76750823732235,188,182.1
97a0a457-47cd-4a49-a0ac-f21bdc4f919c,28.187064556476745,-73.33269484302258,416,441.2
dd39d58d-649c-4aad-8142-d48cec31c264,26.614196008360008,-77.716408156391,340,337.8
33923881-5aaa-410d-857b-602a31631cd5,39.91075623859092,-69.33774167134817,184,198.5
8f4adaa5-0ce0-4d32-a69a-d3913ce5ca8d,41.66189316217253,-119.18881614091521,280,319.6
d1843d8a-641a-46d7-9a55-a3341dec1d8f,24.78965362064105,-109.35772757470137,114,100.1
93e0b74f-a34b-4faf-87d2-a58477c4882b,47.405306156092244,-95.79169920637949,159,148.2
79584121-9e42-44b6-84f0-806eae89d948,25.29928209128681,-75.0544649057191,13,12.7
84ce1039-7bf3-4871-b4ea-2d5c2154f1e2,37.53240838252676,-95.19522302015878,19,22.5
e49cffcf-67cf-4118-97d2-6687e96e51b8,41.72651298627291,-80.86595037884626,354,334.9
19bac80b-897e-424c-9f6a-408403ed244e,45.77422809365214,-116.80136559031395,12,11.4
2222e5c1-f07d-4d6d-b3cd-acda180f3d53,41.85217330331069,-110.10758503438295,37,39.3
facd6741-39c2-4f9e-b716-1cc65d63fcda,44.04320207674479,-81.82521039277734,318,307.7
ca21b343-1d09-4660-80d8-7e65074ff2c5,32.486254813570156,-115.28069347562428,0,0.0
7b9a5011-a32e-45ec-a275-831a3faf0cc6,44.3706278436628,-104.26999985535932,66,76.4
10876099-dbf8-4c3e-bb2d-6673dc9563a1,26.00287115961688,-109.37289078899929,175,175.9
08b6108d-673f-4b82-8d15-7abb37c92369,46.37041640151319,-104.35816004087377,181,191.5
7d2ea20d-a9f6-47bd-b0d7-9415638929bd,37.689809403843405,-83.20888110439975,300,247.0
d87d3990-1aba-4f19-a2b5-257977d267e7,44.43244424906234,-103.29701631257474,141,152.0
a0a27e45-c857-44f1-9c6c-799d4e040262,35.3079571129575,-92.23946396613152,142,153.8
076de0ac-1ad4-48d9-a5ba-5b18b1957117,40.08944237991312,-119.10401925378983,258,243.5
f7e415da-a513-49a0-8afd-35e0671735d0,37.16006652340283,-77.50395609915697,138,122.5
dff6143d-a658-4dcd-98ec-5bb1cbd1c065,42.2897380438833,-103.17657108676063,188,219.2
a0ee1ab8-c62c-49e9-bdca-29dbd7723eed,26.04074955076474,-86.7364846170328,456,442.6
7d052419-4300-49bb-b233-09fe201f46cf,25.508802099764097,-82.20201350195188,103,109.3
44ce64b7-71b2-43a8-96dc-136fe26853dc,30.177580850253662,-112.63000559540967,97,78.9
5d0ead7e-38c8-4984-8808-2628c5e207ac,27.98861700282971,-72.80417588775235,1,1.0
71a3429c-40e9-4aee-8c42-0cb4224b8e5a,45.794589164805046,-88.64276915518977,190,214.1
c4ea5f6e-2f73-42e8-9dd4-1b9a7f0c24bc,29.480349683951108,-99.7052166366626,6,5.7
fcbb222d-6c0b-46de-b96d-ad4ccd752e49,48.39663139547828,-114.24222416888504,140,145.8
46af0348-437a-4213-9f23-c1f6d89496c8,32.42239479427767,-69.4042446638288,326,288.2
364158bd-62b4-4c29-b459-2d4199a4b4ce,28.55294789221748,-80.45097595623412,160,154.7
ccedfb44-f4e7-4d0f-8aa1-b2c463446099,43.74246267856198,-112.72655079873832,63,73.8
b2da47e9-6c1a-4ee8-bfad-510f9b4316fc,40.4676943875219,-105.07506429127075,309,317.2
30572ae9-547f-4ca6-9406-85fd7e12d556,36.45489291132847,-77.22921877280368,63,73.1
27368171-691c-4f32-8b71-b0c8c8e261b9,37.88408877344078,-83.955017870295,264,306.5
d1eae8d2-c38f-4e9f-8549-537531d89dac,41.980044456806596,-79.81872672977227,188,221.4
d031e18f-7f78-4dea-adf3-f4ea49bd21e3,29.711368533282467,-98.969134969437,37,42.9
1087e16d-cf2e-450e-ab3f-1e54f351bbde,48.90834790141855,-82.72790050411214,471,377.4
e4c5c991-d923-4228-b8e8-cce18ebabc25,48.36982905366958,-102.19687035102909,45,52.8
521bd084-5d41-453b-a02d-ed2c653fb401,40.25814215867342,-112.53548790064642,913,780.6
121225c4-3add-4a28-894b-c61e797270bc,28.988561273228626,-87.67205494435976,1,0.8
64036c5e-81ba-4081-8dce-85b9ac300aac,41.00570606078229,-67.41517838967114,61,50.2
2c3d82b5-e4b2-4120-9a9d-f7f602989135,25.804960224479395,-106.67454268767555,45,42.3
5115075a-756e-45e2-9b76-05e210587b5c,24.766312555145152,-97.80279405946015,3,3.1
e52fcf87-df3a-4806-b439-b84d2c73ee40,30.442072212780342,-85.23391910687863,264,253.7
5435ad5f-2a1b-471c-be90-3e98cd829071,35.56557391848291,-93.05112935477322,236,191.2
3ba5eff4-c85e-45ca-849f-f4aaae0f0b56,45.706812635209516,-75.23776005316608,314,311.0
93a56d92-d8b5-4c03-8179-2ae54f2c083a,42.1792267441577,-80.05718031829856,59,57.6
c0e3cd6a-988a-4717-852e-2c714b305244,42.56766302999952,-121.56046497212094,118,130.1
7f5b3286-bfc6-4de9-992f-81bbb4f01db7,34.63733336120188,-66.09314719849733,215,196.0
f43f613f-eeff-4813-b32f-f867638f47b3,32.648374813674074,-80.60825523055144,116,102.9
01722f35-e6e6-4d9b-b5c4-7f914f976a93,33.27596907461507,-74.02970433864732,239,215.7
850e9d98-c427-4fbf-95ab-ad685e176554,48.69123909340145,-86.57933498637456,201,185.2
37220c79-cd01-4a9c-b712-e002ce0781a2,25.002729785312063,-74.47917744524102,24,25.0
41423b6d-dd3d-4d53-a85d-36bd5570d691,45.675787403061214,-118.36940447920614,304,300.5
96dd4e86-2199-4bbe-9f93-0cbece7c6dae,38.46688521430983,-104.48346770200038,255,238.4
087f0b22-0ce9-4ffb-a90b-30297f0b6b60,34.965385479739766,-73.29116432733493,213,202.3
d07f3084-de64-46c1-9e57-c89c4b9b1c1c,42.13144151037841,-113.10234253525336,34,32.2
bd78535a-44cb-49fa-bdd6-accb04825e2e,36.16672353561757,-120.38371618377866,62,73.7
d9dccef1-1069-4341-9c2b-5b8b48a6be32,45.83558095204151,-78.50098254323208,100,89.3
4d6d8b31-8e12-4406-a7b8-4ae35264919d,46.51754660028146,-75.70631681704552,66,74.4
bff87d46-4dc3-4406-91ac-052d2c6413b8,34.54302317183638,-115.40351912679586,52,56.3
3f4ca3ae-431e-4dd8-a216-c3d6099bd6d1,30.920694930876287,-74.5935870158198,327,262.3
2b86d592-a569-424a-83b0-f255054cd370,38.80875821483406,-84.480700059767,203,243.0
eb734509-1e1b-4dc5-865d-e127637c9cd7,46.80908364041727,-94.31512169022155,167,184.1
9a49bd5e-8f2d-43cd-bbf4-bca115d3ea0d,29.266554725141663,-76.01523862589829,51,54.7
a64cca90-bf61-44da-a74f-55674a9c47c5,39.57416458908707,-100.26429429018103,500,481.1
2ea60d73-8079-4bb2-95e6-2c488ef94f95,39.78900550231302,-113.55435658281957,42,42.9
fe2e3677-1370-48d8-aeb6-b775346e21de,42.327825560382024,-108.1936920799738,317,285.7
a45cc755-41f0-4964-9685-630b2dba07d5,27.289192128181494,-95.19532292069442,680,553.7
d7c5a1b6-c64b-4d3d-b02d-145d6fdd1ccb,41.895624117052215,-93.65148323228263,260,294.9
96ad1b49-1bab-4683-865c-09b4e5a988a7,46.72581301664103,-77.47073123996722,988,1144.7
47c8abcd-4793-45f2-a78d-af196b58cb99,28.492077721756047,-78.31018930451228,211,182.5
95808557-08d9-4f8e-89a4-e13a753a5d76,29.93858312309694,-90.69937312493008,49,54.6
228e8bd1-5345-4f7f-ace6-23778e4b28f8,48.28487735104099,-78.93365648143688,46,50.4
1cc2266e-86c3-45e5-be42-975b735da530,28.524423817737244,-113.68536596067341,78,68.0
fea47d17-967d-491a-ac88-fa059d6ebcbc,45.35962733423948,-122.04619290149563,1,1.0
01768f50-f184-4311-ab4f-74418f2d15b0,36.30694641120087,-73.45560446455269,229,221.9
d6787bf0-33e0-46b9-8e10-1aa45b7c2571,30.180776860079426,-120.5422848679966,63,69.6
fe2ab69c-7e78-4075-875b-0b79d39a3884,45.768747531812785,-110.44538264510416,338,383.7
68cde483-06fa-450d-922c-8a80a99486f6,35.13263137506664,-83.97618197216131,89,74.6
25189086-f7aa-45ed-a92f-f286c3e28daf,36.87043384824226,-100.84257167998877,131,134.3
21716de7-df0e-492c-9da1-4bd193cf2225,32.98083423499414,-73.29747577498497,674,744.6
a7a9292f-91ac-4d0f-85cd-3c580b975dbd,38.823771285873185,-107.41919211492609,55,61.3
17874dcb-6339-447f-a02a-3b4ac9bf7967,28.08809681462557,-124.2995905465078,255,219.1
52613118-af23-4c8b-bcfe-6640c5aa7e58,33.77703841629402,-107.26131720691609,281,283.9
9823efb5-b06d-43ff-a84a-3a3606c5b0e2,48.23530805838219,-90.89357209809494,50,57.2
a9877979-6cad-4506-b288-47fd07b4800c,30.45333581752819,-102.81963585120569,139,128.9
3831327b-9274-447a-ab13-530b95779d8b,40.4184166135323,-93.44250741023345,86,83.4
ab31343f-4a68-44f1-aa3b-e571aca58830,32.12975160561737,-73.28071098873389,296,332.0
d4fca4c2-2480-430d-af76-65605d72dc9f,43.33682814216502,-71.16338180040826,195,163.0
b689f7ba-8e87-460b-be0c-0b93d975785e,27.271841517958745,-109.30753018540739,129,147.5
469c8207-adb7-4094-af77-ce396a8facc1,48.24552612696362,-97.73371207707586,302,279.2
0da4d5ac-e217-407c-bf99-6934891a5715,35.34473853459098,-92.60050310075438,54,43.2
210593fb-3123-47dc-8f6d-1db05b5f519e,29.9012615836616,-69.00236504359341,280,250.2
9fb163b3-3f77-4196-addd-4db19962d6d8,25.837418683250316,-66.08157816930131,401,335.2
5d00af2b-b5e1-47f9-a2bc-03dc4c75bee3,28.24394762718852,-111.11097231834992,422,353.2
fadf1f14-6392-47f8-9cbd-0883d485871e,36.99434871390044,-82.10818759059688,306,329.6
f4b3b519-d8f9-4991-a5da-002f46267505,32.42507941078216,-102.69616732824149,105,93.0
c0ca0ec4-20db-48c1-91bf-52d881a1b6c6,44.72208414706523,-124.52161638371342,801,940.3
277ac163-c6e5-4c68-a151-2bf476d603a9,34.77218809154515,-124.45410117628177,95,95.6
8a6c1639-fe0c-4861-919b-da3accf9a292,30.217856814690748,-97.82660555382691,204,200.7
1c1f0b7a-98af-4edf-8e5c-1f70bb2824e4,39.42862466510075,-96.18824013274426,35,34.1
b28d25a5-cfa6-4a9f-b8ec-b1a22091b8e8,41.669430422136145,-123.66838790216688,787,847.6
686b9b10-aed9-4c0c-a199-371b9d9bb8b0,28.176047697523746,-84.47128241031615,243,238.4
de6acec9-577f-4b6f-9a3a-c8c7bacc1021,28.190480407207943,-107.65380007289777,280,238.4
03eb8e5b-cacc-40bf-ab6f-a61011c1d21d,24.916785673338573,-91.966307009379,14,16.1
f41beb3a-5d2b-4b06-bdbb-a64deb43f997,42.41005037664101,-107.24577468324028,288,279.8
a92ec2ab-9ad7-4a9b-be46-c0494f5c4665,40.59511319054513,-115.13907542271087,298,247.2
d3fcfd31-418a-4989-bd1f-bba57dce7885,35.86577189374535,-100.97674942266636,223,225.6
55aaa771-6e30-4c2d-af97-d2daa07a350a,45.10426122422993,-111.29587147736045,69,73.1
399cd7c7-f89c-4fa7-8e33-2b037e4f97cb,44.14175382375133,-93.44674236176908,135,122.9
723dfadc-3a8b-4f64-ace7-6e11026c4d59,38.6338591099188,-113.26911671309769,23,25.8
13b05692-e979-4bf6-a417-fefaa20f70e3,45.70678201283147,-95.004047377967,128,136.7
d4175ab0-e0cd-4392-a058-3c5771d8ca87,29.146030250919207,-115.71466762273681,56,59.4
081fe53a-f46c-4c0b-bd0b-4932db4b5da1,26.7979904849432,-85.41249214033868,86,83.3
124aaadd-ecc2-4cce-a357-404c95b6766f,30.74374028792474,-80.51767661795597,35,41.5
e4a8d123-e3de-45a9-a494-6d0e7788d20d,25.427171402232872,-118.4867401792539,52,47.3
e6f9ecab-1a02-40d3-8c6b-4f34cc9cf745,37.2792382000258,-97.39965768979698,16,16.5
de00a219-cfc6-459b-b1ce-129067daeaca,47.41514230737404,-120.81856966136246,505,466.4
c7b3b3d0-1505-4a0f-a688-5a755e7a330e,24.983588516712743,-89.70723571302186,151,165.8
9b5257d6-28d5-44ab-b12d-5b2012f587ac,27.052747850250668,-109.40014642215093,101,82.7
03994229-99c8-4a26-837a-88d421925ded,35.30497570708588,-93.87015704651624,153,125.2
63c88489-3c48-4b7b-9ac6-660d336217fa,47.34687543819762,-94.46980044632681,198,222.6
816ff61c-36e3-492e-8ea7-fe74980d80b0,31.903902624418762,-70.46309357456578,510,496.6
73612fc1-d1b3-4494-b02e-16deecd45d5e,36.680870217209815,-92.60408986844536,39,36.5
007b2311-f9cc-47b9-9a97-128bc3baaa07,25.0393214762598,-90.60308969661938,70,73.0
c95c23bb-a6b4-471e-ad96-1f1bed75f389,27.70858002405222,-101.30246557990156,744,804.1
b273333f-c8b5-44e5-b02e-31a916da45b4,48.665753073971175,-69.0043034122138,93,81.9
296f20ae-851d-4163-8a7e-7344fb57de0c,48.127967410901135,-79.14603134306303,5,4.4
91c9a7e6-6ee6-4f5a-8691-b2a8217238d7,24.12349952336024,-108.16108787213236,32,37.9
5966d155-7f5c-4158-94f4-14dd5e5a3856,47.79529463558097,-75.19163443920232,5,5.2
ce63964b-43d1-464c-bd94-9b1b2f94f717,39.97799844538751,-99.48861474907969,920,879.6
24a5c589-f311-4d43-9866-da9b39679890,45.697957363000555,-76.10863853151795,65,72.8
441f5d95-a699-4f95-8e3b-dac33d128487,35.368496390846474,-76.44960397068337,514,519.2
5cd6e966-915e-4934-a173-5d17b11db50c,36.88990071448126,-113.8566589809916,1099,985.4
f00609f2-e756-4690-b5d9-a86757e74bf1,36.22116450642301,-83.63267324836896,183,161.5
70334687-e34f-4907-854d-249f03ca3252,40.67160643865261,-107.85206481091467,7,6.7
e5609ba6-8614-4dd3-85b4-f8d5ed91a96d,27.49128136890782,-107.44793247043258,17,19.4
e9870026-310c-4b87-9d50-a3a210edacbd,24.74933974681695,-107.51546346404574,131,108.0
0cedfc8f-d706-40b0-bf24-1fa353896fc4,31.698248539779772,-82.19147339396307,104,92.3
27f0606e-acca-48e2-a0e1-ac4cc3a8f0b8,41.61701906841617,-111.44026353424037,186,215.3
ebc1cca5-8061-4549-a540-902061ae3ff8,29.04633630307371,-124.94655572048067,116,98.4
6709176a-73cd-42af-9409-5e73aa9af7e0,40.835810833122935,-82.80102564452466,544,572.2
ab2ba7ad-9806-487a-924c-185bf7bb8dd1,48.24780115268176,-114.9001001137276,394,348.8
e42d8674-9e7a-4543-a65a-4010f0958169,26.34751789473546,-118.83553867683776,237,247.0
a0a924ce-5ff3-486a-8feb-9a4b9f39276d,40.81505295562816,-110.98654888495045,454,432.8
bbaa7a8f-7c4e-4581-94dd-33af0bb3096b,35.09375548261428,-102.58586918296047,32,26.9
de73afc5-5816-4a70-84e0-cdb88e6a8d42,45.703556359437634,-96.92152667908115,52,53.7
c4031347-7175-48ea-89eb-74c0fdcf773c,28.428744736184647,-122.37036759795478,23,24.7
8960e601-1d63-4aa3-871c-0184992d6a43,41.315648805654114,-67.73617337498573,30,32.2
6ab8ba18-dc22-485e-828a-37ad0563b886,44.95288224120276,-82.75227984824608,144,151.9
10b70d59-363e-4022-a432-61e82f928825,47.61535548685058,-105.93155014586416,77,77.0
d3943b52-e4b6-4ec3-ac36-0ec3d7ad6c5e,41.081200707241145,-106.19686182016156,110,110.9
5a7dcfd6-f4f9-4358-9e83-6f3aaeaf74af,36.42936910021068,-98.5359895872609,809,852.9
c10b3067-ccc5-4886-9c56-ba8ea8b9e104,39.44618100503035,-88.05155545698105,34,36.6
07b15cef-f123-43f6-9dbd-97e5cacd4029,45.72262461196796,-116.3639890712509,156,165.7
46dbb9ec-2d73-4aee-abd7-c52a389a7b99,38.26524366597074,-113.85314098786782,21,21.7
a7db7c43-6ff1-4e19-9181-00d519f79403,24.759676492420923,-74.2933596128205,77,66.4
d923b640-82db-4335-a260-d1c1b7a7c5ac,47.273717387674445,-109.88095949054471,150,132.6
97bcf539-75f5-4305-8ea0-e88a198f180a,41.23816877578903,-102.56849511946453,586,529.8
bf4aff8f-9f8c-4026-9367-801cb9d8ddf1,40.912834644431165,-73.5949607939431,99,115.6
789dcd18-72f6-4e81-9e57-9cfdaaa71d95,29.39187880994293,-85.87427806541046,13,14.3
9e907761-b043-42ca-9cd4-c127e8afee43,40.47213675581643,-104.83899911884039,98,100.1
5a84382f-ef1d-4e36-b479-f103e9e26fec,33.84661014135396,-84.66172680224737,32,28.8
7d72ce34-6a08-48a0-9115-f119126c4ef3,40.2808244260373,-123.8386902924966,52,43.9
07668bab-405f-4c34-a71b-fb32386fea16,26.664825757699766,-81.59708305932945,193,223.8
97fe09cc-3764-4bbd-9010-14a7e4728dc9,40.446132615075896,-96.26605360954187,14,16.2
885b9228-3787-484d-a010-c8b559540ea6,48.985343144266665,-77.02225331021678,125,105.5
73b182b2-d81d-45ca-8fac-41ef0cfc1778,25.2053009715139,-68.67637853161837,188,210.4
d47a348c-c372-4b85-aff6-99e845401a54,48.429354605532936,-70.37847557982047,110,107.7
d69337cb-2258-4117-be11-e2292d426568,34.17269901807177,-71.35336243613489,4,3.7
421f88f1-0bc5-4507-a0a9-3eee34aa87bc,45.76883625843148,-94.78197259990066,847,928.0
4ba038b7-fe5a-4fac-bfd9-dfb491571d9d,43.559637101456836,-103.75161526580266,91,95.2
a0866904-e8cf-4190-ad22-fc6fd6ef522a,38.1754065246667,-97.5629158408903,302,335.8
c745a6f4-6442-4e42-b8cb-6f7226705904,42.46123023128317,-84.29613580451172,79,65.5
bbb20a36-f22b-4260-a22f-33fd1a8787a3,45.962889032533695,-72.84413116459999,129,119.6
34243583-bb09-4433-a677-cacd888c43c1,34.10350804127582,-112.78780812299294,98,90.9
6b58acd7-0970-4f3c-bc66-859a394492fe,32.175829039080966,-70.82660365075952,84,78.3
2206e658-0da0-49ee-b8a6-8b82de751d9d,40.68983463908962,-76.90436631377653,4,4.0
034cb317-c4e0-4ed2-acf3-3f9fc961853c,44.19614854853147,-67.24749510448416,89,81.3
84065d72-1c9c-4a8f-a7b4-0eefdbe94757,43.057128369415395,-73.06514537638046,441,431.2
a00db410-a279-4577-8176-b019f756edda,43.94534122146587,-108.4836975481775,234,221.6
0192249e-33f9-49a4-9b93-1507be413140,34.88958287032332,-118.74860123070118,31,33.9
d65d9840-b639-4f53-9684-93733ad8c6d0,44.445855404375536,-118.37777675249627,179,186.4
aa9b09f6-b077-425d-bab5-43dbaeeb65d5,27.00522638426521,-107.81782420388171,446,473.4
69315afd-c7e8-40a3-bb6d-a5ed3b3d16e2,37.61222744902124,-88.76316028491217,241,213.1
7175f52b-2a98-4ed7-bae2-266de00de7a5,24.14396651245304,-77.54510076026682,32,29.8
cdfe06bb-a941-4a33-901f-0504c3f10c34,32.114645747506756,-71.94423188808767,405,327.4
7672d135-3245-4bc3-a6f8-2de32e67de37,33.16153837178494,-88.19855032221527,72,60.7
cf9641dd-f216-428b-94cc-3bfece57d159,33.90431729023138,-124.66775254786484,121,109.6
c63feac9-98ec-4eb0-9793-0c9e538afd2f,41.38668016724655,-114.00731018540652,149,123.1
f614d3b1-0d0f-45ef-b28a-5fa79970b964,33.71395253175864,-119.11615397265129,380,395.6
7c28e0af-365a-4a68-ae44-e4e0d64c9807,35.21734056556326,-103.56385594142841,536,642.8
83ca0ce9-691a-4a15-bdd5-5b8023fa7d31,29.938603271858184,-95.420291375609,531,446.2
2a11fd52-0a75-4be3-8f09-d3c7c202000b,33.3312947907335,-122.4395664638649,2,2.3
fd89220c-36ee-4219-891d-8fd73edce3bd,29.681740681578788,-104.43979942805633,510,432.2
6831c299-b46f-4a6b-83e9-8c6ffb50551a,25.829898094211092,-114.42839919710596,33,35.2
124349a3-1725-42c9-b3b7-c79ee59267c7,39.086214834534445,-86.82286019072643,62,65.6
344167d0-41e8-4654-b76b-c093df338e26,40.70531996387541,-97.60793020986394,322,373.9
cbde7f5d-19c4-4dba-9234-a7151eabebd7,39.48725865024036,-95.77625883089938,131,110.8
34cbbc67-bf37-474b-a5f1-1ad913443ee6,35.58735109501431,-99.7661845060258,186,172.3
90152b61-9740-4fc9-beb8-cb96bac33faa,33.494644504480746,-68.59483708129255,131,109.6
09fdb2ce-3056-4fcc-8b85-245c590d216f,45.583341239295635,-112.33062761782777,545,524.8
71bde42d-6bc3-4553-b7ca-217687bdeb55,36.97704462840545,-94.51680866921141,55,64.1
cfcbbadc-d1a0-44bd-91d1-a4f4b4149c10,35.979546940743276,-81.57497526644518,64,71.2
16dc8fcb-1a74-44a5-bf98-ac798f50b175,24.641051645160893,-92.14617962506081,507,552.2
7a522fa6-33c3-4ce0-b1bc-3f278a5443ff,32.53119569065391,-70.18776774270873,16,16.2
527c21d0-f9b4-4586-bd77-cad3ac3812f9,33.504890469646426,-102.69986701716424,188,216.8
be849225-5d49-4003-af7a-0d460bc2a196,33.97056952242251,-97.6431274593825,229,224.4
e2ed65b6-0c77-4115-b9e9-4e99740fb425,38.504309230683305,-119.77718340233102,141,121.2
4621969c-6839-49e8-8de8-83cf0d1733ee,37.340063668171965,-89.06905244793622,237,269.0
c6e56bf0-afe1-454f-add1-e084d2d8d06e,39.197627319836116,-107.99549386156174,38,34.7
e9e426a7-ab25-42ec-b304-0e7a7b52b5cf,43.1220815385532,-115.54176666858143,2063,1694.7
d02308ee-9ed7-4a0e-8011-55dac979f6ac,44.324643467902334,-92.87265371863403,30,25.5
3c5718d8-811f-4259-8911-ba732da3dcee,41.95307690566236,-93.59369446058528,102,106.4
d5a763c3-9bae-4d1f-a05a-a7d7ecc92c9a,47.88809239887337,-120.5235731677812,16,16.7
6ef6120c-05ec-42c7-b2c9-4fd49d36a20b,24.45581456690904,-83.80528824382611,158,142.8
49af4c55-8790-4137-9991-c318ff41fc95,28.894449642088652,-88.19744075159969,222,242.2
c0019e2e-1a15-4d38-bddf-dfd76e645155,24.189071874453553,-113.84798031795667,567,629.1
02f2f781-aa3f-47d7-9e95-ef28c71a7bf9,40.186867853865074,-97.30334313291141,269,314.2
a629abd9-663f-492b-ac25-ff5194476c5a,46.450763723749674,-82.50094792776497,156,161.3
ba2179c3-e872-4cee-9676-669ab7f5dce5,30.087057414407482,-93.76329130806468,539,599.2
287e636e-8d49-4416-994d-902acb36e228,47.175863619907666,-101.66614450516936,130,143.2
59c3606a-0a17-4eab-9e50-28543d151591,25.50668475723902,-105.98203097322433,165,149.0
b55405f3-0125-46d4-9e7c-cb1b8ca87eaa,47.36090067013786,-88.98676186800084,181,167.3
1dca6801-88f8-4dc5-8f4d-0b0a3527598a,32.79056718099086,-69.59258679969581,106,105.1
6216a69c-99d1-4abf-aede-bfd9d211d626,26.53552071123041,-85.36705441182848,365,294.8
f1f2d312-d38f-4855-b114-0555d27acc18,36.14679397965814,-120.58999168545739,41,37.7
12f4a766-d634-410c-a596-768fbba13f39,30.4194141930127,-97.8195865645541,162,160.3
fc6b5840-5389-4d6d-82aa-495561074527,31.12182254904807,-72.44137624087298,256,215.9
672aae19-5dbf-4bdb-9319-b561857c9491,31.682249123157163,-119.42671687773587,469,398.9
9897dc0d-3732-436c-930e-0584cb26279e,44.075647445816585,-66.65633298388494,431,424.7
c3ca6350-2fa8-4ab5-8ddc-2b7478386ff8,37.47903191688136,-69.00490577492013,142,155.1
a04abeeb-56e0-45b7-8b4e-485f3ac7f677,31.782692478900092,-120.38180563693733,206,233.5
a6bd572a-d0a0-4bf6-acf3-38c65db986e3,39.25834458277296,-69.92861409347626,100,101.9
4676bb57-99e2-448d-b46e-59754aa46b4c,41.90376685557984,-103.57517717469173,126,124.7
d198706e-d12c-409a-8747-6d928d86e137,30.815600018338344,-75.1621591425241,473,451.1
c493389b-a8a4-4602-9bec-2aa71f5e02e8,34.33872753813379,-100.31538307491698,534,468.4
fa865665-0c25-4a37-8ce4-99c2d967d736,27.04715233342369,-98.98954835055156,452,388.1
147f5f5b-e62a-4d5c-acd2-c5ac3609b6de,28.52873373836701,-87.579657632325,30,33.5
fb8d7bba-17b9-4a0e-94cf-c866c004b669,41.02794634912457,-79.30583226271699,380,374.7
2f4e2788-8569-4953-93b8-2b134e67e75f,28.535958692390672,-123.00644009405333,593,661.9
ee88c05b-e21b-4d92-9d7e-f41409aea101,37.1290845916765,-90.00379626389908,90,97.3
ff9012b7-9498-4ca4-9d0a-6d5188105842,41.72615654306082,-113.98275334825512,146,128.1
f39cbc10-9ee2-4f7c-a725-2d6ddbe67676,26.671923077368596,-104.58897844607102,302,303.2
2fecd143-9c72-4330-9554-85787c9d99df,38.182805490722586,-104.46984869684223,165,161.3
c95f4d79-f965-4517-b046-cd186ab6dc73,30.414069592534094,-97.32543992695193,1007,976.3
9699ff1d-a2f0-4ce6-98fb-dd670d4f652d,48.0731718809395,-105.28595169930577,122,124.1
f4e1ebc2-4ab0-4f00-b5b9-bb121812b8cf,36.08864116799812,-118.66569401141061,250,298.2
659e6fd7-89da-4206-a54f-11eb95dad7d1,44.14981374437895,-116.40790442699837,315,354.4
3211eb26-0e3e-4a36-8542-c2fffd67ec6a,37.755663553906544,-123.02715885189524,136,158.0
9bdf2d04-a76e-49a9-a82f-c4a5aec43a69,25.085313321370478,-97.2553039656035,389,315.8
4b27f690-ee2c-47d3-852c-58d3bb9a6508,39.828784389850554,-68.68758600367369,158,135.3
18077ba2-ba30-47ee-8fe2-42913348dd89,47.78508355516642,-118.17516180476112,106,88.4
cf81afb2-5e57-400a-a7a8-745527f6a9fa,39.04029550365828,-69.17039491281815,23,20.8
f240cc6c-cd0b-449b-bec1-0e138a34dd38,44.47972148566976,-81.73167063080649,100,97.7
dc7a8f4a-64b3-40dd-bd1d-13316252c305,46.1051615837102,-87.38757062688438,265,280.1
2e4d8463-c36a-496a-a643-d40a971cc290,29.701994298723314,-86.9286124359098,508,508.2
6a0db243-2cef-4a9d-9e35-145f28f208f6,29.301120997705667,-76.22306874461935,58,67.4
6df66e63-d970-41e6-af01-bc05114c434c,39.274524721274794,-118.69172800159053,88,103.5
d037ea62-e767-4467-8195-96ddb05d4857,34.27571174516762,-95.21949490963304,33,28.6
d76aa383-4f78-4936-aa91-3aefd0bcf7fe,44.99653257166801,-83.87162284261524,235,268.2
6b9549e9-02cf-4fb3-975a-97af3ab1cf43,46.50057808495028,-90.37759374065973,645,640.3
c2878886-c53f-47d3-ae77-b7577f678dd9,32.83553448256795,-75.86603480962562,205,201.2
b6dac16c-feca-4ae7-82c7-18e3ecd56e5d,29.92176397436205,-120.73596916833026,192,213.9
0d0718a3-1e00-4878-b685-bb1513949b26,43.51313788109655,-84.24863866954921,161,134.8
f9dc196c-451e-4cc5-aeaa-802c141ee5f7,30.870150888703403,-93.49236390730165,19,21.9
40c8d193-91cd-470b-b24e-9b5497da38ea,44.56535796284196,-102.62950902518334,261,278.8
1e84df05-b5a8-4278-b1c2-82834c1eb681,34.59345634121907,-104.92377604819218,184,211.6
705ed716-9f18-43e4-83d2-a89b1566143e,40.68874748228676,-88.37087466632262,217,259.9
8178db47-87f4-432b-8ad3-4710bfaf55a3,26.388382845866705,-72.43127289598837,458,461.3
17d2c0df-afcf-4353-93ce-d64dfc1d9e97,39.59648311691433,-95.7256203600342,306,256.2
82e96327-709b-46f0-8da2-780ff9fc51c8,35.294191968430724,-76.34133331946171,304,263.4
5f012eb3-41fe-4157-816b-63c22d42cfe0,38.66521157938685,-101.27277347120591,524,487.0
8705bfaa-21df-460e-8b8d-8eb48567d030,28.200355193621586,-118.95872669520259,920,774.1
ca3ebd67-2d58-4f14-a41c-c0c064d15594,42.42184362360455,-121.37116154894032,174,195.9
94a65714-83aa-446f-87f9-3987e0336d96,45.569926938580714,-121.97127209190302,23,21.1
1a236376-88e9-4a66-b303-903d81c81ea6,29.418495002269392,-102.57114162449747,123,146.4
55ef6dc0-9f86-4306-b19a-a53eafded500,26.392863888004044,-105.10297270068531,310,335.1
38ad51ef-e7d1-48c0-bcf6-1f82db2e59d3,24.59096465115841,-82.6417156062684,6,5.2
0f64361b-7c3e-41a0-aef5-6727978e6587,40.04928751108165,-81.17353140649291,12,11.9
0c2f740c-672a-47a0-8aa8-73cb607b5cf1,39.177350902219516,-121.99961583880935,14,13.8
4dd339db-437a-496a-9cf4-5b0605cae18d,37.667435317851755,-111.95372748954811,263,262.2
68f9f89e-28d5-4957-86df-f95ce872a71e,29.798677402899386,-108.81855084062492,139,141.0
ad9e1bc3-39e1-48c8-84bf-83828b56ad03,33.77264989763787,-92.69089293557425,92,74.7
48ad3f76-a78a-4eae-a38d-286fdd04b94f,38.861908379654324,-116.47360178948993,22,23.6
264addbb-24a6-47f8-a911-0ad8a2eaf87f,36.41917147147923,-117.09746805539997,264,262.6
87b50e7d-9a9b-41c3-9142-6f6fd267c82f,48.694638005372184,-69.31645553673047,77,86.0
f86c6e79-1415-40d5-8e23-9e5411398aa6,27.410993813918328,-77.55202846943092,62,69.8
fc391d9a-45f5-4da1-9b76-09894d49faca,41.37861385118984,-114.34136077662095,211,188.3
8a61270a-ef3c-4b42-b410-42290f5d372d,34.10796920260731,-101.01249933357603,164,134.4
047fc8ec-d3e8-4e2d-a1c0-7e7df4a4375e,34.70499037314037,-104.01830204380363,90,97.3
c9da2dfb-7868-4852-9e57-a7c67844f751,41.939944141454404,-78.33075963014096,205,244.2
df9e5374-3043-4fd8-8d56-900eae466012,41.31090378310924,-94.8974379277908,63,61.7
be85fb27-ca1f-43d2-bcfe-189c17791349,48.781399842554706,-117.45686551738544,317,286.5
af6bf884-2ed7-4395-858d-620d36daf092,27.20985723635313,-81.39946827378161,52,44.9
e735e113-c9fb-4ae3-82c7-c1b55b0deaec,26.60274123460416,-101.58360928472979,35,32.0
1b03df11-cc59-4253-8a95-5cdf6cf4e30c,42.108470428218524,-109.48746938970332,305,284.0
9ac2639d-12f5-4867-b447-e14280b11ae4,38.45967292516023,-102.84558130077751,246,238.5
52234611-53fc-49d8-9eae-8f6b508e7e68,30.854016663995147,-95.63236274719311,40,42.5
95adc62b-0cdc-492f-b8e5-e193179282f9,25.985484224724665,-104.75618453139644,25,22.7
84b89809-1ae2-4277-9df0-0560fafbf814,26.141456239910763,-110.72755941708628,365,299.4
ac9285c6-03ed-4e7d-bb65-4e62284c9051,46.35477186660296,-101.48838030056515,300,284.8
d2fc41ff-5281-4f8b-ab61-e6128fddc376,28.796683117968573,-123.868798265756,79,90.2
a3761eb1-9928-4992-8768-d1dcdd84afb0,32.08428905288802,-79.42262708031748,215,214.9
273e6bc0-5447-42be-b1c4-44d7ab866b69,29.6664100556747,-114.91425127951244,27,32.0
61f093bd-9017-4fa6-89ec-962332ec6d39,32.87490764579843,-122.4096277957924,141,141.2
e013664e-da46-469b-82a5-50b84d9ca687,25.735596068652335,-86.43177711860034,4,3.6
cdf0d1bf-39b4-4ee8-80a2-f3d1a19725d9,36.97649477270676,-79.33776839940333,99,86.9
37f279af-f67c-4f99-84d0-e24958bf5cb6,25.690314089805373,-76.98408123602225,16,17.2
4c4cadbf-d93b-4aba-a3ef-cddf4b53ed3d,44.00891269555904,-95.8829582230246,129,130.9
2febce35-1cf0-4a76-8ad0-cfd5d091547c,29.842802047760827,-112.88327710329087,110,114.6
625560d4-e8c9-4c1d-bd05-7a9597b2b0fb,37.50029786511276,-81.50356704226022,118,130.0
ba7f0642-2260-4843-a31c-19c1aa93047d,46.00197718903645,-83.7169284478941,9,9.8
902ae42b-165b-4590-8b8c-ebe604fa1483,40.27193422617985,-110.47002668791278,90,73.6
0cd93907-30df-4369-aa8c-ae595cf9f013,37.32394466378338,-71.69894240409522,283,317.3
6ebd9822-9861-467f-a4e9-35ed334866c5,32.10834382788439,-118.84208397311309,92,93.2
e4646392-6a0e-4b30-b028-10cbb7081618,32.32504782645495,-67.02139386411179,251,240.1
e1e3dfad-2d9d-4d01-9da0-23d03cf94e71,40.73717387995475,-74.24537915232959,92,93.4
0c97d9a3-b1b7-4b46-a3a2-be95dae5588d,48.85348403052919,-84.41397991673456,110,114.9
7df75247-9eb4-41af-97b9-a147c16c29ae,40.545979746234465,-69.61375659148986,166,142.7
5cc01032-4a31-4228-a776-4f426c2faa03,37.94458543425063,-82.38364106890124,602,582.1
b8b6db0f-ec48-4f5d-89aa-91481a76e5ba,42.26626275598115,-113.7630371752273,23,21.5
0dac22f3-e6fa-49c5-886c-da2a6dd887dc,35.63014030709296,-98.9127878513441,7,6.6
3a1b3683-d6e0-43a7-bfc1-1b69be3b33e7,25.50355856501963,-120.78132156443351,187,156.4
46bafc3c-7274-48b5-9f3d-b78c916e5b8b,38.05742039694775,-102.0102120850012,596,514.9
1b443cf5-137f-4474-adf9-fedc413cd941,47.9406321126345,-81.24542183550469,916,792.1
8f48e0b9-0527-4196-a348-fe25566cbf48,28.38257355894149,-102.19984229508177,132,125.3
dd428e6d-5fdd-4163-ba9a-8e92e3c99cd3,41.25012227051664,-105.51264364738009,126,145.9
43f6e9e1-db23-494c-978e-883141ee7fb3,29.02334221647641,-89.87401237189161,207,182.7
9cb5f868-acc0-4392-b2b5-38c24ec0aa12,37.39569211182703,-73.5399327890652,162,156.6
864095a2-1b61-4d54-8412-27d5d5865a74,26.41691124116799,-122.19259163977937,201,185.9
9da7bac0-4422-414a-8278-cd7c00c81566,35.259273406454625,-102.25724435271562,414,461.6
acf54fc6-069f-44bb-b088-87bf6e7ade8e,42.90408322238115,-115.6637962328995,1475,1209.6
b33b4331-02d6-4516-9336-dbe7761f1e83,32.689288105974555,-83.97409920681969,137,120.4
132d6c68-e7fc-4bd7-8b9d-a2a9dd87480c,40.622793112180446,-118.76225093456304,124,109.6
26e6f3c1-426a-4df3-81cd-ca1961533c9e,43.88624901974323,-85.77634224376557,204,244.2
dcb60caf-a775-47e9-8b73-86e729dc9890,47.17944548698632,-108.11532862292347,122,125.5
d13b27e3-81fb-4b51-9c61-93dec2c2fe7f,29.866052046386336,-113.26390798950374,122,104.4
da1bb5a8-8f06-49c7-a262-45036886d30b,33.9828978952327,-69.75519908832587,3,2.7
c4e75467-9dce-4c94-81c3-1bf5e3252ea8,27.810400333260436,-123.9070499719886,38,33.0
37b561ea-305d-428b-bfc3-858df5878546,48.81208755395938,-99.17114095851544,134,113.9
47c29c06-fce4-4d87-8063-34737d61436c,47.17502419810738,-123.72400744475416,346,387.1
39e8d1bf-f06c-445e-b743-e67e9a30a386,37.498928257013986,-96.46801016184459,65,64.9
47932a52-0e89-41f0-a89f-2ed1df380cdd,45.050832359410535,-95.43820471012933,148,155.8
8fabf91a-f810-413a-9e32-451dcec5632f,37.02394943180106,-106.02191418770992,85,79.3
b8fea5cc-d1b9-48eb-be74-4938f22e084d,39.589642200068994,-117.20245512602361,22,22.5
243e6ee7-68e4-45eb-ac46-5950a727a121,26.228110802900417,-102.79313527366595,635,573.4
7be71394-1fe9-4961-a8e6-6ae4cfac0325,42.8817605124202,-85.3364865439786,386,356.4
1e0e66c6-ebb9-40d6-a48d-5877a9cd5749,27.19283709088087,-78.8386472899769,16,17.0
219e6876-9fca-47e5-a867-2fe343ea9fc7,44.65169075631321,-93.6857144590996,254,218.5
9368b7c1-6f49-49ae-a0ea-b8ab6a5861c3,43.55070219175965,-90.19977072805442,85,89.0
b68fa2b4-204f-4d32-b041-f3bff285f880,41.71861744357441,-113.16363410364549,1054,1202.5
33c91285-882f-4f6d-8ed5-5b690526d6c8,24.904009513119053,-108.04751033956867,72,61.1
05b3aa6c-d540-4d49-b615-85e58dfe27dc,31.578208898633214,-115.44815900691086,55,63.7
8d2e979d-4352-4890-bc06-4858373196bc,30.577814247771073,-110.29157434972794,168,139.7
c07dffd2-f999-4663-a21b-191a92ca5743,33.003410186787974,-111.73167996669363,361,339.2
b345b1f4-5480-47d2-bdc7-804f22ab8b18,26.191068669095962,-94.35252160291698,43,44.9
906fb14a-6614-41c7-ad9c-5603d8bdf3e1,47.42394557577657,-91.80136340834696,247,252.9
79c3d17d-e7aa-4357-bc65-c9c379eaa9a4,37.845056017809405,-69.24810217153123,13,10.9
cf4a67ee-b12e-443c-acab-8c560215572a,31.638107766450588,-113.46133182101013,503,563.1
ca68fdf0-5415-4e0c-bb83-d5ab370d2924,33.924537926857084,-87.14113310047173,17,20.2
90cc73b1-ee37-4b2a-8d28-7c19e3768845,35.18006351262089,-76.78170312973614,491,428.4
ee76fae9-d6f8-4ce2-adb2-6af1efb06214,39.01485833401543,-91.9457536367999,135,156.3
4fb8ee79-1d9d-4a0e-9423-f50bbb73817f,36.89198569241245,-109.95478450243654,119,121.7
9e556041-3533-455d-a4f3-be09d23b3097,46.98479933036043,-109.50953642881998,725,851.4
67014cec-3ea9-4ce2-8567-83d19807441b,36.424087072645754,-122.68406986881101,929,808.6
1548a962-92b3-4ab3-a8b8-8f1ef60e7bd0,48.80395037058282,-106.97879063363958,210,234.5
8dd0da83-14a2-4104-aeda-abe5904c3117,45.28562394362739,-81.06838293880057,27,22.2
d91e7bb6-c860-4c6c-b039-51f74edd880f,29.212762858933395,-122.1964523247805,141,162.6
63ce59bb-0f5a-4ba2-8c71-26bde19b6d2b,47.264880366097906,-112.06157833221499,151,161.5
d56f75b1-6778-4f8e-ac52-caeba707349c,26.909159947136903,-83.33228258662487,144,136.5
8e67e728-1889-46eb-b3a2-64f7e5b63174,44.43624271227979,-78.82355779345028,169,148.1
eefb134b-ba41-4166-b750-b25f6036010d,33.515582336914505,-98.13621380634622,4,4.5
60a40bb6-fcdc-47e8-b446-5b19f764ecc5,45.94935801112673,-83.81361402975972,248,258.2
b16f0ad4-2069-4edd-8171-2061af6e5dcd,45.701417252686255,-102.11082204936137,249,235.1
c475f665-ba4c-4d7e-88b2-5e86ebce1b7f,44.14813500294053,-115.56511854357647,25,24.4
c7a55da1-e2ca-4ea7-94f8-e00329ff93d4,43.750760907676536,-101.50917988214852,169,191.1
5f7e2917-5057-4336-9e5c-1170f5b1e146,31.61697847745102,-90.78189860801457,168,157.2
b5371d5d-cb68-4bfc-adde-ee8fcad5b90c,26.022982076281306,-69.06485637067948,229,191.4
d707e04c-6b30-499e-89ec-1eb0385d575d,34.07450446912904,-120.94369382676804,18,21.0
6f5fc1b6-533b-4f0f-941b-dfe71f05d1a1,28.338112874662716,-95.06374846314732,197,188.1
309c879b-2772-469e-a382-ba67d0c1a7f0,41.37377722256154,-105.59373308556727,66,62.0
e1307a65-3d39-432c-8dbc-1e5fcbf62ebe,32.65249316344464,-95.00961003767502,141,124.3
b6c703f8-6077-4ecd-9206-c176fb0c770e,48.39025502149787,-123.58544860478463,297,344.2
d91fec5b-98e4-4d6c-a888-301853a619d5,40.024301933633296,-106.53150407260671,245,217.3
6c8f5fc6-9d81-4df1-8988-4c2498b9d9e1,44.56201409085902,-76.6277792959067,25,26.4
d1cab5b7-7605-40e3-96d8-887e13d49915,27.31311681854621,-92.31743770257638,179,206.3
ccadb757-42f7-41ed-848a-6a1b325413e0,45.550362056815565,-98.41563292384907,696,566.5
dc051118-0ad6-45fd-bf70-689227b8caec,47.068929762834856,-108.15402076879496,34,38.5
099ac585-9506-4e34-a17f-6f9006b00347,36.17654797047339,-107.41549115531001,383,369.3
7da57bff-90b4-4f02-b360-43efc1960c34,39.15632344377444,-102.39701541815552,243,258.4
bf3ee76a-3d8a-4aa6-af08-c8246101a42f,43.120245022574885,-75.70132811209093,297,281.8
eb90356a-7025-4f4f-9fb3-384132bb20a7,28.370965681510313,-67.93442079831217,66,71.2
a688a61d-32f2-4a2d-8f98-15a503fd353a,36.56415191158606,-99.1193325003279,68,61.3
6cfd3037-d7b0-4880-bcdb-fa9c01012078,33.96657569430783,-101.79218251388205,473,382.5
c7d6181d-0d8d-458d-8ebf-2478dfe1f72f,27.659349804056227,-75.05350422662809,89,104.9
938187b6-bcce-4973-a627-7a56cd63501a,33.188360557288284,-99.81258608245808,13,10.5
87448d9b-6749-48df-a827-75829611e631,25.70430773463734,-92.43092783455657,184,207.9
b3f779a4-be17-4f8b-a930-3d893cedd66b,24.645297673737176,-111.37444178867408,27,23.4
c830c6c0-ee71-4229-880f-637a00a4be56,27.379157228870568,-81.13335038903456,319,305.2
83207e1d-15cd-4b48-8aa5-edb9469c5378,48.07787778972934,-93.61268922202387,205,231.4
9e7e4c71-73f3-473a-b176-7dd59227880b,37.738238397375426,-77.26696153581985,415,366.2
65caded3-fbda-4118-a51f-97eba2d373b8,48.1455540288305,-78.93676892830848,307,351.9
b0ff0664-18d0-4bfc-863e-2e45f1334bb7,34.812446958253304,-112.31471867206831,24,24.0
5cad5bf4-5c98-415f-8895-f7069ed19001,31.79540332713149,-82.77750251709202,96,90.9
5a91304b-0421-4288-9ae9-87a42194d2a9,36.6535465710061,-77.7967899308691,298,317.4
a575693f-9642-46e0-9499-939805e2a7fe,34.98779221582275,-104.57967279383868,108,101.1
85d8a440-22f4-4e00-839e-2283255b3e5b,26.6416171065436,-114.8160623387658,718,674.1
46866542-02a1-4ccf-9632-602a64a0e782,40.02065786725515,-124.8447028208043,266,290.8
81aaa664-aaaf-428a-9f74-194743b407c1,29.40095456273999,-98.39668446750426,3,2.8
af861b69-3ab1-45d0-9667-3563381f6e4f,39.48969887244574,-104.20646883920836,424,373.3
6c5519c8-5cf5-4737-aec3-bac4b5388e4b,40.25502730995383,-92.26031980430088,21,23.6
6c967ac7-40a3-40bf-b8d5-fee729498c0e,27.800621328216202,-113.90557553726164,30,33.7
0c133445-6314-436c-831c-5293cfca90ab,25.533740677766705,-74.27973268767796,265,264.7
6b92d211-6362-43e1-9049-76d5b7b0a489,43.519039651711,-109.79244227794153,400,404.3
8490ca53-36ec-4380-8398-b4d8a6fb84f6,35.49501059423301,-111.64065329982866,154,166.1
fec21fa4-ab25-4299-a9d0-ab94c0259419,25.454094887636895,-96.637870667423,68,68.3
c3f1132b-4bde-4147-98a7-9fe02ce950ee,48.87165792924418,-95.56778959908782,87,84.1
8ef19bf5-de30-48f8-99d6-77646453298d,25.444514024909164,-112.30997150167953,84,100.6
142fe2aa-f546-48f3-b4df-00905e718554,41.37588072146383,-108.96021712317096,79,67.9
6cbf3f2c-078b-457c-91dd-709dd2325382,48.59197313158534,-114.98739088984055,56,58.1
8b95bc62-71cb-4bb4-9aae-e49b65593878,29.97950260539814,-82.61084947893316,188,217.0
b15fd706-1ebb-4ede-99b0-7415c6e94192,27.556234217179906,-79.56474715600916,461,495.5
33ca65d6-317c-41ba-9e0a-bb4de7aaac2e,27.034623485560722,-97.72261864990233,73,84.1
8cf0e20f-c5b1-499b-8335-5ea2e3bd8580,31.58187868918989,-82.86886566158397,41,38.3
fbdd8eaf-9041-4bd8-8051-4f11bb8ab48c,26.526145275266167,-81.57981187569072,365,331.7
744003a2-79f6-44f3-a77a-05ebe9719760,41.304033542353295,-116.84174386700928,271,309.1
6cfd833b-022d-432e-b5b1-8933b4223682,25.557294953251567,-67.99549653476234,534,511.4
b2df366b-c0ca-451b-9a1d-c166b8abb71c,36.73555320374474,-76.55911512131057,36,39.0
7ec73fda-e1d8-4c9e-b654-89b7a3f83c2e,48.91742134632442,-112.93547578944641,31,26.6
8178f2d0-943c-4869-9ed9-950a1161f485,44.34925673765047,-114.01626289098186,156,172.0
41dc2a32-72fc-417a-9fbe-482c052a077c,39.38048595577527,-117.58599241080462,191,194.7
3805d499-dabb-47bf-a6e5-8bfc8186f4aa,31.656340519665292,-116.83566481002681,131,118.9
1f9c3a7d-e330-4d05-99c3-584b249071ed,39.59739590729096,-80.85845385730693,183,182.6
160f02e0-3b15-4385-b8eb-4fda4770e3aa,37.17603659779129,-97.2903988398542,40,43.2
076c24ba-c91d-49aa-a756-6251d5829586,34.65208459725929,-78.80688380834783,131,105.4
0f54624e-59c0-42db-94ab-f82c7cc9d9c7,27.267759418504987,-80.97096123333787,215,226.8
e5df3f95-f1b5-472a-bc86-20c69dfb38b2,46.16510538101167,-89.32784990319192,113,114.9
014c8a7f-a8ee-4184-9c2e-76b79bcf811f,35.24461622053306,-84.50437021185792,228,202.5
56832922-4f06-409c-bf9e-35d3379852ca,28.865562795519125,-123.91701226163063,120,132.1
052c9e40-0647-4b9e-9e96-e6392c933ada,33.19398377193224,-106.6051188385037,81,74.6
1b3742da-a4af-48d2-99ef-09c115176a7d,34.35324381322317,-87.36849142369479,72,65.6
11b1d573-4682-43b0-963d-b877ed88f87a,44.688447389171856,-124.44864774431159,106,104.8
5c6b7f76-8e65-435b-a2d9-4a358940524b,42.34035951403505,-123.05436032272699,5,5.4
8a84dee7-811e-4abd-a6a4-e0b64c4ce7a5,43.23262234103349,-74.73860903424739,221,258.9
a6287fae-6afe-424b-b720-57cb438f20c2,24.27578161071618,-84.64253316016777,373,319.5
d1bb4601-5e3e-4cff-acbc-e28f56bedc44,34.403849954494035,-109.3431857458997,88,84.4
391c1f87-4b14-4999-b5ab-ce0f044042bc,36.03360379088309,-84.41019243299617,9,7.4
9427356f-5e7f-4f7a-ae76-d24127573689,24.47980692057642,-78.24505652078346,865,954.5
768a6683-41a4-4fdb-aa0a-c49ca108728c,30.495330218625856,-106.89913729650402,61,59.7
7e042535-7528-4c38-b55a-558fde55cc9a,43.00724557805337,-122.87379472754795,27,29.2
957b60b4-248f-4bbb-b5f1-741e8d17b91e,27.427742643224978,-69.96603164342366,92,85.5
1173e789-da43-4710-95f8-18d110b85fe5,37.382753286314795,-104.6343895405578,268,304.9
4950d2dd-151e-41a8-ac11-37ece0c6311e,29.38004680043094,-118.71757596620232,70,71.0
bfd4a308-e12f-4ec8-af57-010e4ef1224d,24.30301936609733,-95.9804445878043,171,201.3
279b12b3-faae-449f-b47a-53fed84a0436,30.030036439988535,-79.6604000558161,107,89.0
546ba659-8610-4f7a-a705-4a2859160b56,48.39684387275135,-111.92280843756402,25,25.1
d4fa3ba7-5314-4046-8830-8602bead522e,44.03842779707474,-109.10008704213156,80,88.5
6e063fd9-68e6-469e-b72f-ae0e71f5dc53,47.989416108025836,-110.6798157788836,258,268.3
5577bdc8-0aae-4975-a167-7023bd32e31d,36.19635109815906,-66.49128988293099,189,153.0
56fa648c-0ca9-4a9e-8691-e00d49def395,26.74340496693759,-113.35317970989799,26,30.9
3c660c55-9117-485f-9c91-4b6da556f220,37.698987224342325,-91.0443071989987,36,33.1
f9742bd7-2374-42b4-a79b-be2a48218ba8,35.359433363999024,-70.4093861422391,205,184.4
0164c197-5dc4-4659-b2ff-b954b16f5d0d,45.1089270684904,-116.33310243621102,336,334.1
da256008-85ac-452b-85e0-656695914e27,26.452064519606115,-67.71960232580568,86,87.5
98cbec98-1535-4dce-843f-39cabb0d9ccf,36.20602842554445,-69.09884317065814,181,200.3
a6d48a71-1a9e-4257-86f1-ee547ea957e6,27.751216617349606,-72.81025276356252,37,35.4
eae005ce-00b1-4ca7-9c88-bc2d2cfd64f4,32.116898172251496,-112.34116524152986,75,73.2
688257e6-0559-47ab-a121-277472050a20,42.433926934694995,-87.59075169535198,4,4.1
d53f55e7-84e6-4563-94ba-794f43c0fa96,35.900453234219164,-80.10740309528683,292,279.7
7a6da6f9-7473-41da-b1e9-690468f8e4db,33.39720712864423,-66.82435223641065,103,120.1
e989627d-e305-4c43-9c03-1f8d27f8d859,33.861906964250885,-114.35499449719914,339,386.6
c91278e6-b0cf-4017-b77c-4ec486fe6252,35.48616921014967,-79.80447192836151,246,241.6
ef2dcb21-9f78-44c3-95de-ee6f7775f648,43.62541359592642,-105.01073097430034,353,282.4
0eb77b23-8444-40aa-b077-00567e66b205,46.30211722350586,-114.63803853148787,67,77.7
5261ea76-139a-4d9c-a6ec-f417b9145178,47.883367162598205,-100.13876046838256,140,119.0
35b2ff3f-eca2-4763-9bdf-4b2b3cead9d2,43.67258465638238,-78.16368118323163,714,641.0
23191d25-dcea-46e1-9e07-fa7a9e4b429e,31.88517239370032,-97.57386158146092,253,217.8
324d2f75-d951-44df-9bb2-c3eba904b6ca,41.20336765216355,-93.28613708802014,359,313.0
23364bf4-e85f-48fb-9190-459e3c4b4922,34.9400781013848,-66.28559479819285,3,3.4
ad8f849e-068b-42c1-99aa-3873ccc1a8f0,30.36676555115128,-101.45255132611186,88,90.8
1f1ad711-a8d6-4e14-8c0c-255f30950fd0,45.021789485648064,-88.69135547215485,272,321.6
5542d62a-464e-4bce-b3c6-b3204e699649,24.960658724058124,-103.45059210469306,16,14.3
75060918-3472-488d-89a0-76d787462794,46.54404980338559,-101.8256468666064,168,167.0
416b58ee-b08b-4162-8534-d1ebc03922fd,35.53693661561835,-83.95719554672092,112,133.4
00d630bc-3ff5-4d34-9945-a0e42f1bb61a,39.93003692020701,-69.66466841040187,4,4.5
e8d57947-dc6d-4f2b-af01-f4c2c6e22e97,40.48384805514456,-93.00082192095303,54,58.9
4185f86e-2f5c-47c2-ab1a-bfbc2155462b,46.37794351766341,-79.66440419202199,67,58.7
02267e36-bf10-40f9-a0f4-2e74977d6747,39.91674205418018,-119.73681302979914,24,26.6
8ae96e36-c228-4426-b4b5-2e5feee09600,39.34833961900154,-112.54167579151631,200,187.8
0ca42435-66e0-4631-a963-b2cec78ed27e,25.66630101401725,-95.37423318574758,56,56.7
f598d240-fd44-4081-8112-7295a0bbd499,36.9602005486301,-123.81930830590228,65,67.8
7d8e04df-cec3-458f-8a19-1fbd435442c9,27.75422502042604,-110.08155625300903,457,477.0
045da629-e4ca-46dc-8f53-f82c30c35fbf,42.43584421803714,-94.473323900327,126,137.4
1afa5db3-248e-4f76-9d6c-6e763e582771,36.80554802031686,-124.11728930287826,100,106.5
77e035f9-251b-4469-b038-27e3063146f5,41.00569448020883,-109.39176911266354,257,212.6
691a9b85-3eaa-460b-9826-9225fccd7a00,25.041822515059607,-94.6721816509237,481,472.8
1ed7272f-44e6-418d-89ea-e39a1dcb0af8,26.11980040114508,-91.1841943691065,5,5.3
7ef3abaf-19f5-47aa-9b4c-9446ce0da6be,41.908084701567056,-70.38065010973698,119,109.3
7af6effc-9182-445a-b677-40ebf6f9ace2,25.802108399966833,-86.92460822821414,189,174.9
251d1ab6-14e1-499e-9658-ba83861d4221,25.781418194131465,-100.53058765073037,77,65.4
dfdc8fc0-8882-4bf2-b39e-f259a125329b,24.302711880872188,-70.10928054914899,296,286.4
4bbb15b7-1bde-4b49-ab08-fa5fc464c0ad,47.912534957487004,-78.69190398012014,711,849.5
f201aed7-df69-4f47-9b7c-1b5fdc1f8e77,42.43770898647517,-113.1994736543479,574,524.7
4cdaeda3-9ca8-4016-840f-03ea6cc4605e,32.831285212551606,-117.28030068041963,62,62.8
7f6ce083-63ea-457e-8245-5bb1d83bba4f,31.41338953219138,-85.12711349117876,51,56.0
3a261f20-2291-42fe-a6a9-55e1203abdb6,32.742580743646236,-91.96689323095796,632,509.0
7416fdd4-7ce6-4311-920d-8273409b5b72,43.36633827952954,-78.40925678622742,123,142.7
cc3e2f60-90d8-46ee-9569-eda33b137562,40.53426527676036,-81.4105020453575,47,44.9
34e60a62-977c-4242-baf1-6bd91b720faf,28.629889196686698,-88.11251950240661,246,282.3
5049a835-8274-4a75-a893-9ced05085ff1,28.35273338335211,-66.80345187389537,67,54.6
51b22ea4-9343-441d-a64d-f1a3b8601c80,26.45989124283493,-93.51820592348588,62,53.2
c3d23d74-0d6b-47a5-80ce-ca7c41d1fad2,40.50756799253345,-118.32676036639853,423,393.0
dd3fba2d-541d-4dae-93e6-1fa6125838aa,43.1093165555434,-76.13185967585669,35,32.8
61107d35-48fb-4869-8ee3-780061eeaa6d,30.6261607081251,-110.14065162160317,13,14.8
9bed9533-e8da-4c91-aee1-850b673b276a,24.523624025772822,-79.13917325950882,63,50.7
5a5de797-6aef-4ea5-998a-7e153641347b,26.054291686910684,-68.53068133599697,187,197.6
b89a5fcf-12f7-4df1-be75-b2454b2caf7a,48.196500871125764,-83.88906467610386,26,22.2
ea67a750-17cc-4177-b625-619858cfd099,31.386119436935505,-89.83422050396175,128,144.5
1abe1190-ef7a-46a7-8d66-d5562e832779,43.23057869595334,-97.83721563517261,197,219.0
dec11543-e9f2-4222-86aa-83cfd41eeb8d,39.61658922135659,-103.4998179062712,378,378.0
94265e1e-c045-4305-9c15-5af8f3877ee9,33.548490991322396,-104.17271969266166,52,46.0
64873b31-a3a6-437c-ad4f-4c02a861a432,29.14218155488888,-87.45401036313416,340,358.3
b09ea7d6-7b78-4d5d-9d8d-493e7f1751f9,27.03466045398516,-80.67488610067299,54,46.6
21189920-b459-4f37-8f8a-70b0237b4e8f,39.37532420097166,-84.96749290041956,226,198.0
446cd86c-e82a-40bc-b853-9df63d957e04,43.3658445159447,-113.2938040295798,113,118.7
5e062e70-4fa6-4a57-823b-65eb30e6fa64,40.097606338528266,-95.85475637153402,24,28.7
d9e67b96-4235-4d9e-b3e7-e7a6974a48bf,37.25755333122896,-78.29323574119928,251,290.3
943bb3b7-8722-499e-a041-b43d416d5de3,25.048780585790908,-96.93345938684568,49,50.8
c9ee49a4-8d26-4715-9a2a-57ae5eeb0384,48.212219439859595,-93.33922649560586,39,39.6
5928595c-cbef-47b8-9c22-4969a41ccae5,43.96785479136436,-79.5029731579215,89,106.7
27590230-40a4-4948-ab15-910fd024abfd,31.32055091752412,-85.98534693035961,212,216.0
a4c1c7c7-b997-40cf-ba15-c0d228325072,48.49925823397126,-100.84864966793884,53,51.3
79faf939-f71e-419d-9af3-97fa7dd824d5,39.047039740908055,-72.17065003954107,41,47.7
80ad28be-7bc3-49f4-9ba6-a5b4fa97d2f4,38.56056645518116,-115.40854294885476,2,1.8
5a0a8204-5233-4e84-b251-49e814a6fd53,42.7018294857383,-66.26452953317084,128,107.4
f77e83e8-a4c9-4565-98a1-fb3f6db1f6a1,44.29424470225344,-117.98769786990201,112,118.0
57f1237a-a8bb-417e-9e4a-5eff68ecca00,40.41196518328756,-124.1179517048499,53,44.4
ad39807a-53a9-4f66-9995-d45e7e14befd,27.202393659155,-72.48888483222288,11,10.4
ee5997ef-0c64-47cf-8865-251621487cec,32.45668764986246,-110.5477430064086,112,108.6
2660074b-c87d-4df3-969c-1e0247c06b04,47.20209100815124,-81.94772198064346,310,315.9
70aa01fa-422b-42da-9d37-80d670aa6d1a,29.615390296096297,-77.1500928790079,251,300.4
c0ed4b68-8f66-4f7c-873e-61bed9feca25,33.304175595937835,-74.31980292910511,394,350.0
2c2065cd-ab87-4685-8666-2eaa03c1c7c8,34.8019220736049,-66.49594009581416,2,1.9
c4842b21-f106-4479-883c-0df8746b172b,34.98512474236131,-107.65165710764006,679,579.1
64732e18-eec6-401c-ac26-f4be6447eae0,39.323489562363136,-83.09564282629171,84,87.6
9d944bf2-9430-4295-83e2-c8ebcef1aaf3,47.576895943617686,-118.19140836143113,929,1013.6
2f37f73b-343d-4cb7-ab5c-6b273ad4a331,30.017317795812623,-100.99825180994588,58,57.6
de9f7c60-7ebe-4b55-a78a-7f57fe76aee1,27.03753440752295,-74.96967009455716,128,115.0
359cbcc9-56e4-4bf1-82e5-26b0f3f631e7,28.936762246498432,-103.30817528251261,87,91.2
83644e5a-91b6-40b0-a3bd-c16cdc8b3622,46.17312250523174,-90.12537254839877,88,89.4
b652dd3d-ea98-4cd4-9434-1bf03a1b0633,40.14527031638015,-95.27736682024658,369,320.5
c0e5aab3-5f02-425c-972e-c09b39c405f5,31.147669730979004,-86.88885966438934,274,263.7
366045af-82c7-4272-9058-6a0281d0cd41,44.39867347421543,-67.599231026126,969,943.9
542b542d-31c8-474e-8531-41ee8371a639,45.5342499090859,-121.71160393641728,190,226.7
a36a6e09-51db-4eb0-97da-e79caa99f9e9,45.16285846725695,-91.13627046740385,124,141.3
eb895680-dc55-4964-b20b-343c0c60bf94,46.97316334098886,-74.0813020242332,19,20.8
6056b349-cabb-4b13-86a9-dc74549b2468,30.306025504334038,-96.59842000684277,1135,1311.5
eb0d50b0-3b2b-4baa-8b0f-0ee824cee163,42.87604821865696,-120.3668960294472,160,175.1
3956d034-4935-4acb-8238-0437d8e789a7,35.5134874318535,-91.92817820741053,241,279.9
0c76d0b8-0d36-4a11-bddc-a94fb7e704c0,45.04996382225154,-105.40764044139459,104,85.5
1825680e-b3ff-4f4e-9e57-49ab83efaf96,42.212266929040325,-115.85843466506178,159,156.2
3d323c1c-a430-48d2-91b4-ab67195b6cd4,43.41118616249312,-74.9069637162751,571,627.4
4b49a421-b170-472d-8629-470752b18992,40.404045942026784,-94.22562873352382,36,37.2
4b18dcb6-986f-47ac-ac73-a22dea59de89,28.43571923674267,-69.93669166963507,69,60.0
42e54927-9fcb-4624-96a9-b226ddb3c772,37.62567297242346,-77.44502622841893,33,30.9
8a2b86eb-55fe-4a84-be4f-c60bfdbdb0ad,48.616743488112704,-84.11466416735362,314,291.1
77b42121-b089-4710-a761-cc2ed8891e1a,47.43470166242797,-124.7034953014466,13,11.8
cbbb534c-f152-4608-9fad-b035985f1a55,25.079343394925292,-99.75841605834326,17,15.9
9471105b-1f62-4591-90d0-cda788f2b40c,28.12037039323593,-113.34830938253009,71,71.4
c4363a6b-718a-4b63-a6f3-d9109130786e,27.293219336364047,-71.2629232481168,144,164.4
8313459e-4ab2-4b4a-b4c7-4c72e957d0ef,42.14949774963239,-114.69954490409475,104,114.1
f102c462-25bc-4ad5-9ac7-7581efe8d59d,44.44463324642363,-108.12245695210216,9,10.2
507ca0ec-af16-447d-b64c-e6903f9a7948,29.337784157766798,-94.50663070366454,632,729.0
2605f64e-dbfe-4fc9-916d-dd10999a6597,36.64631732379573,-109.46154647911332,611,590.5
14e935aa-f377-431c-a92e-aa21f9614ad4,45.01757570028,-112.61798404053185,66,61.9
f8ec1b73-86ae-42a3-a569-697efdaccac9,42.320038619156264,-89.6531398189376,263,216.5
4db89b6b-d856-4e67-ae88-ee097b5301b4,37.55593013729621,-119.7531581574536,173,202.8
5d0f1cd0-16bd-4337-97b6-6fd06edfcc65,38.75869226146932,-121.56810223546545,54,44.6
f7d73895-be47-4bcd-aa3c-d293cf4b4d63,36.709013672907,-103.03752758402179,61,66.9
4deb5e4f-0163-48bb-9ae6-5113ebaa5780,31.438711282970516,-82.48079718403612,135,128.4
c15c23c4-0590-42f5-b57d-3a39fc82d54f,38.1255498214754,-92.26640126183707,109,128.6
ca8e2527-74ea-4c62-ba31-2d4ad66d60f7,41.222132551252265,-100.05028836046004,69,66.8
d7ae2cbb-a45f-485b-8e1e-e9a5e7f522d9,45.83307289652019,-91.62065771074964,330,371.8
3ee242c2-329f-4315-8f3c-2e07e0811b11,39.9072838494812,-103.43836240545686,131,119.6
891a84e6-816b-4a12-abb2-b8260e13d950,43.02803842607895,-69.76736620950534,213,195.9
4e8ae956-5691-4f78-bf6f-de8f9de7b438,28.001790873864323,-121.76061143626431,42,43.6
1f259c22-70af-456c-8be9-e520edf72c6b,35.53893686049474,-85.26990273723973,153,183.5
2b5ccee8-f984-471f-bb53-4b1e84f48ce2,24.233290495677334,-72.41432277516272,77,77.5
bb3a45c8-3d7e-4297-bc9b-60912725d8d0,30.166971613040577,-77.57080218462005,149,175.0
9e490000-99e8-4ae1-825a-c97226d33b58,42.16154287782512,-114.14157894553465,304,338.8
fb2c5142-b803-4022-b88e-f50f1b22d399,48.79524878373408,-107.54034541016298,293,327.7
d2a28c74-22b7-493c-82d8-979d27091f40,26.479452489680398,-82.69417161628081,87,84.8
7fe8cf49-897f-4368-9926-3694faf7a39d,34.03735789653221,-120.02803700833483,237,226.2
0117fb3a-5a17-479b-98c4-d60f82617232,44.00177421747899,-77.10015970987754,567,497.1
c0bb86ce-99de-4f46-998f-6deeb24d701e,29.10089086572247,-82.58449026831738,197,233.6
09564d57-48d8-48d9-ab6f-6b73faa35d82,37.87712373255715,-81.9532076951148,32,37.9
579a7536-b65e-4a65-9bea-91fe96afba4d,42.32678240074187,-119.08575915421211,228,250.5
cbaf8fe3-f20e-4b96-aa51-8d3820faf66a,39.39963625650448,-82.65212785584238,22,20.2
a5389364-f421-4038-b4d7-27ee387ed6f3,28.700618365385402,-84.89073061202177,411,369.1
5d09802d-3797-45bc-a64e-af18873a6e69,32.884614217143486,-75.97557304151081,145,173.3
877c51b6-b496-4724-8abf-729cd547c37b,43.59479461213493,-122.5458385808683,97,80.2
8ffce11b-23b9-4726-a059-cc57b80818fe,37.855662853300416,-123.63647056040026,12,13.6
58814212-b7b2-4986-9a56-ab1669060948,24.130740338572817,-102.99258110716491,96,90.4
a582f1de-ed8f-451d-ab10-2953c1f39ee4,43.02476900070235,-116.22149125289998,467,451.8
04ffcca1-66db-4304-83d9-f63bd4037f41,24.88278387350598,-92.0553158233569,4,4.5
f1ee89f2-3758-4c8e-9cc3-215af2288b14,42.6433445682808,-70.87641481110182,129,107.9
f950129f-b8a2-4106-949e-8386f146a305,29.062014004130937,-101.90269591029308,535,503.8
ad913f86-cc2a-4a3f-a7c8-b8cce276205e,47.951837002984504,-75.14792774091636,100,118.1
0660f007-62d0-45d0-8cf3-20e84b41c500,33.198518782552114,-124.98578840344588,112,120.9
042a8f3a-b365-4b5c-b876-6900b52d8d68,32.173290408451976,-115.05763603590813,173,190.6
3bc38594-2356-4e78-ba2d-27e0b6932518,27.722201258311117,-123.20501116040894,443,488.6
191e6d1f-6964-462a-860c-97064268fd8d,31.64010538725537,-105.63931634961095,37,30.5
10e86143-d363-4db2-b257-d911f9ce7b56,45.916269045705015,-71.41681385390633,4,3.5
533a49dd-3718-4404-9a7f-9815f05efca2,48.908358440681184,-119.27982470765973,188,187.3
5c0a9a1d-f008-4a80-8462-b185812e455b,33.20773826267121,-89.22182317211578,507,480.3
438c79f7-7600-45a1-93b5-fe2484900fbe,35.215265773863564,-98.3617395919528,22,21.2
df7d195b-367c-4d77-bcfd-3e2597c7760c,42.05177345506843,-69.63037547041706,47,52.3
cb0d6777-2905-4144-b835-d52cedcad4b4,46.154894511626864,-117.77137059031146,92,74.1
6d0b5731-7a38-4737-bdee-926fc5104f78,38.8261083546696,-112.49035682036849,331,352.2
868e945e-0036-4ce1-bd6a-0ca592c84d20,33.78814245444573,-123.2570238519219,63,50.4
552beaf9-6830-445f-9f0b-cc50f31fe3cb,34.315546021215596,-99.39782027174894,428,353.2
d53b2103-dced-4517-9507-7751c840756a,41.39045366242017,-108.60785892568539,11,10.6
54baffc8-5ded-45f6-90af-bbc31a01dd29,24.080456590106966,-73.67554990047107,566,643.2
b4ddd38c-0ae2-404d-8f8e-82f8e03597b3,39.48973343649602,-89.30849202133246,165,141.6
307daae8-e5b5-4d18-b769-7d1a41eb5c91,32.887325261033936,-88.7686464594336,215,219.7
f08bb574-7bb0-46e8-b514-d22793184201,43.8549332819271,-93.61726888400315,92,98.6
a92f04ab-5f69-4cef-8b15-fdc396053edf,26.324765995578304,-119.58083010347714,305,272.0
badf1039-c195-4a89-8f1d-ce769df93b1b,38.70505667370976,-98.74389766020404,36,36.2
920ed2d3-10f9-4ca0-8254-d71c200e6778,36.024322247153094,-66.02919380719752,10,11.6
833eb4c8-c5d9-470d-ab3e-488cf9949514,40.058138147630686,-75.72147184008512,101,101.5
67eb1fe6-e71a-40b2-ae4f-d54dc865d534,25.62133986207421,-72.28591580414016,384,331.4
9ca76f0d-36c3-4b38-a42c-b2fb945d5084,38.499594685703286,-76.42964480445653,281,295.4
e2bcec59-b928-4ad6-aa08-28307c3cc53f,38.03711469898809,-118.92054008757202,146,151.4
7579fbaf-6bcf-41ff-91c6-7b868d476199,38.016502360404274,-111.58055301017683,170,137.8
35ca565a-23c2-44d4-9dec-4d2fa61c7d76,39.08719166491137,-124.81582256997183,28,23.4
5ade9bd1-154a-4a36-8887-b8cb35575a97,40.91169843065906,-107.09290263219143,367,316.6
ba9ac5dd-3f79-4058-ae6b-d23700ad9463,44.12472499201924,-118.59216326155693,309,264.0
88829393-d313-4c63-8cb4-1183b29dccf0,30.74551800320536,-97.1051926272066,214,193.4
aaffd66b-b67e-4188-b1ad-819479a2a5a1,44.62623525450155,-85.04947817413978,126,123.7
fac0602c-80c6-449e-921a-c9662e113e57,36.45639205658634,-73.40418759275346,667,632.8
407661b1-0f12-48d7-b02f-00e7d749358f,25.926456978358278,-80.79618725963701,422,487.9
03207c3e-1a5a-4f2d-9ab0-2a3d93d977e8,25.46377323109948,-69.6234498490682,207,216.3
c2e98c73-2b7a-4233-a21a-0d42ab897edb,32.35595796740152,-121.82000086676646,93,107.0
5aabcd7b-e51d-40f2-9605-ded4da15560c,43.62242442778669,-124.28138971042405,192,194.1
4ba174c6-163b-4f89-a41c-1b610327ef4f,41.6920233685229,-85.98105128366345,171,142.9
102da9df-8d8b-473b-aa04-148e0bbd1ea2,43.71537411681016,-107.92820779688748,100,98.5
de3243dd-ac8c-4527-9424-bcd116c84e5b,36.93172641104023,-110.04344004975938,73,82.4
1998e3ef-f9c5-4b79-8e19-1efe7952dbb5,35.004974948887266,-105.47766182606614,105,92.2
70f4aa45-b705-4b48-a9a6-2916dc50943f,27.686313167657097,-109.08203258435051,171,143.0
0dcfb299-efa2-414f-b02a-8dbe2ae5faf6,32.20481884023279,-94.82525202820635,250,232.9
ea3914d3-8072-4f3d-9bc8-c284b338b5f4,34.85048415434688,-99.03124161377619,61,58.3
c7b3ebdb-cb37-4b36-9f8e-a455906bf190,26.21501074199043,-94.76671546877728,286,263.8
b31b615c-3d62-4b64-84cd-77f9068ad977,29.51529881778028,-85.30989692147426,152,129.8
e0ff020b-3341-49bd-b2e3-422e42d677be,38.95563235159347,-102.15929997070225,14,12.6
6d377103-7194-4c42-bd49-c5b95623debb,42.39157785597975,-110.17284645861275,92,98.7
c3fa1989-d9fe-4e3f-ac42-e8a70797c625,48.95868778482374,-115.19416832828402,432,412.3
c3b381f9-96bd-422d-aa94-87365b7743c9,47.327833283588944,-104.3810269475751,281,295.9
3d885cfd-5981-4cae-8504-98f4027b8f76,40.06412998837979,-81.23341796047585,78,79.1
9679813c-45ef-439a-9f39-ab703b0e8dc6,34.5312013323518,-80.3544103034233,557,567.9
f16fcdb0-6457-4625-b383-50768a48fd0c,39.90443411770582,-85.65258218563159,16,14.4
1c2b9716-fbb8-4828-a22c-32a716c6d236,43.6412904520058,-111.1923376568944,650,655.6
4f2e9391-45e5-40fd-913d-b5bc654d519f,26.958404773084684,-90.30291149457284,56,45.3
217c766a-b43e-4a6f-a20e-16bd79ac2228,34.2476222424072,-91.32930996696598,2,1.9
6f778424-bd84-4091-8e30-b975925c1b5e,44.99505714089043,-96.4282943115262,114,117.3
950f039c-bc45-431b-a315-faf1857ca3bc,33.5958237983261,-92.55123980335202,89,77.7
6f60fbf4-e308-4304-840e-231edb30eb48,38.29680678067966,-95.98435267520358,155,139.9
d04aff56-80c7-4879-b8f5-33796b9d3f1d,38.694234021554955,-91.63807440162762,319,283.2
c1a0a026-825b-4f5b-8fa9-a5549dbb9fe5,28.611906328340986,-82.7851486773534,370,306.4
4914a7c6-5547-45f3-ae50-98b4ff0d7969,33.05588604130721,-118.53193653019706,103,96.7
d98db9f0-daf4-4ad8-802e-e1e928831db0,32.362782218548304,-80.7720806232076,112,133.5
a29ac13d-99cf-43a0-bfb2-102763106abc,24.65491771330162,-116.98271714247194,32,30.1
b51d705e-17f7-43a0-b3f8-fcefc0671dc1,24.604794097283882,-121.0689480937879,10,9.8
bffc9a05-f730-4a07-9ade-fababd4068f5,44.79242609189434,-67.41129851293341,205,217.6
a1afd6a6-5190-4a80-a9ac-d2bc37023e97,30.82677024932031,-68.53748563664395,13,13.8
87e1a9c2-e0be-436d-9a10-d2c5571e17ad,36.95196915597039,-121.43424384850672,265,312.7
027efa48-c3bb-4a1f-b68b-2f9d06ce63f6,31.468139339719325,-98.84804695297723,155,177.2
e2bb4c7b-5f30-470d-94f5-6ee588586170,47.51698112788351,-114.0115486403133,44,49.2
79d72cf5-17ba-450c-86fc-813b4f3e7969,30.482418971644343,-96.36465106906934,155,183.0
ccba6fea-0d31-4dfc-8482-3d5cf64162ec,34.741420318473374,-76.01954266302434,40,35.7
60e59e9f-be2e-4e55-be27-cfd964a38809,45.81825626211504,-68.91390529016948,116,121.4
bbd83900-f06e-420d-8a57-2072dcb1cbcf,45.04833916979521,-87.5790934463593,321,370.7
480e1721-4ce0-4c61-91c9-484b9dc649e0,28.652535446156932,-104.11956563450279,124,130.2
8b717350-9655-4701-afb1-2fb865803304,44.06608274489276,-89.4037916269687,32,38.1
4b5b0bc7-d32d-4ce7-9243-bf2839a7ef44,35.45467216844732,-106.59192293960143,257,215.9
51ba2877-ef77-4812-a365-62d926c2d390,36.07422180213388,-71.32040519090845,41,40.0
c79b05fb-deb0-4964-9976-b5e3773fe1fb,27.336999310398596,-73.64637267675562,268,319.2
7206fc43-bf89-497a-961f-6bbffc667fbd,26.015037843928116,-92.0643267335,131,124.7
330593ea-2e16-42ba-b246-8baa3870a4d4,42.198482674344135,-105.83686399255873,121,132.6
bf9555a4-7c2b-44f0-a0c8-8359703281b6,36.411528808882494,-107.69000914060427,381,309.4
a628e72c-90a8-44b4-9a06-dad5f1df3ebb,34.92126756537949,-123.02833831240149,247,266.2
bb3c360f-e960-4329-b029-0eb33770ff41,42.23770571630992,-76.86656978950758,7,8.2
cbf35b8b-4313-4a45-b918-da88a75274da,43.13782247477774,-98.42739043069852,70,66.7
0996e3d7-bf55-4678-acd1-7ef7e4aad141,27.97270419173384,-105.8171572243844,409,330.7
e2586ab3-e1da-49fb-ad66-c9607fb8147e,39.255628736941034,-97.20448905513251,4,3.2
52bb1edd-6bb7-4d96-91ab-87cac843dcfa,27.38385205694214,-76.69445856317553,158,182.8
03aa1736-1b9b-4781-b5c9-0a2b691f5418,42.784377150726144,-117.64776174525625,260,283.1
b5a4880a-5477-4acf-90b8-6a4ab44d2d5c,40.42387890667849,-74.39829669373219,194,163.5
27b24c02-f0df-43ba-b5a7-975de4105ce1,47.91536552708645,-72.04697872860712,286,235.0
76787da0-11fc-489a-b42b-c34952f151a4,25.72395040891053,-69.14423301300059,259,290.6
f7fff77b-5b87-4eb5-909c-f2b82f904c9a,25.426368028781358,-101.54820844706497,236,265.3
f9a70fd4-6d1a-48d7-b4d5-733461c1dfcc,31.054676867330002,-112.18871616177736,345,292.6
c44be58d-e1a7-49f7-86cf-3b6e4c88c035,30.54264209339765,-102.95519171046479,208,191.5
547f3478-3e6d-440e-825b-a72a3c9f89b9,30.174469976799998,-105.35818632234721,103,114.5
a82516f6-16c7-4d15-b6fa-a8475f0fe52d,46.65636451302592,-114.60691916233125,128,129.3
83efa8e5-7d94-45dd-9b2d-9c890683d842,30.238654996237653,-89.1712664640122,252,298.0
258431af-96ec-41e7-9adf-99f6dd8028ec,30.798743153215774,-96.87917452999089,418,414.8
e0329783-ae08-469d-a118-29027a00c86d,42.98495656044909,-73.92364145288379,64,68.5
c45e489e-0c1c-476a-aa1c-c15b77acfe91,35.2434960612635,-123.10553475155857,84,84.3
35782105-4448-4d7e-9736-7d17027a4821,43.417763923879534,-87.01179227424754,534,628.6
d7ec915a-296e-494d-9793-fdc4119c3c4a,25.63415393910963,-79.9860161678179,173,166.0
aa51b726-8c30-40ac-b32d-d6795a907081,36.189279841834605,-80.19029241788988,39,34.8
b9acbf9f-24b3-4ef3-af44-5ffaa282c499,24.840340004582067,-72.72163594136401,218,202.9
39d84ee7-afa8-41f3-9bac-edd10985b2cf,25.566330086383864,-81.98700917305985,937,1069.2
ca505743-732b-4216-aebb-20a4e09dcf33,46.66093633361027,-70.25920636278592,347,346.7
49f5630b-b5f2-4a80-800a-7a8040f979e8,27.48113427793988,-105.3732606105674,1581,1488.8
f605783b-30ef-44c8-af66-872a87747178,37.31051705688043,-95.31064441165896,47,47.8
efacb363-f615-4f3e-af94-4066b2f6184f,34.27739006501766,-124.16929986630944,418,356.7
4fe7e6be-b5fb-4477-a79e-11c6d42797f6,32.683583156471066,-124.58950234910581,149,119.5
c672b992-c36f-4aea-87a8-43f60f334c71,46.49583364218181,-110.83252939336033,440,401.4
5989fc02-8d4f-49a5-a7b4-e1b486c64263,24.545584919387238,-119.05237536879397,80,83.4
52350d35-cf31-4d05-9763-e5904af97792,40.59474215438973,-109.64752929179053,13,14.1
30087ce6-bf01-474c-91f6-d77b8d83587b,48.08486085533876,-114.55444562282456,332,375.4
fa35d6f3-87ad-46d6-b301-6711518a717c,38.00420458654605,-123.31731853451976,63,73.8
3fd5bf52-355f-4b0a-a8ee-bcfed8cabfe7,47.420561550827294,-71.35105536204308,251,242.2
1a7decd1-0cb1-48bc-b6e4-a4c1c1c00a79,25.306446982150593,-124.5148352480554,630,690.6
a39f74d8-562c-4ef9-abfd-c5b62369b938,34.469832976854036,-81.57115348411196,235,195.0
9c9439e8-03e9-4a39-b977-f348337d5a9d,30.503944774051277,-116.02327467174852,436,358.8
6fc3d6c5-d3f3-4727-ad56-6bf9954dc08f,42.270524124518246,-71.1784523020236,121,102.8
a593cab0-b3ad-45f7-a051-7437e3ace372,48.53242726243117,-72.32503956419674,295,288.9
203ea7e0-8376-4097-99a6-a61789692b75,30.413251561106193,-86.41983236421382,370,327.3
424e1b3d-5a91-43f9-847a-d86f7244c227,40.35436503685186,-85.3381851617643,248,226.9
7070938f-d6ff-438f-b87a-a8bb4e4cd85c,28.9524408189935,-124.68499062378838,142,150.4
ebe265a2-4ade-4746-922b-eb3b9218dc71,38.13325636429025,-66.89257759929748,197,185.9
94836c5a-60f9-479d-9dfc-827319669640,35.598312167208405,-73.20787638902695,241,246.5
c439bd94-db4b-4c2c-b809-e11f271f0616,48.300133240788426,-72.18873268192456,58,56.0
7062cea3-7561-462d-9d45-31f0fda457b7,39.213181817411666,-86.10457231399855,332,288.0
e052def8-c846-4cd1-966a-2c521578fefa,32.73765930217047,-104.65757120938234,600,497.8
cc63319d-7353-4015-915e-c7b7914e4e80,26.852394622198332,-72.27472970366163,125,111.8
d9029927-02b7-4841-9efd-0b22ed4e5a34,27.781170718373364,-107.80050123907965,242,199.2
a7fa68b8-f594-4228-97ce-9fb9e8d8aaf6,29.632923248780877,-91.80001894281003,267,279.7
3107ffb4-1027-46fd-8437-2e15ca16bf06,30.27416653350745,-119.11587263171094,217,242.7
55040d4d-09d5-48f7-afc3-742164fce19d,45.26540144602845,-70.60461782216774,158,147.9
e0f74543-a477-45dd-a309-7dfce0d9f555,38.03056970706312,-116.69454299149841,427,407.7
341ebd2d-e0cf-4cf8-8be3-04ff14853766,37.08477278435916,-111.73108846190597,119,134.1
8e2e72ff-6c20-4279-89e1-2b46a0a95755,26.869221796730436,-92.0700846704353,13,11.6
f2875f64-d480-4f2d-9b2b-6f357a46b43d,45.50349233373588,-79.9185129874341,372,315.3
0c1dc59c-9c73-452e-80a4-02bfb61afad4,42.07035758021209,-88.45827294975837,224,224.1
b1f19b3b-6d31-4465-a037-7182a58e5fd3,25.69170904750004,-111.30409914479078,378,400.1
0997d8ac-2e7f-411b-ac10-5061c1db3619,41.69587743074422,-124.94436049087807,30,31.2
9deaf895-0330-4d6d-b776-2f428e2b9446,37.58845543356615,-80.32811576186108,6,6.5
16094349-fecf-425e-9de6-2ed0e4478fd9,26.043133643669456,-66.87276777124546,545,448.4
e74d0b48-7902-4ee4-a69f-6d141099e9d0,35.45751603821641,-77.21512590194067,32,31.1
0a101c5c-bbe2-4098-8ecf-7547700a809f,36.11740717825117,-97.8478095287597,332,297.3
87a6f701-de9b-4cb5-9252-1e7b6ef1da04,28.144363504081895,-71.6777315774527,347,383.0
2725643f-385c-4f1d-9e5e-8e784b5ed158,47.64245367500706,-100.81898728601735,247,283.8
64791770-4ae4-495b-8abd-a1894d23b67b,45.24938428701655,-94.02888902963542,28,25.6
57fd5401-04e9-4d09-b845-a31cca170bde,40.725558433227704,-96.84934372365468,220,184.4
95cf50b8-14d1-4b28-8228-83eec9e0f836,35.55738902501518,-98.59019151273402,440,396.6
95abc7e4-b222-4a93-857f-3b1475c18ff8,34.29413853961271,-79.26374461165956,111,93.4
2159e2d9-98d2-4f78-884a-5065f1246b64,40.27433667877385,-93.92063447109997,107,99.4
5559ba6b-e079-41d2-b1a6-f54c0cee5176,37.63579673517263,-106.31368980051225,117,118.8
3190103c-4960-4751-be17-5f3971c94e54,25.55682764704714,-109.76866810814978,17,20.2
d092c1cb-7cd7-4d04-a7c4-84c4eebaa554,36.812566219258294,-122.77290829892144,445,427.1
7bc9225d-3d7b-414a-8ff6-7154f7e94f37,44.160090430820986,-90.59148544890029,407,361.4
9e8e203b-961d-4450-b449-2e2ab4493418,35.480996939923955,-111.43227649133898,1234,1069.5
5c9b52d1-67d7-4ef9-9f17-84e5faa4cc7f,25.29891443885671,-116.2600986010334,176,153.0
f78f3ba5-2b29-436a-b745-fbf6b0786251,43.65695498460083,-86.42403213416702,278,243.8
605157e6-987a-4ad3-a722-62c106a30883,29.03409455339936,-84.80865378852862,45,49.7
ceb16a86-6a33-4e52-bdad-9e0201aa6699,30.46552087220097,-80.6228613567977,220,181.4
35970d46-f1b5-48a2-b1a6-ad3dc3e3dacb,28.117658835807397,-95.2889631160231,210,251.8
fb2b3b5c-0c7d-41ff-a5cf-d7e5459f8efa,32.25537662178744,-72.2507782929707,463,467.2
010e50b7-4a0c-49aa-b9ed-eff1b2980d35,42.918787642215875,-69.75577754950456,355,361.3
33fff916-385a-47b1-b469-6a8635c0b099,36.98464648759843,-77.36511455224313,558,526.2
4a4c65a1-db05-4b89-9994-571f1496f4f9,29.122031853767815,-87.49998456151695,406,436.9
a3c61abe-c729-45c5-a30f-b5a122f6fc02,45.94575195380102,-107.08046373811987,406,401.4
7fe6017d-7842-461d-8755-a487152d8e55,45.98954637378823,-67.00624962440695,13,12.1
9bd3ac38-5628-4f65-9b0f-091f40ffcdf0,45.76446062615017,-108.82596613567564,374,338.9
fb65d406-e5e3-4052-89ca-fadf9ade5390,29.969905284538484,-113.04324160256456,187,218.8
f52a2dab-598e-4a44-9c2b-72818e1182b6,35.28098360452471,-98.91290728659162,96,88.0
97ef4965-5dd6-424a-81c0-d166f75837da,48.62474140352188,-121.64640632796907,12,11.7
c7ba7895-86f4-4c46-b563-59d448dc3d83,43.30031190774976,-67.26882658436435,226,212.5
e0d51290-f2f6-4d1b-9c8c-bd8acb7f75d5,24.679185530638996,-90.28242017143094,441,368.0
ec2179e4-9862-477c-b221-2c7f35925e23,25.6301147815123,-92.13982659181366,126,110.2
8c1e7ef2-8632-490b-bbd4-c0da00f5c92d,35.59828442030832,-86.30801948591653,229,200.6
0f4a8a0e-aba4-4836-9cc4-b42aa9dc60a0,46.730505146539,-95.67560478114481,486,523.6
1f4c898b-9807-40b5-afcf-380ed596ef09,37.46754494881786,-123.10825249142205,349,336.0
69d22900-ebcb-4480-a426-10d03cacccdb,36.44531270085726,-88.87363395841659,120,133.5
3ccc8c15-accd-49e5-a427-c7ab86c3008f,26.636842498915765,-82.7457412595706,98,106.2
c7d96c93-3683-410e-bacf-8b48a44f0792,40.41950261810735,-100.41180542318087,55,48.2
945fc130-d602-4871-8a7e-e4be042645ae,44.552579015005634,-80.31956124779961,93,95.3
eea90e33-fdca-4c98-ac8e-3a72bd2295cc,33.51050018768906,-111.60692333903319,24,26.3
60daf15f-5565-4b30-ab34-438acc261450,43.39029627313319,-111.94468112709514,709,746.7
858441aa-0dd5-48ea-bd80-1e679670d025,48.11191634752029,-115.47639772643313,171,177.8
8ca4d07b-7e71-4c00-8a34-67aa73f68cc3,29.094161478192227,-103.05230917243945,27,29.6
67a0c489-7f64-46e7-94e5-3e38ff4e724c,37.08324077986853,-75.02628991204406,87,71.6
cf4737b6-319c-49a3-b572-502ca616ed0a,31.178448952114387,-76.15318833320521,158,172.6
bf7584e1-7b57-4f60-aa02-3d19b3ba8f41,43.821360475845985,-102.41337173015327,152,138.2
490b2a39-bce0-4367-b975-d84e0a1c5a3d,38.43983414702894,-90.24199457716604,7,7.2
ff8d450b-d83d-4815-8343-1df2e1b71b2f,39.86456043875759,-82.47183732797998,603,540.8
8051581b-a9aa-4dec-9132-070ef22c3ab9,43.94785399039735,-110.76880029694664,64,72.7
3fc49cb1-b29d-475c-8aa9-447c487a0697,33.89926181656137,-115.07967593220992,3,3.0
1ae2c425-b4a5-412f-b33c-a80e58b2f554,46.87725171017608,-67.64633640047364,59,62.4
16546dea-1e70-4c0e-b316-63bf725cd1cd,37.325721681153496,-88.56411852063252,174,194.5
0ecc6fca-59d6-4b35-a60d-214dfc057158,27.9488705708837,-67.09647241181383,30,34.7
33058ebf-4b24-4512-a2ee-04001cc39c6e,41.397477954220065,-105.07239675919848,9,9.8
aa215a50-9206-4bbb-bfdd-887072724257,43.83153376095636,-83.52112970152623,95,81.7
ece076c7-dd9c-4942-a366-be18c4638de0,31.919041926688166,-111.86638544406698,195,222.7
75ab8a9c-c861-43ed-8f81-77c52b2d90ba,45.42948142496883,-109.58918989483914,24,25.1
7ce64f93-5024-4b68-80c8-30810a440af3,46.65358136914416,-94.79777484509219,75,78.3
5f5a622f-6286-48da-8d7d-815e806ee527,30.922612184445224,-106.1425305950238,108,126.2
08d4c44f-183a-4608-b977-1319b1a337aa,48.58803681788055,-115.11032773340551,35,31.5
8fc83911-7ce2-4faf-a08b-3dca40521628,27.51778820121896,-109.49003858262977,141,126.3
cce93053-cbfd-42b6-80a7-b25ef59d9b8c,29.05039171006225,-122.89084472651399,18,18.1
8fb168ad-0b98-4980-9055-dbefc81d7404,28.605620980950654,-83.43900633282828,10,11.0
686e618e-b771-4cd7-b009-e5d01ee3787a,46.34974275019676,-95.96511723193416,147,143.9
f493f633-7aa1-440c-becf-8c77162a958e,40.35731380812405,-119.43965908213299,57,60.1
9546effc-990e-43e2-b6e8-bb8fc757709f,27.80260708055682,-114.87005440541901,20,19.6
42093dff-56c2-48c0-a648-0e20bb2b4d06,35.00808545920872,-118.950462251354,110,114.9
ca418db6-812c-4850-a285-d5d5001f0706,39.382450626745054,-88.85702431172328,493,556.6
7f3555e9-4dcf-4b4c-99ed-604262aab7ee,26.086602124734583,-119.44158854686286,258,225.0
b7e967b4-f13f-4fe7-a6a3-1c90f86d202a,46.060409210183465,-80.49734235092225,338,364.4
b6b207b7-c71a-4302-9706-02fa76e01e40,44.090088386038374,-123.78985576009693,411,458.3
b73b191d-5769-4269-8926-ca20a1fa99c5,36.63016933941596,-110.28682850824237,720,704.8
c8fe1a01-36ef-4b32-8ede-a0b035c7d355,48.17816538147926,-72.45066612237747,288,267.6
000c9885-609e-4091-8e14-d20b8ecdf832,34.44402448187749,-82.60665223078749,188,151.4
184ec26d-c574-4421-b1d8-c44ad0106cb1,48.602757975912446,-120.69486835738442,91,101.8
b5e53189-6498-455f-9e3e-07debfc8967d,40.69799997009068,-76.55355983537439,40,37.2
a88f1749-9fb2-4d23-8b5c-85c677e519b9,39.86678183134853,-95.91092782912791,232,218.8
af31b779-eb55-44bd-b77b-e3a7fd5c6884,28.148872382394625,-75.03980139703907,1058,988.6
483ef92c-5231-41c4-849c-34fa36537761,46.0481939576161,-89.55635330742679,126,125.9
21af2e69-4e3c-4350-9fc7-b7f786aaf0af,34.68724219801538,-84.77185111006133,257,277.8
faa207ce-9e76-4d87-9d7d-5493bb3fdc90,28.055835144561982,-66.38340793665321,137,151.9
e1d6fd05-2160-469c-9b46-c019aaf0dd3b,24.315187999393977,-111.29220279048293,113,108.1
0fa7640a-50a4-4de5-a96a-d850981edde7,37.99389209095956,-88.18721108907809,106,112.9
13b5e317-3366-40f2-808d-0cea2a8571b5,37.18499055306691,-97.8410379866135,140,152.4
27b7fadb-fa3a-4024-b1e5-d6b1aceca174,41.983840559228966,-122.6723347775612,91,83.6
71b4e330-96b3-4cae-89f7-8fe190efc041,46.256451325445056,-124.14623215133096,276,231.5
2159edcf-9d7f-4455-8c9b-f7fa898ad090,25.98516461607574,-117.96551390874635,415,480.5
f2af1d21-afc6-498c-b0dc-7e6039d52c58,42.28741225850906,-86.70358730822566,429,459.4
6411e38d-47bd-452a-a164-0e1e3eb7cda9,28.685298602439556,-91.53737781310986,52,55.1
29e2938f-08e2-4fbe-8856-40be085d704d,45.4544263289291,-92.34765589134008,452,372.2
a754f6a5-20e0-4529-a2bd-4445eadd2e25,44.476587846541406,-123.12045101083265,84,94.7
a35640db-7ba5-4ee8-9269-18638575f705,37.51984387463861,-97.31112321475959,74,76.0
c45bea1e-b161-4b41-8ea4-2e49e13d3e82,41.75606996558279,-70.44725374729082,259,295.0
94ba004d-f89b-45e6-9d5c-21ddb38a3ec1,31.858752829593712,-101.54207971067186,73,86.9
2fe3bda9-acb9-46b6-a845-73191d59fa49,35.779197473320366,-88.12957428248107,11,13.0
8b280808-002a-4b6e-9e13-9c2561e51bb5,44.54092244276179,-78.99069813823454,94,107.4
da9b323a-1b84-4ebd-9b48-aefc19e4ea02,35.481629929330346,-78.74840853062864,256,205.9
b2e24a65-ceb9-4d61-9123-61f3c80c4d03,32.944956633136044,-94.36247513867899,79,91.2
c41d574c-6d27-4770-b2a5-01e23255e68b,36.3553111812575,-74.38083522126216,199,165.2
7924a5a5-80b0-476c-9dbb-aa116978b090,44.70623131093046,-101.90869249153893,216,246.3
d6bbba2c-06fe-4e5c-a259-ecaf13e606e8,32.38020118427182,-72.56710032769689,265,241.7
eeb9870b-97b1-4bd9-afef-4a0d3944db4e,28.344039828393594,-110.82659718266282,455,475.0
6be336c2-8a79-4ce3-9881-ee2b7682de26,41.80035050826952,-108.4672319875563,113,92.1
511b1965-b2c0-4de4-9009-4cb1c0d307d8,44.64945531770205,-121.86588317225893,36,39.9
77635cdb-f49e-4e30-a331-4dc15a6cc21e,26.515936963088333,-78.06067164400531,77,65.0
a116aa91-5b5e-47af-b2f3-2f9e8d9297a1,29.996852818898617,-100.39374106227038,113,109.0
6c69822f-3d84-402a-ba83-83e0ceca32a0,27.549299744024847,-111.48211977922746,250,281.7
dccf3878-acc9-4827-ba6f-ec8597ac9314,32.698535289554165,-111.3243736206218,3,3.2
7ecffcef-8b71-46bd-bb4f-3ee8129bf93b,35.25877447263532,-71.81740346747524,76,61.0
0e77b10b-a65a-4b4d-9955-deaedae1f543,42.72065842408266,-75.79892057279882,303,291.2
c9e3a553-168e-4ca2-9daa-cecd9260af41,40.27868962204185,-92.34167776392619,222,181.3
9a46f930-b485-42c9-8a1b-2f707c82edc7,39.52321418696078,-88.64946277547246,263,281.3
9b6f0124-e0a4-4c1a-b4c3-7194c026dcbb,32.80937366524136,-97.01479133753283,334,396.7
e3c95ac7-453b-49c9-ac04-08ceef696e1c,45.036188827119,-101.89167397015028,306,325.0
bf5a1436-2398-4a63-bf3a-232394641982,35.78217918495412,-70.98686400811845,229,203.8
2bdce705-7c40-471c-b479-30b7b541f0c2,48.477623450378864,-117.58885049230217,116,109.3
80473d7a-930f-4d2c-aa81-07c5546b768a,39.85355345739342,-100.31163940674256,822,978.7
613e753b-0061-4a1a-aa3d-cf0e239d136f,27.156618539112568,-104.67084742871535,969,862.0
3165344f-7759-4230-bdb5-107b66dd00e9,40.904439051885845,-95.60910750518224,45,46.1
f8db78b9-9432-418c-b4e4-7d643ff6dbc4,32.127600385792476,-97.99971940183467,69,66.3
2f7a6970-4564-4c13-8801-a5ea3d50ea6a,41.15817991715244,-94.3855176325862,237,262.4
89ca990a-0bdf-4e97-b38b-c08e93ab21cb,25.74102870406014,-116.74478034360735,517,593.0
8910e5d7-2caf-4a26-b191-49123e78bdf1,28.372035929398983,-94.72465141071666,39,36.5
3cf75ebb-6633-4841-b25b-575e3e1e46df,45.39343147264466,-110.69728998065456,17,18.1
20ec0d45-5057-43d1-b83d-f08db650dc82,29.679488925587872,-114.12445040969672,2173,2215.6
852092a8-edbc-43c8-b1f9-12a6ff329e72,44.9260281310735,-121.17478109161472,494,450.2
d47c8532-93e5-4311-9684-857fad2d7ba7,30.98190221136026,-80.00349903338768,65,59.1
ddba2d52-3eef-48a8-b1b5-3558d753527d,40.07204775146769,-99.78092666946296,95,96.5
c48dfefa-36a4-4255-b821-1f6f62eb83a5,41.35376433774577,-88.02802268460626,216,186.1
3c18f6e3-05e5-4ffc-a59f-6adc7942f59d,36.816368828626324,-82.07199274502014,80,89.9
80988ae2-e7e9-4e8e-ae0c-c5b4be261e17,31.63276691741828,-84.92031674650033,419,346.8
5d98c13d-c908-463e-a691-e5f2d0d0d668,29.316109409277402,-97.24045757370874,23,19.3
12f864d9-82e1-4350-b7e6-cc5327d88bc3,24.829733864060657,-102.11398679184794,8,7.5
1d72cd5a-898c-4266-8584-123f90b6f8c1,31.598660031018095,-102.81836533120084,47,39.8
861e5e16-f870-4e37-a89f-6eaeb7daf72b,40.32906976328208,-87.23712098112668,67,66.3
7d551cc9-eb91-468d-8c11-21c09bddb4b0,47.457620461212066,-95.80713305842947,24,23.0
c090c5e0-11aa-4cad-9b3d-828164f92d39,45.7801120565763,-74.90119736867787,14,15.2
a370346d-3c72-46c5-a9fb-d0d9ae3f4176,43.15161941338256,-73.392582924724,282,333.1
3a03e9dc-5ed8-472a-b07e-65340382617b,43.71118358133246,-114.9369376976154,36,39.7
76cfa5f0-2cb0-4478-a95a-ce35d77a9d29,40.62462258689988,-116.96221455880219,491,428.0
63c035e0-4002-48a6-87e6-705e65b602bf,30.507171439150074,-87.80634536387603,92,108.0
e8619ac7-1d28-4f6e-b522-c3eb9a7f8161,46.67987576764575,-107.22768086432552,222,212.4
c1092674-2148-4f2d-8c93-80f03e4089f8,40.768307797645846,-123.90432759285916,51,50.5
37e9aec1-a27d-44ae-bfa5-79fd044986be,38.011015774510994,-72.57008250758565,55,53.3
a5d6f356-2b6e-4251-b481-ef1ad4aa7e11,26.774736730337025,-111.61285473261532,171,156.0
60f41814-a102-4f1a-8181-660d1546acd0,35.17638859516063,-70.17244155053726,164,189.9
6f65d6bf-be49-4037-962e-6d8c523d771a,35.50895678004816,-82.67136739818304,293,273.3
ed2642b7-f69a-44b8-9d5b-d0e4b435795a,45.61409023806675,-80.00344409522242,284,292.9
de6d7c48-cb4a-4710-a9dd-e2b253a7619c,37.666205504694716,-113.11377174820353,222,198.9
6181b6c7-c704-4799-b810-2e0cd2753566,33.51001372426024,-111.18252888860803,119,133.2
465cec46-48af-4473-b10a-9db6a9ace8e7,48.42000821276648,-94.24520252438012,443,491.6
c4612031-f87b-4014-b153-e439da209818,26.768014833157892,-114.84610869365814,195,179.1
309c35ef-afd8-4c61-b364-30d7ba00cfb3,34.56371070779861,-106.9795301317011,925,992.2
0a84a0f1-e61e-42bb-b1c1-41c5f3d97888,25.050616879285133,-106.03371380107953,342,369.9
22814ab6-5cd9-4db0-9de7-28b63affaafe,42.497603019173255,-115.58183393808692,48,49.2
729cacd6-5aa2-4375-a405-2e756a6e7cf0,46.951913804978766,-112.89421282968551,77,80.1
f3d66eb5-04af-4329-b363-d532792b5ae9,31.000933238762236,-78.47544132151286,170,175.1
1f8534b5-a894-4128-800f-ce856efa77cf,45.45854191997802,-115.13544458171117,256,213.2
648b2aad-b6b7-4776-b793-0230254b73bf,31.305455761547442,-123.32101388120857,160,170.9
2191b6e9-1dde-4636-ae01-d9899e6b56b0,46.76925404109788,-87.86805838489263,308,304.3
47750fe7-4bde-4e09-a6cc-d470f56b4d2e,42.8490475899196,-67.41699595584545,66,64.4
1ee66d27-5965-462f-a29c-488b9ea0a891,44.122669421035965,-105.45838493723583,41,46.9
018d97ac-0784-471c-828d-8bb239e505c8,24.450163890011364,-117.99931351142112,11,8.9
2f05b7d1-bb1c-49f9-8e84-79809f5547d3,48.07025892685065,-91.34714780331569,170,153.1
162315a6-4106-4688-bcdc-3d43b52b00f7,42.16677480175808,-71.52510154535688,233,197.7
06d5e149-acd4-49c9-95b3-880117808408,31.618777384653335,-78.74035499011976,79,64.3
aa830843-3c26-46a7-96ac-533c5d75c678,44.73486662147117,-88.27156376364977,190,173.0
64fc250d-068f-4d0b-ab3d-b9e578dbc40c,31.03802996037325,-106.41166670015164,11,13.1
603dd3ef-2cae-4ede-a29d-6d73a315eb43,45.8188459891532,-93.02906977670303,21,19.1
91774763-01aa-4049-b0a4-88c58070c4c9,26.814509760298424,-119.61655436304893,242,257.8
5ec0d17c-59c4-46a7-addb-65cdcdaa8306,41.59214943651989,-84.94221996744048,92,78.0
fa4bd9eb-5100-4ff0-98f6-88e955fc131d,37.517461916122755,-82.21933488503859,223,232.1
f60d21bc-83bd-4d2b-86d3-44f5acf4f510,26.41336175488602,-68.06313424831478,356,425.0
36d04732-f2fd-4b27-bd99-6a5294b551c2,30.047345706470974,-109.63655583404078,383,351.1
b11f67cb-de4e-41b0-80fe-a15610477076,24.31010090693287,-123.91107127646167,38,43.3
e9063281-5ab6-49a9-9e5a-1fe1cc2d2425,35.719199136612644,-92.80910059879811,133,159.5
f639b53f-581a-4333-b587-7c8277102fe3,31.53163151900001,-83.29936024058794,265,274.4
888837e6-76a0-4a42-8e64-32a2c7da67c6,38.95893710744397,-78.3659589229037,297,274.4
ce952f17-c717-4f85-bab3-3973271db5b2,31.43094519271543,-113.56940295153618,307,328.3
e8d3c1bc-4024-4322-8258-0f830f1ff424,31.497977787674618,-109.55658072681561,52,59.2
4c168bbb-343b-49ca-963e-c945112a3bec,42.579829968290085,-94.75713540922952,43,37.3
d70eccd8-4434-4769-9c04-dbcf2f92501b,25.203570899458835,-105.49455221176989,178,174.6
4bd0347b-017a-4527-87d9-3ac05b74ccb3,46.57237487979968,-74.22982229134075,270,250.5
17e86c3a-0a14-4ed5-aaac-d1668c46a4ed,45.30659685977953,-97.0481509294155,77,70.3
ca03a372-0ac8-4360-a0ba-691837b550f2,40.69511708066017,-77.82485999798183,22,25.2
210f4a8a-4c2d-4aa5-9613-df54bfe0cd44,38.83053925268461,-90.74343413154114,252,244.1
7761ae93-8d0a-4d9f-b077-e1b71de08dda,46.30756245349131,-79.3876816445904,71,66.4
ad92ae39-c232-4e6c-94bc-6f4bdd1e62c8,28.63325448821786,-105.37229379471088,36,37.5
0aba899d-74e3-4f1f-a98c-b2f26bc899c0,25.974229054770717,-75.94641930611164,32,28.4
d4758d35-1337-44e7-877d-b3d4d7dbae59,29.98775424773845,-108.80023338248972,76,67.8
a8273889-b0e9-4802-9194-8cb576cd38fd,43.86445696750476,-92.78017032780585,180,181.5
0ae5c214-0a1b-4400-b887-5a62b5686db4,24.866756668162083,-112.37358032274142,89,85.8
8a322120-4376-4eea-bf40-189bf3b87d0e,38.57017087708724,-96.9439352240546,4,3.7
f5e67e0d-874a-40d8-9926-c140960660bd,48.88593790478275,-106.22766263898652,20,16.4
573613cb-7456-43fb-8607-fbf2238df95c,45.392402345938486,-109.26449759240435,69,69.6
acef60e6-7a4a-4b18-8451-35e7dca4185a,37.03614222608974,-67.94788393634579,508,572.3
532e3cb6-4dd5-43f9-9aa6-3fc8f467e280,25.59102273216606,-115.55562777628289,21,24.0
230d38d0-4ddb-4b3a-8994-47baf2b10473,44.78433785964275,-78.54777559001369,164,146.6
0202dd0c-fb70-4b61-89b3-2a10cd41be0c,38.974462704430266,-66.93426739049032,26,27.0
d0febfd5-13bb-449f-a759-b1c0d0734e52,26.873324926489172,-123.82581245933541,48,54.8
d547747c-5af3-4741-b812-23ab74ae02e8,26.346432120583906,-83.75738257151639,38,36.6
ae2a877b-8d07-4399-8980-2f52f01ee19f,46.740670485914805,-110.07820347217906,14,16.4
84c0deea-bb96-428b-8167-e9a3f42ee081,40.73000657345196,-122.61121836463003,223,258.9
5a864a36-ae75-4904-95d9-5271a063d4af,44.73216998291889,-101.22951484155878,125,110.4
c285b09c-d799-45b2-9fe2-c217a141cac4,45.97447250705668,-69.82214919991837,356,321.7
7fc51317-a870-45b9-969e-c44b77c6df6f,38.294308801208054,-124.30585943234713,21,18.3
bbbb7288-b5f2-4c35-9ec5-d150aa528254,36.93615879387603,-90.31474417614288,31,27.2
2534bafd-0bb5-49bd-8ce7-2578a70ba65c,34.76068525802475,-95.41760776287586,73,84.9
b07880d7-8df6-4305-aba2-efc5dd23ec19,31.923664694777983,-73.4703343021082,290,340.0
546807e5-400f-40b4-a893-319df9f9eb63,34.86489902146779,-120.04389884328309,73,59.9
1c050473-28c8-4960-9aa5-acf0e37e0c1f,43.34699139325391,-84.78996423668764,105,108.9
3d350351-fb1d-4c96-98fb-a555d57ace41,39.04808577537829,-84.87352779243665,72,73.8
175402ad-f76c-4051-ac6d-c9673d83050d,46.313082248871154,-85.5242790051253,17,16.3
aaa42d1d-a94b-4988-be48-3c344feb5a0d,35.08450035947969,-69.40226479883282,561,590.6
9e32098d-d1f2-4d54-b04a-2e39e374b452,39.177239467968846,-76.43783578859406,159,187.5
ad75ae2a-ff97-47c6-b86c-70a89dab2e34,39.78268882729972,-122.52360915163314,310,269.1
cc13092e-4713-4234-bdc6-7137d763ed7f,38.79242905765814,-97.20611180843372,215,182.4
78931c95-ce95-4f3f-bf0f-35bc4febf0ca,41.56584432713791,-101.52076968412132,144,117.1
51eca5b9-6fee-4061-a876-51fe08ae9dc4,29.935836709370157,-106.70131395564268,19,18.0
3fd9aa48-4a48-43e0-a922-a20ca2418f9c,36.80909443864476,-98.37113321590826,206,192.6
2c9645f9-5124-4a4f-a45c-0aef4edc2787,26.60562007020869,-102.33254308936733,34,33.1
ee7dc803-8d6f-4e7d-b563-c581a12fa7c8,33.612783191120315,-99.49229990715875,107,107.1
1f5efb34-93c8-49e6-8a03-cb82c3161fff,36.191676715531614,-67.2235499290901,198,218.4
857347dc-b015-49ca-9ed8-d5108cef2c32,40.30560648863681,-119.77065448977473,305,291.8
92907f4f-1f9b-4e1b-9409-ab14d3633d5c,47.76327631465509,-70.58837867951493,231,215.3
2acb31cd-d517-4cb2-9e78-915bb554fb0a,39.016276663708894,-96.66603390520942,223,252.2
d83ed8cf-a942-4aa3-bc1f-cf1cdb6899c9,42.58984790441399,-88.19920751552706,32,36.5
135f3c97-8c53-45bc-91d8-51d829c6f97e,36.65665148738007,-76.01920496955606,85,75.9
15221e47-375e-401e-bb72-5d166b817628,39.85260078440828,-103.73268128019393,9,8.3
29436165-1851-4345-987f-111891ab78e4,25.773305403344335,-99.60510742280995,254,287.0
a80e4661-a5db-4cd5-9723-9e77e7bf5205,30.359789521046174,-100.83840966355588,610,507.4
ca9d5a52-0eb9-4c32-9216-f0a66f11b5d7,33.04632733012846,-102.89086967039017,61,56.8
8e66f7bf-883a-4a58-b07d-5fb50e6e0355,35.812333875162835,-70.3937700228332,18,17.6
4a86d07c-65fa-4aa6-9065-48b5b9fcb6e9,25.141218637559593,-76.09313641961228,129,112.9
a184ba97-ea94-4fa5-a0ff-f24036335ba9,27.500602438832942,-118.56900059808441,389,339.2
bbf09f18-9c60-42c8-bfa9-faca2bd55cba,30.920357694782645,-118.62072220385133,161,156.2
89388fab-597a-4108-8d2b-067bd39555bd,48.28831727252627,-99.75569862367352,34,37.5
bc833835-42a5-4802-852a-4ffb107de987,32.28367517757627,-119.17921477276427,732,831.6
6e525fce-1407-426e-b380-1b6e24db23a3,36.05102645280206,-88.47350737900393,353,420.7
ac4f1f2b-545f-4a00-a3a5-4134fd6945b5,28.902442818459825,-116.5221951715577,28,23.2
efee7de5-94e6-4845-abe5-352c4d176fe1,39.2695017768942,-94.17997742595874,510,452.2
b6ff173b-b93d-4766-a42d-f36bd43c5e4f,31.01708038789936,-124.57402312678066,120,132.3
be836111-36ab-4037-920f-a6807bb05a96,29.17481446096067,-106.32081544365384,93,94.5
59b0cedb-3f35-4378-a4b0-f84d8a5d2e46,36.91431571114948,-85.04574730331333,124,115.5
43951448-b240-4471-8eb7-c4bc5845a382,24.13764497901052,-96.44170252655694,360,317.6
87631ddf-9301-4f53-9a61-c0169a5b7852,24.191600816230633,-67.28210032605969,215,196.1
abdf82e1-df0d-4401-a425-9f46d232a27a,29.476720227546444,-73.42787603209356,12,11.7
f122f76c-5bb3-4e05-95e6-1f6fd9423926,24.91803406252053,-103.81482403645407,632,550.4
95d40e24-d901-4f66-b214-2e89e0ce1af6,26.700643853267284,-122.31629405313579,32,37.9
2c86b255-9634-41d6-8734-13695026abf7,32.47151623346879,-75.1080482932139,274,231.0
ddee3af3-c3d4-4fbe-9366-9807ad48d868,44.06464198949532,-71.23717569143439,202,241.2
94df8c40-e838-4ba4-a820-6e29db604b33,38.30121608423252,-76.58298378827683,42,47.7
5b31d64e-4388-48d6-b05b-6cd0a094de8f,36.81669314891041,-117.45095348573388,37,35.9
7830e58b-4293-4656-840d-890324103882,31.33722058020304,-66.12300706967503,409,448.2
1e653786-d2b3-4581-aa92-9e0c5b975597,47.293842985820405,-109.74353092838635,109,116.5
e3b68eef-9d93-4c8e-b32f-ba9217661aa6,33.92537603092979,-82.27191014430616,213,188.6
e0622be4-a4d9-4b39-a21d-68bfb9f0fbb5,26.177319169894286,-71.42594229619243,140,131.0
c749465b-927a-460c-88bd-847fa58b8537,39.42666290294503,-111.09446025448814,260,261.4
6c583c90-5d53-4eab-893b-2f22986114ba,26.845959836915036,-71.4127452740531,130,137.2
8bc2ac99-ddc9-4840-96c8-d18c418d056e,32.6305785700423,-106.74058682750285,68,69.2
b7b54f2d-61b8-4966-a155-61790d4cc18b,36.68529846794522,-67.39161987934068,212,209.7
0bdb63b8-766e-4372-a1ee-018694ac5e30,45.85556311712939,-108.40565879755201,392,383.1
e943ab6e-3829-4435-bdb9-f27d1ba8c6dc,36.338664508502966,-68.74728633928773,126,125.9
dbff2c2f-d0a8-4d09-ac65-2c0fefc841f2,41.55646915079161,-121.84086559733218,48,46.7
e625c95f-7488-472c-8e31-13863389b9b3,48.820420974976756,-83.15295131148103,545,554.0
d2726a85-a8e5-45d3-9362-10194c45498a,27.28722799744954,-93.60544310361678,319,368.5
58158992-8dc7-4d35-a69b-e049495a8d81,30.86828813798799,-96.8052524497589,11,11.6
3a55702b-4ed6-4ccb-a515-6f4b24037baf,33.86440188994116,-111.81383545890544,1370,1492.0
f1976dec-240e-4e72-9fc7-609ee46aedc8,34.545704463470784,-83.36984840318698,237,246.2
1416af8f-86a9-4498-9170-5ee560c164ea,34.27552688163864,-113.74224000466788,35,37.0
2b6cf28c-7743-4519-a7b7-9c415ef662c7,46.69027506391387,-92.38233403689867,54,55.7
e3058bf3-5f04-4ead-b8f7-4b8b447f2ef9,41.850816111671406,-110.0585235806252,236,191.3
46a523ae-33f9-4c23-a3e2-fdb18bac4ee0,39.197630352267595,-68.61833859289999,303,363.6
12643eab-b6c0-4baa-853c-f5cf06b3dc37,31.734317946569554,-123.31075956369648,55,44.7
7b7b4605-6bb7-40e9-aafd-384e01b194a1,44.59475960553237,-113.21603147343704,59,56.5
5054d750-f8ac-4b89-b9cc-84c438dac7ed,47.876512787124724,-110.70367422314058,73,61.5
9fde0c2f-d17b-4ed4-8e9a-2ee320ed23b5,44.52995706375566,-100.56999827969884,182,152.7
568fe343-9c9b-4389-a573-a5e8b553d2bb,24.039127629786822,-111.26891572966684,38,42.5
e1137e53-bf54-445d-a5c4-85d6ee61b47e,39.91003425458518,-96.01040367414167,22,21.3
494e47a1-9c3a-439e-8de1-fe881927a28b,25.278384536052517,-73.5245341277462,227,254.3
edef05af-34a6-4878-9003-25b171cfb900,30.440180508343047,-82.98825813685892,302,274.6
030b175b-ef0b-4b6b-95f8-3ada43e43caf,25.48811750869429,-90.78224314842845,139,125.5
1b1ec844-b90a-494d-9170-7ba2575da7ef,39.09488632373469,-119.7488124990219,90,81.0
29955b7a-6d02-4989-b13f-46a480f35586,41.16474783731517,-84.05446560503273,113,118.2
485f6d57-33fc-4c3b-9c08-cbc04f577aac,26.862190951647626,-115.18155722565454,98,110.3
af288185-a96d-40cb-a5df-e81bd2604fcb,33.59597207612449,-78.60432422825983,644,631.7
eac5e024-3849-4fb4-a5d9-dd6cd0472f23,35.40591272388855,-110.24665124790096,292,277.9
350463fd-40b6-4d34-862d-51233e99ffaf,33.22632554402291,-100.39412502906684,47,55.9
d333cb92-8758-4626-a31e-b6a5459ae22b,27.025625012129826,-104.32225806324226,97,82.1
aafe89a1-d81a-4f9a-8f63-3c56440fb108,34.47369475468689,-74.32997903418345,157,156.2
f11a6c10-2373-4644-aa0e-9a6381963daa,42.779451195210456,-117.53387693590892,190,183.0
5f1c500b-4f63-4836-8fdf-1e13af27f326,25.775191613331387,-91.62695193929747,126,105.7
5c8fc14a-8e86-499a-b257-cc2b4c5ec6b0,26.004500352047586,-116.61836504285932,332,301.2
12cd86e1-b08a-4af3-b407-7e8b4826344b,32.86928229589961,-83.41704566820098,292,236.9
26493ad8-d9d5-4b73-aecf-be1af608a177,47.54314279047313,-71.60039046012561,141,162.3
8934078b-4bc2-428c-8924-0da17568fcf5,40.714316168072855,-99.35814842183206,385,401.6
69249d06-66ff-4849-ac67-fb893dfd3d44,40.96674891681412,-96.20255664436642,278,313.0
a8001b5e-e339-40e6-870e-4249b64c6b7b,33.047999770946625,-70.28205264751702,302,304.6
83dafcb3-6cd1-4a20-9dfc-e3c73f69715f,38.84151978021346,-94.26150806968793,627,652.0
e33dfd27-7363-4764-b47d-bf26b4bf2130,24.253279600693585,-96.2316921550759,62,67.0
237a7c66-b0b0-43fb-a6b2-0437916e858d,39.902401160238554,-90.87858294044605,62,72.1
5761fe28-3163-44cc-961b-1ae1d973ecd6,46.83217368940592,-84.33544555458585,440,368.1
070d7630-312e-43ba-ad69-5e5f9ee4b699,39.31433670862048,-118.69388086986515,296,276.0
46dd2401-a808-4b93-b8a5-773669b4ef93,45.84246483665862,-76.55447886325055,522,565.6
9ea96730-51e9-4929-aaa4-2fd2cdecdc3e,42.09932638665234,-99.30520338025771,13,15.4
f1fabb3d-ce44-4a5e-914c-7543fce289cb,27.013960410092256,-120.73143791604835,198,236.1
e8eb24d4-7b89-4007-b80e-008c9f2c0eec,46.561332682146045,-78.61522251730543,31,32.7
3803a05e-253a-466b-b62e-32a3747cd527,25.661096108894373,-102.75995167050995,140,122.8
ff75ba96-3f0c-47fe-b277-5a1b87c59ef3,37.3491868136941,-119.07831778939182,34,28.8
1401842b-bb09-40d6-a234-a90bb3030c8a,27.55342809483644,-87.60703666694822,27,31.8
1cf25b60-0e2b-4fc5-9fd6-244a1f0d9602,24.2926652682726,-73.07225014741513,2,1.9
69eba286-dbed-47a3-9510-264665dd1c55,34.55085650319097,-72.6225429445748,199,174.7
84790134-6761-4d2b-886c-e6023a24a233,31.376017691353905,-68.49785498627058,89,104.4
39e30958-01e7-4f9f-9052-df1fcaea15a4,36.15001234494007,-73.80537787376541,22,18.5
70b9aad1-d2fa-4bd6-b467-e4dfaa1db6c3,38.42999716836377,-124.87368575861696,78,85.2
f674bf2d-ae00-41f6-ad95-830f6274c451,25.093476807723682,-102.56577118160997,37,38.9
86341652-2cc9-493a-981f-396f0c34c420,27.07508237809364,-76.70598778557532,568,474.3
e8ebb67d-ca93-412b-b4e5-27a0c7102a19,37.966059911260636,-103.39107264609002,77,72.0
9272e4fd-1614-42f9-99cf-43b863b5880d,32.579183829316456,-89.50863812359734,81,69.7
abc9cd5e-d49e-42ed-9721-a90b5fa6e881,42.229337188736196,-89.22730010490261,366,381.3
11c7251a-6aa3-4475-a04c-d214b6a69da9,40.3072912147985,-103.46350706170944,209,207.1
f102c66d-e095-4b3f-9c16-d7b493c190f5,45.14010907474767,-71.63603829040403,248,198.8
2567dbf8-9c40-43c8-a120-969f4751b621,41.31232066673063,-95.30952762221906,202,240.4
111b57e8-94bf-4b22-80c4-4942358b5d02,34.748276934753704,-97.57773184968745,584,548.9
cb958a25-4ef0-43f4-86ea-a0dec7de1abf,40.82416555986081,-66.14668900594813,46,41.6
2b5b46bf-649c-4353-bc43-1b043d31ae9d,30.884529356385464,-95.88347851971562,903,802.7
14a84576-2b57-43b7-80b9-ab0e75234ddf,31.657837469455316,-114.47450313621371,356,307.4
9a4e55be-3bfa-412f-8b63-3bc67fb92cb4,43.72462899801983,-94.72890405105716,178,213.5
5ec8d85d-4747-4423-9902-218f1a380913,35.160487910039556,-76.97301260432413,217,199.2
cc91d17f-a8f5-46ac-b94d-2a878c8607a1,43.95950851295881,-79.1652407130014,209,201.1
b52541d4-1cb5-437a-ad07-40cd45aa74e1,44.56055934170696,-78.47367585860022,12,13.8
a974cf5c-590f-484f-9681-16d599d35411,45.4390584415321,-83.22659674412321,49,51.8
7e3518fe-8eb0-47de-9df0-05992693efde,46.91588089603018,-110.0011480850654,651,616.8
6cae35f3-8529-40c2-8611-307ffd60dba6,34.7746305128324,-74.13703893542635,153,177.4
04fa6174-db5d-4932-a3bc-d6dd485f6e3d,31.97167045802847,-72.28683554280036,95,104.5
70dbd6ba-ef26-49ca-b9a9-f279bedda528,38.55496866485285,-113.5449908995056,287,255.8
82c23cf2-573e-4ab6-98d8-9e789a916178,33.27931058594069,-117.30311744346776,149,157.6
9cb8d445-8ffb-4e4a-8c6b-9ba8a40d3665,39.02685417000583,-67.43930685324239,3,3.5
4ac1a9e6-5ceb-4332-8e9c-27cfca83902d,41.639646566095614,-73.7688861446283,267,266.6
bd5d1af0-d469-4cd2-8234-a2268b3d61c6,41.210125462303424,-72.29906731461315,264,288.7
55d9334d-537d-4e99-89d7-6367b1531f7d,33.36382217550303,-72.70379330716068,36,42.8
e6fdcf4e-8283-45cf-9059-ee05a7cf31b7,28.17150504246882,-93.04047738201002,628,675.8
a0f10b49-ece8-417b-9eee-3af8d328945b,34.76323346155519,-86.86229753671782,51,42.9
765ec0bb-d5a6-4ab2-bd97-dae667b95120,27.56485360204772,-92.82359172411515,122,109.5
e8f73a8f-107d-4717-9d04-16e9a516c514,46.25242587959521,-121.97882539777058,24,24.9
9bac5b9a-2b12-4b89-bba6-3edf0387366e,32.64693651844644,-81.01531796418641,185,168.4
2b7d6f11-a88a-45c4-8ed0-d4a029a966b1,27.861493680583095,-95.18541003318306,94,111.2
b976c57c-c710-438a-a570-cfb2f7c7f928,24.636193997643772,-86.78516458737644,87,83.7
d3e9dc91-8380-4b9e-83dc-b8247b1bf22c,40.14555965716211,-95.34425150644341,351,345.0
e9f5bde3-592b-43db-819a-963a5af8a694,39.92255793636858,-95.9831319829751,2,2.2
90c71b8d-2019-497f-9e7a-1091a90fa08c,32.51510416453229,-114.86444254081175,320,323.1
e748f20b-f4b4-4db4-943c-9f23a5240025,25.792797221191275,-108.55589080667221,169,161.0
17664641-5dc9-4acf-aa90-0f0001a9d537,34.2407223723808,-115.62769117530661,855,710.2
e47a0f65-70c0-4251-875e-3d988d7faae1,31.78043737658484,-113.4556885581048,178,184.9
177a7ff1-2d99-46c2-a5df-f4a0e33b9960,40.92801599337523,-67.59433455520201,11,12.6
8ee1b0af-68bb-4c7d-ad8f-7fe973db49b8,39.14448123631726,-115.9663066994403,10,10.7
4ea95900-58b4-4d24-bcec-caab5db971e6,33.1148432049385,-109.11304496599274,429,408.7
e176d214-4e35-4ddf-96a4-f4a981512492,29.447313856374752,-90.15521019342349,368,313.2
c9b2dd75-a3fe-4643-89c6-7b6cc410c6ef,48.70089915388979,-88.99946400203814,85,95.8
df313ed0-0396-4da4-9036-76644edf5bdb,35.35004052990287,-115.91552634511409,192,225.9
223162d7-70e5-493b-abd9-19c7eaf89c80,41.20685589450593,-78.17067187867247,135,129.0
e3327009-76a5-43b4-8e6a-a39aed3b6832,27.51382418945902,-78.67303079314333,683,745.5
831817d7-3e77-4cf8-8fc3-fb88acf8128a,36.139742491484945,-110.99825545197042,599,577.6
602461c4-fbbf-433f-b187-19694d9d9e5c,24.688417996736636,-107.96868814214784,825,825.7
8f801a43-ff55-419d-aa60-c859fa769619,36.63637794776125,-69.65871593788968,403,457.2
45d035d5-cb09-44eb-b073-379b25edc4da,48.10043517794256,-76.2853846872108,481,400.9
64a4b962-960f-43aa-9ca1-dcf375eb9e08,33.60516782464501,-83.82997504931109,49,49.6
3532a70f-8e8a-4177-bfc8-625975762179,24.97490031437279,-120.14823993087457,356,315.4
49fff2ae-b093-476f-983c-816622599566,24.77389477298359,-100.32241922674802,247,231.2
cab191df-bfc8-42d3-ac06-6e83a83b8087,33.69966899867174,-92.0011895474672,658,696.0
20286048-3e08-4fd0-b31e-c2888bae2ed3,28.000623411579852,-113.94273400895716,169,137.0
0d389f66-2308-424e-aa8f-cabbfd90f495,24.583802408204647,-98.55463165561476,18,18.7
fbca4b62-d13f-47c7-a1a5-ce066d6cc4c9,42.90534034875442,-89.53947322816728,182,166.2
430b21f9-e9af-4a35-a0cb-f33f14306e20,35.463075222047266,-105.68477587319144,232,247.7
d531b3b0-f6a2-41e0-9ab3-47de000bfebe,31.23111929931636,-78.92425568192127,50,42.8
370908ff-f5b3-41ab-87c4-e9faba7d4872,46.50207957541202,-75.41347468331048,100,109.4
dae62d77-1e21-4bfa-a9ff-096222be4a21,26.90347400501314,-105.90704130338983,183,193.7
78b2a8ed-d93c-434f-bf63-5fd0d9f664ac,47.89797072388298,-75.51922788494502,94,111.7
b49c1876-c9bd-419e-9dc2-2f15d107de29,31.849167934433822,-118.88898259992212,94,109.5
0596f2e4-0162-467e-b57d-c239d5770a27,46.210091807717035,-75.57398318126329,29,26.5
8cfbff64-4208-4891-8319-bd32b651fff5,39.07357191198654,-115.98772453161062,565,458.2
c2b45452-e8d8-4dd9-a1b5-a4857a69a60c,44.66768399353718,-120.10729800192617,278,295.3
cf1e5460-0531-4d10-8bbd-2752dde420cc,48.6003290802616,-87.13525113798033,0,0.0
093880a9-830d-4fc4-b2df-2a55ea030d9b,31.210135945468643,-97.15569542043764,290,235.2
14f8a20a-cea9-4630-b21f-570166467b02,48.028387135189824,-71.43445457564286,269,228.4
17b45141-d7fb-4c7c-927a-694d2e93439a,33.73704737256051,-103.5718374306399,2,2.1
d62266aa-e8f1-4b64-a40a-6de1dfc8e249,33.63779761842306,-108.0580164571799,92,107.2
8f7d373a-7dd5-4eb9-9445-f2318959f474,32.509677606362644,-95.45664053749229,187,217.4
69eef11f-b81d-4ca6-9fb5-9f9b9e3b08aa,37.53519018368963,-98.09917503964898,121,104.1
c19f4337-1c84-49eb-a9fb-0f4801033c5d,27.853626079462178,-104.6787452731859,1737,1656.8
cb4cf6f0-32d0-4e0a-b852-0d0b47708216,37.84278713395028,-84.06926337679862,111,90.7
933c6548-20a7-436d-89d1-d1efb467d890,37.5426203102501,-80.18585179907942,33,32.6
9110f0aa-f713-409c-99c4-3593df9a5002,43.04754531512175,-74.67394582722194,749,824.8
dd00a285-8e6e-4413-8377-701cac2986bd,44.841249048439636,-67.60146032208976,55,61.4
cba6fd6d-8a44-479e-970f-b68c8694607c,35.0110337578106,-109.26728466418224,668,667.7
bcdc1049-160e-4cd9-bc37-4e5f5c2fe882,31.558331233787342,-82.75048453309228,31,26.0
9c5bbb30-05e7-43ab-b0e8-123e566dc274,30.48337243292736,-101.73876410575103,80,76.2
c1e983f5-def7-4fbe-ae84-93204916b8e2,28.865595917621796,-85.05216365488462,117,137.2
47279eca-7998-4f6c-bcf2-4676f11d89b5,25.441189554975622,-96.917080269396,43,38.3
8b3d3d24-06f7-43a4-be82-168cde4e848c,32.561199470867834,-66.36738693669204,120,111.3
d6f0e76b-aa51-4536-bd3f-5bc75100e0b1,30.756192303269582,-81.99477398834576,34,37.4
6b501314-5657-4a6e-9a20-e296997bcf51,48.160434646660185,-68.80301327437485,164,179.3
e7ff126a-72b9-476e-b5b5-1e17a8ee827d,37.9427206562511,-75.73679658061005,218,253.9
f1a1b412-bd70-4af3-8eed-f3b35ddc2bae,32.68192597576269,-71.7288403413611,13,12.4
04ceaa2f-b284-4e9a-9c4b-66ef39d830e2,38.5116900248424,-76.94926736433418,410,412.4
d4557347-7daa-46a5-b59d-9e85d91a0a98,27.479917533642386,-97.90961130782122,41,40.5
fdd99788-a3e9-492b-b602-dd577aa3ab9b,35.10109373005507,-110.14448125253382,51,59.7
6ff5a633-f7f3-43b0-af03-1f1c79a00517,39.65585803552659,-103.1511096484192,217,240.4
673ba1ae-c80a-4b9d-ac09-9f59f14ec3a4,36.222445794811286,-123.80606227424292,127,143.8
4e50f7af-4f33-41af-8552-0560d306bb0d,34.044470016358105,-94.08440311958464,138,117.7
f35864aa-27ba-41a2-bc68-6900b2a6cc45,48.84620972249245,-95.2015897840459,27,30.2
f23fe69d-d602-4b19-bc8f-bebe0ab7c7a0,46.00786905372318,-94.0102225750012,328,319.2
f0bdea0e-73dc-45ca-b359-4b6f1149308c,39.58514895398601,-67.53215772664824,192,155.4
0de8b6d0-04ed-4a4c-8bc9-396d023fcdea,38.23443402955707,-71.22421379616449,29,23.9
6ddbe62c-c3e8-4fa6-846e-b9a2c6d77b6a,39.5165119956146,-115.45894607852362,94,100.7
64ca80b3-1e6b-4922-99b8-7263af0f0a2d,29.032802695560832,-103.23593122820253,333,316.0
fb1db537-ce1a-4fc7-8d61-b4dc26673ca9,33.87844358160797,-99.98658541166755,168,192.7
ae9602c3-2dcb-4017-9f2e-9f6c800676e7,24.986488322272482,-103.72855784675278,23,25.2
058c6c81-0326-47f9-8c7e-b2bc8938a325,35.88865093717067,-77.88873814736914,93,75.2
3ef807b7-fcd1-4e77-a0a3-943fc3893da2,37.57561459894158,-94.08177747781237,56,60.2
98ca7c87-5dee-4067-a4e4-16b6cafe03c7,29.69374340258024,-91.24611079867412,146,128.0
31e46bde-70ae-41f3-b30a-695e5750da7f,48.10072117913784,-74.67220001971239,371,359.5
7e8e8eb4-734d-47cf-8127-81a12d47f2d9,46.73636527343105,-77.45023894849385,115,120.7
296a5040-d104-4c7d-98a9-06e6c542cb03,42.05358088639765,-117.19952015360232,114,131.0
f7ab4c0e-ff4f-4d89-9a49-aaf96b23b53f,37.334665719134065,-82.87903953906559,472,463.7
5adf473a-bcfe-4d9c-819f-e2e011f75326,45.749228991192126,-99.3092683947799,172,193.2
c400bf0a-4ccc-4da2-b7cc-b07a4823fab7,27.266308595586572,-107.61571471931248,167,185.9
2fa3b496-eb73-49ed-a5fc-c6b6d4a178ee,43.762744856872125,-122.04888956677101,61,58.9
3a5a9e02-1ba6-4806-8f33-9d63673f62b8,27.12052034917121,-96.25227593961839,187,187.1
d9c3a271-5a33-4f72-a19d-3f8e92a158b3,43.855266563735135,-104.02923583725266,172,185.8
fe92a8db-fc23-42c4-92c9-6fd73b0656ea,30.894189206283926,-110.16073065909235,101,82.1
cd9658cf-4848-498c-8097-0ea42be90c62,45.927264525454724,-84.0143679537795,935,1081.2
796e68e5-71fc-43bf-82e7-2d1f88e8a7a4,47.60105234563495,-79.60036214838036,427,473.1
2abdfadc-764a-4112-833e-14f691ace76c,27.71989923512789,-110.55741837726393,277,249.2
56ecf435-7aa7-47ad-b6ce-58f91a205e86,35.56689012663484,-122.08260123591852,154,183.6
78a46f69-2f7b-40f3-8ae1-a2ac1e6b9c6b,48.52468445406713,-74.92359066665114,124,108.1
d799aeeb-140a-4a4d-9d12-3af9421e3bde,36.085185899328664,-124.4123752689461,41,47.8
21542f36-bd04-4ea8-9057-ef8e836cba46,45.588688062863625,-69.71036285863315,73,67.9
749b30f1-08b8-4362-a7cc-37c440669917,38.718288053283,-87.97042743502035,297,328.3
88847fa3-430e-40f5-968b-6be7bbab49d3,33.38324769799004,-106.0110485231221,121,118.9
ddfe0ca5-a0e3-49b2-a7d0-18cd1d52bfcc,31.144588888146757,-110.45780333497257,428,468.5
40cb824b-0dc7-4024-9153-7fce2b51705a,29.08057727715218,-124.46866580839595,32,27.6
e129ab76-ba29-4104-a0d2-391e80a15786,43.04495478444243,-111.10718639635824,142,128.9
5c284d15-4b62-457f-a470-ac83e64711b4,33.6635126705757,-116.87403021048867,208,174.7
f339acc8-11e7-4ee6-ac3b-ba94580766a1,36.78188655501878,-88.8821929773344,145,166.2
c1214481-708d-4edc-b247-c7bb5097b61a,36.30813700002955,-115.17381027296572,440,404.1
960e3b08-8f01-4bbd-851f-b221e613be52,38.431975730828285,-93.81083958533947,912,982.9
14c89f54-f8de-4a73-b4af-e6fd90e688d2,45.6394286406138,-90.18313108167622,25,28.2
210299c2-9b9a-403d-ac58-acb2edcee39d,48.518483589585735,-107.41553979753205,28,32.5
ca5a05eb-4fc1-4e09-9665-a644b2c7102d,34.18960521434542,-122.9311680078956,28,23.6
895e7102-9d64-4a69-9e8f-774172a9ca20,44.687973052657576,-122.80202104376244,229,265.0
b0131558-64d8-4248-befb-40f7e97ea388,43.11319486636794,-123.44550740055887,93,81.7
a54320d2-5932-443e-9b5e-7bda3f2ebabe,38.338223786389335,-81.39164463894377,264,289.0
6ec160c0-a9dc-4dec-920c-27e074eec1b1,47.90117859029833,-106.2374274159564,104,113.5
305aa62f-969d-4a3e-bd63-37593b9577a6,29.011862888210068,-78.01828902790785,198,159.1
df7c8971-65c3-440b-876e-cd8b20931e9f,26.731605257740537,-99.5277633932719,294,261.1
2ff428ee-1cc1-42f9-8f9d-e89e3cff0663,45.349049173885554,-98.27311205103213,159,158.5
6c514942-e1b5-418f-9d56-4cc3394998a7,34.978745415843704,-94.73992645193515,155,150.0
cda2d2f4-37e2-4b6a-9ae1-413a7834ebf5,45.17422135517651,-82.93114407386886,18,21.0
ac7c04a1-1d7e-44df-ba08-2a85a5d0f51b,46.32725512988537,-108.86333091604729,106,100.1
f830d4f8-77fe-4080-b22b-c3f452d80270,25.561439840476787,-117.82634637752192,158,185.6
58ace1f7-1a1e-4441-8133-744e9ef04599,46.086619074651516,-92.19261722370376,124,122.0
2a567808-cfa8-493f-9fd3-1666ccc4471d,35.20797638423555,-105.70832022867839,462,547.8
832989fd-a492-49e8-b8c3-49aaf554ead1,36.76081222510581,-98.89301249358579,474,519.0
90281670-7737-47de-af72-e9efa369d5fe,39.664812777330255,-86.83014420809897,345,390.4
5b63e6f4-886e-46a0-aad1-25a48e45933e,47.15956516825217,-95.84658127266503,94,79.1
490b7b76-5633-454d-869b-5fad99b55a64,24.4779023607441,-88.40354979105027,253,261.7
42bfc093-9046-462d-a950-449d7f1d459e,35.92108670794543,-92.89219987529596,101,86.6
b649315a-9843-410a-b17f-9261ea518a34,41.19305106076402,-81.35201405577016,53,48.7
e5ef268e-5eb0-411d-9119-6fa138e0b60d,42.06767394245571,-83.34973955501442,84,88.2
754ea7a1-977b-4824-b4e9-d8b5589aa659,41.3133107884277,-93.48279638329147,15,16.4
d84fc61b-75c1-4b5e-b4c9-b75fc15bd900,27.360878235203046,-84.9447217692773,81,66.1
18e6002c-0d01-4adc-ab86-fd2fad6d635b,31.48488970929203,-73.45998346591585,124,125.5
268cb7d8-01d5-4d71-8d48-4dc5641bc2d9,32.96788813542534,-99.49599402049805,622,638.3
2dcaed33-d64f-4125-85d8-28ce83640cb6,44.11093019198762,-100.64697870782118,75,62.4
7545d4c3-121e-439b-a217-b82214c20f45,30.968996810363826,-79.90950836970957,465,465.1
e94b4a56-2d49-43eb-997c-e74c233a7cac,29.26762409668008,-90.62932361452235,52,56.4
888047c4-a93f-4c6b-8a8e-da795ad89d3f,47.936200475952404,-120.81059996686727,42,34.5
63d41433-185a-46b2-b84b-952339b27963,24.221582127836722,-72.36539107422621,146,161.2
de1c4f45-abe9-435a-b22d-3ad1f4b6c20c,48.94552139204946,-123.18379696797923,223,229.8
d17baa18-d9a0-437f-85bd-0902b27b716a,40.92053247143489,-80.84461498362515,9,10.2
33e1dacb-4986-43da-aff5-da6cf6ea84c4,44.71173248622793,-80.23114558044554,50,44.4
8dca9b3b-00ae-4724-a744-19447f88ba92,31.365484908654828,-68.7664459683661,122,138.3
db845c48-1224-4038-9a86-303f1f1dee53,24.3578819416765,-121.80606990426307,80,67.0
26d78cee-5b51-4b9a-9de5-589170ef47c5,42.44673796403825,-89.78544521371504,249,239.4
d959b5aa-9305-434d-af07-9889d7dd9180,44.8536149250169,-99.75740633300387,143,125.8
6f3173fb-c435-47f1-85f5-be769bffb2b7,42.51190329883798,-105.49265566328702,35,40.3
f4e967be-dc79-429f-95d4-5bb3fa24cf0e,27.571257182520966,-119.67120494235469,450,486.9
fcd469ff-f842-4c61-8c68-05eee1dde01a,42.83569805642423,-91.80340693939276,69,55.9
0aa51aa9-a9ef-4e25-847d-71c27fdee7e4,43.22306955269103,-96.7365971851978,263,211.4
b85e6679-9519-44a2-8935-5ef48d22cf3c,40.46351289175137,-118.83128696908958,303,277.7
df4f5626-cdda-4c15-8a99-db6d74f77ccf,43.15289831988966,-88.86311908127209,660,565.8
7e671dde-7832-4f2a-9b70-3a1062416889,45.1480359919433,-81.46076590507663,138,145.2
51f0cbdc-d311-4d10-9491-136b660cec53,39.340102855936465,-79.73058023783474,191,203.5
5081e5c0-0588-4a3b-a4c5-9a62af83f97f,26.215117849241977,-71.58298189251678,82,96.5
207dbbd8-3f9f-4842-8296-d277ca359ca8,36.190695241680274,-100.84122622856215,227,268.0
d47434dc-b4a8-46e8-ac44-e6ec6633a08a,25.941233366790126,-68.76870665129391,124,131.9
5ea1526b-6e04-4302-8a3b-6eef8237003d,34.18857577581077,-73.93966510012152,115,92.3
ced53723-a04e-4920-9a86-1311dd50c580,34.17766222814069,-107.5064073095876,387,365.2
e8b06817-87a3-4be3-b0e4-93a9024a4f97,25.65024610350604,-115.60230079638195,10,10.1
9b162441-9fcd-4f81-9f35-8d1b4198a50d,32.72051334923698,-99.3120256284472,427,426.9
2a54e19d-8435-4db5-ae8e-5d51d69921ba,26.77495246978287,-101.28797623059796,382,397.8
b28554b6-b2bc-4f38-9c72-261814bfe4bf,44.20588025023055,-91.03256098545894,141,167.0
744b550b-e0b4-437a-ba6e-7e77a1a4789a,47.69220064911177,-90.58021229266288,135,155.8
29068803-7112-43b9-b2c2-785481f4408b,25.807911881448465,-80.75076792158146,90,75.9
6f40d331-5851-4642-b384-048b8af78774,47.877880182292536,-94.916493055869,1029,932.7
57843b3e-2cca-4645-99bd-4b92d4586fca,37.06441498341863,-118.81546418449483,24,27.2
0df2e9ae-168a-496b-ad1d-2e86854b7112,31.489141948846846,-74.36081120236673,178,201.1
134084c6-cbab-415a-a71b-eb3cd7a23104,25.921551881904087,-106.72388959207396,229,208.4
4357148e-14b6-4329-8499-313fea3fcf75,36.51560670176045,-67.69344984191108,1283,1401.3
f3174f6b-fda6-4541-8bea-f570873d5d25,43.86288861226872,-118.04625358789356,303,323.9
6b1444c5-e2f9-4948-98ad-685206772841,41.677161931667456,-68.46318083828231,206,203.8
7fcedb95-aabb-4995-88e4-80eade9d8db2,25.255650286599344,-119.6303033939315,25,22.0
15285f0f-6851-478c-ab8a-dce614dea6b2,25.822545884197588,-111.36886786112349,94,108.6
4f5c9636-8369-4bcc-84b0-9c69d7696f1b,34.071832065815926,-122.25178341689404,138,147.8
70e447bd-1916-4d1d-b139-5e393e58c6e4,31.382262351198584,-83.3983243482993,426,369.6
29460cae-095d-4653-a116-1488f73400df,29.809608076401197,-74.83237454226429,277,299.7
a6fdd5bc-b4f0-434b-b998-ff34b859aa33,31.02511247271784,-99.38980617285716,283,310.3
192d0e0b-499c-4350-9a10-7bd01393f48d,44.08706858242212,-70.21719757249664,211,243.7
0e53015d-af7d-4dc9-8a25-d06a54a9ebe3,47.230701340796344,-90.17235476641963,141,125.4
9c15a66d-3f6b-4e23-9f37-643bf914a71d,34.12756736318916,-87.82957900865513,32,38.3
640426b6-1ee5-412f-a8b5-48874b15722c,46.652775053312425,-75.12026709965457,80,68.9
7a0d890c-829f-447a-8157-050561408c1c,32.03739253119705,-107.4887879019415,29,30.2
35d2f871-3d77-4dc1-8d07-9a0601811c9c,35.910924658594794,-104.09832244167008,258,274.2
0a6d0c1a-7fd4-41c3-aa58-ee6652d81c6a,29.650724945399993,-71.54883676751598,35,33.9
dec576a7-a1b8-4295-994a-9707c8413da3,40.0119010543961,-71.84315373371294,242,239.6
c1a742a7-93e3-4c7e-b3da-52e6d7c4c372,48.47452787937022,-67.38751620414862,236,272.9
815d2875-0f63-47db-9d8b-40c5d304eeeb,39.087327401084465,-71.7915393299414,123,130.1
5fa60c7a-d7a5-4b6d-a570-7bbc81abe291,32.945352102838726,-117.4850498740317,29,29.0
80f01317-1c7e-439d-b486-4401a1676446,40.19543614976321,-76.40026711791775,76,64.7
aeba06e4-224a-4a0f-9e08-f1b76495fc16,27.07301696163469,-100.81952979153395,77,61.8
e75e92f3-61b8-49a4-88a9-9905e11ee12b,46.21647700663497,-66.54271999918967,241,204.8
90a8bbe5-e8e8-48b2-94a9-371f60481e19,36.577098769495905,-97.13542310460073,24,28.4
7fe219e8-76a3-4d08-bc6e-cd5f1d2eae0c,35.23374355099105,-92.32367113236899,353,390.3
a944c6bc-1a6c-46cf-8912-3def266f5c06,38.646619711337976,-93.74327999984888,286,339.4
b942c583-8644-425d-9b72-f53621328deb,39.619596569735066,-106.01751523836161,41,33.4
05c5e649-6e6f-4ceb-9d78-2191d2e6c26d,25.794395155662826,-120.57369675531783,254,272.3
47cf50e9-d8bb-4a8d-9c26-5eac003dab70,41.06543053058506,-72.1565774062868,221,180.7
b165b5b9-3fd2-47a6-b3e2-439832f714f3,30.04829200788824,-77.64212706094908,276,307.1
d237ae91-5a70-475e-8c91-365858b8c9e4,41.848815812664746,-116.76791994697952,42,40.0
4da7c68a-9807-4fe7-92c4-70bd40238400,44.56336985960492,-79.17067199034571,34,28.5
af3b39d6-dcc8-4d87-a974-cb433cd869b1,44.098962688813,-88.07504670301401,54,55.5
e66d68ca-0d09-431f-8254-f61ee6202314,37.812524185197226,-100.86051651286029,91,83.0
c093580b-a2c5-42f4-b1a1-6742f3b13673,37.00424730776878,-110.0127522033618,316,336.2
696b252d-c066-4105-993d-44162abd23fe,27.571899033485295,-74.27600177336828,268,285.0
7a282320-6861-40f0-919d-094273254495,43.38365376007839,-83.68889270165087,519,561.6
d8650b1a-7096-476c-95b1-13ae4b0e75c4,30.785234511167857,-92.68334534132092,12,14.4
ae5dbbfa-7797-4976-9ed3-3e5c81d3fdbe,36.417385570448666,-89.03545649999062,2,1.9
3b2643cd-f11a-46e1-980d-e2019ffded6f,31.106852323187915,-119.62709525715132,240,236.7
02ee808e-3dea-4905-84b9-843e94c701a3,27.345709074992328,-97.03873410623967,66,74.0
6dd71e9f-3b87-43fc-80e6-6cadf9b01410,39.73894242229341,-113.57168272564358,81,83.5
0c0802fb-fb5f-4626-99ee-6f8c5c3e3400,25.358300870572595,-112.7053629384793,158,128.8
838c0e53-9da5-482a-a1ec-ac9c224507e2,42.716130853155,-85.98306622507486,22,25.0
0068bc15-5adb-452d-a9dc-4f3c94717a4d,31.939669881527916,-71.235887041777,206,169.0
3d904e3a-088c-460d-9c3b-0bce0f43f04b,24.003367325112134,-101.17835998177756,79,68.6
ed179516-16cc-448f-9358-277158f658c2,36.77822848093074,-112.74279289228076,200,168.2
7f2c6acf-2a79-4b56-9ea9-1ff18d6073e2,25.17129771319008,-86.72393070303741,359,298.4
2b304da9-4736-4b9b-ab76-d0f46df826c9,30.904238945522486,-73.59996426533125,38,30.8
e2a04d1a-1cf5-401e-8fcd-8b58004e7948,41.6744121863929,-80.84919073377304,534,439.0
1241662f-0d69-45b6-9497-3a5727895154,25.567240540546646,-73.74332339834136,151,147.5
4a7cde85-d5d5-4f76-8392-d2cadbb07843,44.98346230890006,-93.34327441036284,513,462.3
271c4ede-21e3-472a-8eb8-d942b1a324d4,24.09549806646458,-80.63930158221774,47,40.0
b7020c1e-41e5-4b13-9945-034744dd7122,30.170596730047556,-116.73619099782275,186,197.8
31e5d507-d251-4243-9235-392978e3b286,42.52260140380179,-104.4517976935717,103,91.7
a86029bd-14a6-48d2-8eb3-75a38083a77d,31.90675374323267,-102.01659929559017,298,240.7
6244200f-fd33-4db4-84b0-20da6d429912,26.547309701650338,-94.83355097148396,186,179.9
70f88156-aef4-40da-ac24-714dec9240bf,33.0058479700107,-70.1844947448474,136,125.7
fe875ed1-648a-423b-8872-1137e1bf7936,30.75983215961314,-73.41650294689171,488,452.6
592bee50-12f3-4227-a81d-7abc839ebaeb,45.06779755401387,-117.06299595493812,95,92.9
b80af2a7-a515-40f8-b55f-83bc2dfb176c,31.83369793962858,-114.80541053893467,50,53.4
1962fb15-6a0d-47c3-a88d-cd727315ee6e,43.72331179440018,-103.89920757425423,187,195.7
a771029d-945c-4751-8dc4-0d1eba477634,46.29680362026836,-107.84611191245024,196,230.3
f25324d8-4156-4766-9f93-ff247f8b78b6,34.84543548941324,-88.72851376378053,116,116.8
fac11704-e837-47eb-9724-6f1408d1060e,46.7485785963598,-71.73621318189186,133,131.5
3362d2c2-f356-42d9-9cd8-944bd9e4ee1a,33.43295134907982,-68.22479904131738,642,568.4
f6791526-af87-4952-8c5c-9f4db6a1c242,48.10196041225271,-86.43742580042164,264,291.0
2b4db402-8b87-4d2c-8aed-7cb02ccf210f,26.232238113139324,-75.54860711733588,23,19.7
0ace15f7-5776-4fbd-8ab8-5a10fa330acb,41.17548166258106,-94.01307018638298,48,47.8
bc45da42-1ce9-4965-b5e9-3cf776440519,36.34535101142322,-112.70871013525766,742,718.6
d1ce2c5e-f118-4b29-b927-e2ecee64f39e,33.69122013639118,-94.04338368648483,259,275.4
05fb226d-bf6d-477d-bac9-796ff964c43a,39.81779696871502,-92.25012651517858,493,575.4
9ab303de-ba63-4d79-b781-fca4167b6ab8,41.59642729085828,-81.19500371140016,72,84.9
bcab2995-e019-4276-a0b7-5cf1594c2fdc,24.10908174125773,-112.0269036072664,271,235.0
5c07eac6-278a-4214-9404-5ebff91590c0,28.173827218679968,-103.26968745688282,250,226.2
e7c4f862-5836-40c0-bdb0-155d14c233cc,41.826151265857966,-103.52237931634059,70,78.7
11396455-1f78-4f43-ad95-7df064e8290c,40.659635339455164,-68.39306385127128,160,161.2
c0a29871-551b-4538-85e0-b76ef4b00c91,48.15118762821693,-98.80724734072359,197,193.3
f7ac526b-47c5-48d6-970a-c66a883197c9,43.025944756269574,-80.44945592940937,131,142.0
414094a0-3796-40f8-8efd-ff7ce538c794,47.769317693283455,-80.7021284989081,351,365.3
eb07ef6b-9449-444e-9b04-d3ec9868231e,41.563512538370176,-109.33289309660876,358,425.4
97a44ed5-0a81-44df-9c00-8c51885ea899,31.45130521598608,-91.2596883270678,380,392.8
8b6d6841-0d1c-414d-b158-bf6f0c94fd9e,26.634123056271413,-72.23612929419977,325,320.6
2bd85cc9-529b-4231-8b79-446f0d524349,43.54559658362339,-96.96333455203998,134,136.3
0a61b53b-a1f4-48c2-ab94-c7fd8a54f7f7,40.1037305368979,-69.23806706678978,96,107.8
aa625059-6319-4a29-9423-76541630c83f,25.204650309832406,-112.34696446987446,356,372.0
dd892c71-6aeb-4596-b639-3c2ea12bc05f,33.00126164752446,-120.6246127593322,135,142.9
b90c4c92-0760-4113-98e8-63aa68b5635f,47.91999538710715,-72.40422148445978,57,67.7
1ef88a6c-2d8b-4611-9606-bbe833725fa5,36.51002864275503,-74.98680932022921,142,148.7
7d2bef00-33ea-4040-9699-998706231ca6,34.818228400492615,-66.43719731990316,31,29.5
12db7d71-140a-4166-bb95-da9b569a0856,35.44249012898235,-84.91578420136686,235,253.0
23f5a4d8-09f1-4887-8f41-835aa567cf8c,29.222068100129093,-69.73541232663817,82,87.2
e356d4f8-e15d-4b06-aca7-4f2f91228528,33.21767927161988,-76.21000752003746,60,48.3
61cc7196-f4bc-4573-bcca-17f8f9821c1b,33.245331399679415,-75.17884634591488,627,618.8
e5158101-67a6-492c-8a21-74c4e02e4a91,25.30887550468681,-91.42064734319817,300,329.1
924207f5-a292-4a1e-89bc-b3ee516e8b36,43.189190712947955,-102.44048872291407,309,308.9
62b02190-d2d2-4f9a-89eb-530810854b82,34.412610797596976,-69.86107371994638,195,216.8
87dd3f6b-641f-46a2-964d-9ccfef74d378,44.554497170410585,-99.50508663866222,365,357.8
75236b63-86de-4eb6-a892-1f0395ea3d09,45.258700027997385,-93.20965733226953,285,340.1
29372344-a9bd-4f15-aba9-deb7bced81ce,29.299851367466452,-98.67925587961392,183,167.8
7108f4f6-aea6-42f1-afba-7147265023da,40.43383705425322,-91.67571947634838,649,543.1
98198718-6a40-4aaf-876a-bc3daf8bdee7,35.80704510407455,-97.2402003394527,43,41.8
38dfed1b-c4a0-4844-a6f5-6732256ddaae,46.003918448037126,-122.16991404381092,574,583.6
f66e99f2-8ed5-49d5-9b9d-e1dc0aef2328,29.393516979411352,-72.95915702554578,103,96.8
c924ea5d-08d5-4b94-89e2-74e4c0f2fa9e,40.94533000775111,-98.78076468396958,150,134.5
f0e674c1-842f-4bc7-be76-6e9e1220ff2d,39.19380305631806,-90.25232473806642,26,27.8
067aa6ff-66ea-4d23-aa8e-f4ed318684ba,31.382536939295818,-116.78791963727876,155,147.4
3229f87b-3497-4cfd-9eed-373455ce9434,27.415022591279314,-124.80011696902429,189,198.9
7a6321e0-a280-4e18-a179-1314af5b632c,40.290994011931915,-110.52788447502506,1215,1350.6
2274b014-514a-4986-ad80-6d235c6ee12f,42.46493645330827,-83.42942410413234,739,816.2
9f6da67d-e170-41b8-b0f8-fd07b03816cb,31.89068359408375,-119.14752272334016,679,645.1
ab43aacc-1680-4ba8-aa5d-a2edcd6ebc1c,40.12081510055785,-71.3756410171984,86,88.3
dcdf2a71-187e-4479-9a5e-103401f4cba8,33.87827269028758,-112.3136684079851,948,928.9
a0ade225-2f46-400c-b583-06b54690faae,41.830172082065445,-112.92897675678523,122,140.1
e6301a1b-adf6-404b-a44a-d6d5073754f0,28.980381872351327,-114.29103026433177,1944,2238.5
4c4e67b9-7470-408f-aee1-fd1f7a90253a,46.25537506590436,-124.17507893468948,49,45.9
c77238bc-8094-461c-bc9e-7d2a0ea3e17d,31.185239911639492,-79.46347735978415,141,118.0
9d3de45e-8443-4499-89d1-366d3f7a0c72,33.19464969390383,-73.37296265652975,676,586.1
27b2ea8a-d5b6-4518-a4ba-0a4be6cd2941,25.452298802008745,-88.76440054564426,588,556.7
9f55be36-396d-4ea4-8cd1-034d78e61879,26.78780530803191,-113.89620108088812,230,235.9
de23fc0e-c859-4074-b442-c0ebc50d6199,36.8965475678082,-108.16859818048809,320,340.1
01abca43-a159-4acc-b436-45aa95cc8b3c,30.689816918199288,-96.92032485546716,39,36.4
555485b9-97e1-4a87-9d4f-f2cf363d5d0c,44.88700564355486,-68.69358885422525,256,273.2
7aa3a533-0d0d-4a24-8178-b31ae3a6448d,24.367334716373847,-110.40626906275318,192,225.6
df89730f-afd5-4419-bdbb-6be59d347ed0,33.477351216798404,-81.8328916687266,19,20.2
53bb9b52-33f5-48b9-b1c0-825b4058c58b,32.43363866922732,-99.0725548257177,24,20.7
7ce30f19-089a-46e8-8571-666e6e826e82,24.483190772940027,-107.42700644675871,23,23.7
467949a5-a8f7-4e28-9233-ca024a9a49fe,27.109209975012757,-98.1009597156953,258,262.3
9adaee25-f9ae-461a-8d86-5be547a2893f,34.34106687296588,-120.79880366506728,31,35.6
8f974e22-0bc7-4bb4-b75b-447031a9988c,36.32161461118616,-77.87744511510861,126,118.5
6a30da7d-a5e7-414d-8ad5-ca171c896e57,34.10724368137173,-110.64518624900494,88,85.3
97c4f04a-8277-498b-be3b-1d74cccc49d8,37.27344196030235,-82.20068473161474,160,166.3
cee1c1f3-bd16-448d-84a5-8fa989ae3a76,38.87829187264204,-120.96744608455651,245,247.4
55091e14-457a-4cfb-8c84-ab3445c9e2ff,24.24809552819589,-68.64918518622451,231,251.2
2fe34496-d38e-4d06-9b45-7b15d8f0a6b9,35.6023789863376,-113.61211586106378,145,118.3
abdb96d5-35ac-42b0-bcad-28d438a3be35,48.087481022189706,-72.91821750378224,125,128.2
fe784507-d997-4ea6-9778-2bad59019717,36.975807003238714,-77.24108063268937,101,85.7
b7569c3c-1998-4530-89be-928c09773799,40.93855668647383,-67.89626447919646,396,366.7
eccbd9da-2341-40a5-b9c4-f335d71cf462,31.79659644792208,-96.80445100420077,80,85.2
53b1a7c0-c0a5-4bc2-9d7e-703bf0ae3576,43.34978445381906,-82.08355966308886,60,51.8
ddf683a9-be30-445f-815f-7b12a54c8f26,43.323037046902876,-103.12807123477074,272,251.2
40be83c0-5826-4047-9f9e-80409ccdb93c,37.03240119135347,-114.12227395683806,89,96.2
df025260-c1d4-4326-94b7-6cb9b8112b2d,48.40034558198034,-98.85851995692651,375,397.6
8df4f300-20ab-4f9d-8392-fcfacc6e2fd3,27.138755369066335,-115.22080809208116,79,66.1
d80edd6c-1ce4-474c-bada-cd9735502fef,24.423691622239524,-67.05936725560335,242,249.5
b499998f-9afc-4f2d-8c26-4d2591410680,43.253955293927405,-119.32145702269773,9,7.7
a0381d1e-e081-4908-8b3a-6c65bdc696d3,44.178888434122065,-90.2365083162954,97,87.4
caac9a1a-a5b7-4a3d-9609-2434c9d11f8c,27.005180728014405,-88.0386325400107,84,82.6
e472880e-dd65-4ed0-b2fe-83c575a63c0d,30.63957082396515,-93.2533069704308,339,286.0
25271071-e94e-4793-a45d-1a6ee3394fc4,24.438809084165722,-85.93103274300182,683,817.9
89c19a0a-7a0c-4ac8-9168-60a0ad08af75,31.332715269514118,-118.14533427429843,124,107.4
f7506173-7677-461d-a195-d652be250fde,43.32854684796679,-92.25390707188782,348,387.2
db7b8a24-1fb6-4715-a75c-59a91d017a20,36.949013192814476,-108.05445830348567,241,272.8
12cd019a-f458-40fb-a5ac-c8662aa6b26b,32.702389829207206,-69.52961226523766,685,820.5
b54457e5-8680-4fe4-955a-560017b7fff8,33.29348237265826,-80.03777244705618,333,323.5
037c4871-d8c7-4b34-909a-4a43443ec993,24.033840642886705,-67.62164555257519,16,18.4
5a1abdfe-8f25-4046-b8de-4e09bcb48198,31.495013189130898,-122.78419188532882,250,295.8
6b1b2dfc-9268-4fc6-941e-54fd23dfb104,40.16146854094826,-108.17714266433819,153,133.0
a3b038ca-43e7-4ec2-8461-0878840eb786,48.35486109540893,-113.47006738833741,3,3.0
b4ad26e0-5e58-442f-9cbe-94878eb32e7c,45.176520674597484,-124.341879348602,58,47.8
36c5605a-4e52-40c5-bf26-405de12af4cf,24.58987411613823,-110.70278191546703,510,534.6
0cb4c237-1efc-449f-9084-6874a7075779,46.46401511687098,-84.95221697229469,521,538.0
bd5c6126-b8dc-4c4f-bde8-7f370a5366e2,43.579960332465646,-111.36575359406045,321,283.0
282acc84-2788-4d34-8e57-89134f2750e5,43.509403089274514,-94.96879671652553,801,896.4
8d9aad51-014e-4274-b6c1-275788c532ab,35.44989397508929,-72.61873121706509,329,268.1
b645012c-8778-40dc-9235-fcced57a03a3,33.95013232386257,-84.06828269940456,2,2.2
26d414e5-f011-445a-8aff-7207e2674cb4,31.572893220829815,-101.71688487554411,68,55.1
b175a2a2-fbd7-45e9-ada6-66e5a7d49f08,25.642371473859143,-103.02433260418562,6,6.4
e2849226-0c3a-4a2b-b959-878cba1a4951,29.705884087342476,-98.1115869734994,20,16.6
8c032722-0829-4434-b286-b0003ba4a8b5,30.165090874450616,-114.55455497746553,49,44.1
85f6c3e1-a9f2-4a5d-a70a-c51b2100b0a2,36.10192674275504,-87.5939547224567,140,152.4
a59678bf-5bb5-4057-a79f-8e9b9bec6638,42.68611016491735,-103.51498367282828,376,343.0
a09b1e2b-f27f-4b8c-8a0c-5eba49dc7be2,35.845245709948664,-74.71044439353943,396,397.8
97a0608f-a52a-4554-a3ef-e633df5ed30f,25.446111236179014,-80.36339305658885,192,223.9
41a3f1fc-a5b2-43cd-8a56-450c869709b0,47.9447450247051,-88.97972331856255,527,432.1
6fb5eec4-aced-44db-bef0-61cfcf4a2150,47.56810797735281,-103.51206886367855,139,156.3
4b1ee9e8-c99b-43c8-8ddc-02b0e885dddf,43.62973857871021,-112.61402193126442,440,363.5
b8b9d731-4b66-439b-9506-f4605e678dbd,48.783197539105515,-79.20704001776825,121,102.9
a1eccc03-0a77-4ace-b586-eda923656756,37.612058320006575,-96.3018631595259,65,55.1
bd97ef26-cd3f-45f9-9409-a1e7a50fe803,48.069208756330156,-111.73974774753592,496,594.0
2b55e601-e93a-4e4c-b7db-6d2b53db7115,25.89012601541877,-113.48469771263963,98,85.5
9de3e38d-39fd-4cf5-8a36-6fa3f5b21d1e,33.14201870653429,-115.24134663441981,140,162.2
8d3665fa-9e18-4eb0-83ab-6874dfb9f443,29.634531700169145,-79.1474894238699,80,95.7
1aeb04e6-239f-4cac-9810-193ed3359b31,28.89582710335675,-111.4897560672816,217,206.9
ff9094c9-e031-4c2c-8ad5-189d0e3f6cbd,27.5200737223169,-93.92810645201335,1061,1116.6
0f84ecc0-8b73-4c30-846b-9510a80b6dc7,39.56034103914992,-98.35876470258967,16,17.8
f215d779-aec2-44dc-ae9f-507ece3c6e88,43.533046393682625,-90.80295694553125,460,440.2
65d6984c-7700-4c2c-b3ae-08e5eb980492,38.45745998550902,-73.24786087809954,1,0.9
21293556-c3b4-484f-9b72-62ae942af721,27.674067739705244,-73.80290398517789,91,88.6
989c7295-fd61-4ede-81c5-2cfb3c69efe8,44.27809424833677,-98.38651176233328,37,41.0
c2252245-84e4-47b5-a494-bd613bfe8470,39.898867679093215,-124.09339120665132,283,314.8
97d3dcbf-a1b1-4fe6-85c7-ca73d08e1c10,33.704142653174884,-99.83981546285611,10,8.9
c59c7e29-8676-45f6-9e85-3f301ace05b3,40.85325738840157,-89.23458129197572,161,140.1
e2020943-53ec-437b-a957-54a8e86cb21d,30.497624481070822,-92.09187921321436,70,81.8
e3553c1b-70e1-4c07-b798-9d7259dfe686,32.629805212355265,-86.57116975778789,29,23.7
5e91ec7c-bcc9-41d9-8e57-a3d86e272861,46.937146078299754,-115.90953178408807,296,323.8
8c4e46bb-1cd7-4e5f-ac6c-d738096ccecd,31.26261264178551,-86.85442917193677,49,40.1
a25570ee-fd41-462f-9112-7fbf18876dea,35.74970670394842,-114.22355449411744,51,57.9
1d2c4c25-5e0e-4df7-a548-a867cda325d1,46.25352843490037,-80.71908513889181,64,74.4
f4a597b9-5eff-4fa3-a6fa-4262785dccbf,41.69303375668819,-104.99383081750187,177,162.7
e816cd94-7f8c-4b8f-aed7-fb1e33dad26f,25.555080654117567,-83.11616943049424,216,179.2
1a9f8a38-22e0-484c-86e5-e936c0bb4f9d,27.68257610697426,-122.17592966453968,4,4.0
a782e1c7-a914-4cb7-a337-ed26051c859c,24.196039769297922,-100.93625849013611,55,50.6
1b86eb05-d4ab-4419-9e38-ca8d85040432,39.77304475572909,-83.40296318646337,113,109.3
84be01b7-2896-4e18-9bed-44709ff139d8,35.19183563526046,-111.61463953644184,81,86.3
c3eb806c-d605-4d1c-b396-304b4db490c3,27.356871272556887,-78.07806435696386,431,381.0
f8b5bffd-bb53-488c-b0ae-260dab949a0c,47.94835302641926,-87.78399574680901,310,292.3
cd9296fb-6958-47b4-b85a-b2dfc9718f5d,37.2414930986405,-90.3338554431619,197,219.3
5433322f-0d6e-432b-8cc0-36d2d8f6a8eb,30.04733235282223,-104.14061760194411,83,87.8
fec3d111-d41f-4842-a692-3568c0271bb7,36.51508927886769,-96.53536324751406,241,224.3
52b69c65-afc6-45cc-acc5-577f3e6add19,40.99050831837769,-89.75639124230668,371,395.4
3c477835-4498-4c14-ba82-b95aefef5951,25.90598044933911,-97.12473527902146,181,200.2
aa9eb77d-8e1b-4553-ba09-8b81819df670,30.8675953761973,-83.79951388750695,307,318.4
c6238973-4b4d-40c1-896d-24944b5b9b3b,44.17413727209984,-99.4118809466894,277,248.1
c7ca09be-e030-41aa-b43b-3ab18c8515c1,35.49162176006653,-113.06588227722021,170,136.0
6348a562-ab79-4adc-b6d5-c98e606aac3d,37.66442855080737,-112.37790681473821,75,84.1
35cde854-814e-43d0-85a9-a5f511b17afd,34.82040005523673,-124.65757763826647,274,309.4
2dcdf638-720f-4dec-91df-1ca1119c0dd3,25.097498566075128,-107.24349478203833,46,49.6
847505c5-018f-4134-9ad7-7f878223c20d,28.1437444955039,-80.81385921176735,302,250.9
55712cc8-ef98-48e1-81c3-69d0df1ab30a,35.138540968547275,-78.14440017858104,326,337.1
ca536e0a-4e7c-4c15-b1e5-d394faf86a22,29.229636635198197,-113.05441501635075,345,389.3
71f20a93-af08-42ab-8d9d-67e0ecad7f22,25.24947571649197,-68.41640418458695,128,122.4
d435956f-0cf2-468d-95d6-c8824d663981,45.09124160129559,-95.35823518467252,43,37.8
33609f7b-9356-43ce-801e-6adc5487e7d1,48.5298132291029,-70.89825380790835,21,21.7
7212d72e-7ae1-45bc-af95-83df06e7b7dc,43.82857184991849,-83.30084837016376,272,307.5
57ed376d-d7d6-4d1f-a7c9-1dde5fb3802f,45.344623042616675,-82.37642804167763,435,356.5
a8b6109c-cfb8-4e27-8c2b-826002e97093,30.049428257926134,-119.9824263429418,210,218.1
911083cf-3aeb-464d-a75f-e70a2ee1321d,48.01567438782999,-112.02052351308109,31,32.8
7d6d1caf-8940-4998-bd1c-818a8378af2f,28.92314261133571,-124.47992483562612,546,568.4
1bbfc12b-81a6-4805-8474-7925b0d26f66,47.78574525904581,-82.74846921187249,904,958.3
04f83de7-594d-4825-afe7-73515e658076,48.87048234914877,-104.6781409827179,114,120.0
d23c1e0e-e0b9-4003-bb50-afc89abcaefa,41.79307014365122,-78.58750155149554,181,154.2
5c2fb62e-0093-4347-a51f-d0af8fca802b,48.52859329479555,-105.00276302371545,300,268.2
3a835430-80d8-4de6-a0b2-ab0519fc9dae,38.23849448917759,-76.6593086143672,267,279.7
40fd5fcd-b1b9-4c70-9ead-beb03c4a3dba,30.48854457940226,-117.28880302884953,687,554.5
c6656886-b7a3-4a17-852d-11d346a20d5a,34.92489714164052,-114.77098375130701,24,25.3
77ba60f0-afec-4bc7-92d0-e479f5141dbd,38.83902338446965,-104.88828416454774,174,185.5
5dc8b1d0-4f7d-4a56-acbe-81635c539a48,25.827039050675374,-100.89924405594587,235,210.5
67c1144a-92a1-42a3-afa7-6e32ddff9e1f,39.55858161543115,-104.42653416026428,442,459.3
b5587d68-6f66-4144-9ccd-596e17726534,48.529445919057366,-79.94482508113003,414,419.6
af46bb3c-8828-4ea1-b238-b508e3a4fd9e,28.75269124459319,-119.27986783502384,763,690.0
9a325d7c-46d7-4b9c-ad91-451e5eab1ac8,43.81487790720958,-104.27819584132921,144,141.9
007a5f3f-31d6-4635-9ec5-d4a6e7b7d430,46.697469844490485,-75.6028400285879,355,413.2
29124388-d6a0-4db3-b5c7-14ffef4b29bd,47.59253982050552,-121.05897244153185,111,107.7
250d3d16-e257-479e-9706-6d775c382d8c,48.00339011013618,-69.40173304738991,110,115.7
5a1c75a2-8021-4e07-8562-2bdab2978bbf,37.0364909680368,-66.80730630595124,58,47.2
4b3e638b-565f-48c0-b981-5ab96d7f8669,48.432697699787596,-119.77447774432028,341,283.4
6fe19b84-16f3-42b8-a35f-dbe90c0509c7,42.93275517836097,-107.81492118691152,851,708.5
66a5ebda-e9f3-45e9-8068-4771483b0f12,28.041785905924048,-103.02836070391399,59,65.6
26b33dc9-59a2-4a0a-b119-25a53a7b8887,35.92250266169925,-79.19290924948916,12,11.3
9e4dd9b2-7f08-4b3c-9ce8-14ef621f3940,41.9582793843001,-89.8403180851127,338,301.2
0ed0ba9c-ad6a-40cf-8b2e-b53fe74357e9,30.183507895477085,-86.98242367093852,194,213.2
2822e167-eb4b-4bd8-80b1-f2b4d315462b,40.01537958872218,-80.30692045370814,642,557.2
718b8422-b1d7-46e0-a629-3ec266bd3965,40.66501197616548,-118.03923903321548,58,52.1
68e0a843-ebaf-4a9c-bcf4-54ba552efd48,28.067493595214145,-75.84064204229452,15,14.6
2ca3eb69-f821-4894-9b86-fa4a23facd53,38.12713281131891,-83.3684315533715,136,126.8
35fa1097-f948-40bb-98fc-3cd56f39cc35,43.29067277446519,-90.93683821341415,18,18.6
c4bc9a42-b66f-4835-a7f8-0fe66bc196bc,36.47239161339855,-72.50561524779965,61,57.0
2aab25e6-9e1b-43a4-b1e5-b27db841e13a,24.302577919402687,-83.68192512085538,27,25.8
203ea2f8-3001-49ad-b712-606859df3c3d,24.225961726982305,-113.0997022047695,51,58.4
4306b43a-742d-4834-be99-a0d4905f50bd,32.92573359925031,-99.64502251653566,22,25.4
cf8746d2-6bb0-4660-9a7d-86f2c5628c61,47.154851710794546,-95.85147085079174,615,695.6
adbabd89-1f5b-4f35-acc2-87c55f3a84d5,29.71691949009022,-121.74216002172606,65,74.5
1091f9c2-9fce-4ffa-8124-ccfad09c5b88,39.85909222179218,-68.67638671175672,117,120.3
efb604f6-da76-4774-8638-4c0f86a9242c,29.551896767333012,-117.41394161298417,458,484.8
2a1574a4-aeee-4762-9204-a4e0bb1bf9d6,32.041749741488715,-83.84978523362312,226,231.2
dc3639a1-6d9c-4700-8191-c208562d63e7,45.2010522400371,-95.13236887063808,192,213.9
900f1a9e-963c-4fd6-9e30-ef4ea94bd4eb,42.221536056748675,-123.48769725681906,245,250.0
ffe0d73f-edba-4342-8aff-b5eec532b1b5,26.384981932830264,-70.43989892400266,353,298.1
0a80e0a4-138b-430b-9786-09f23d623ab0,34.71755052466084,-74.74162827968294,420,472.0
bd7713f0-b29a-415f-ab14-06271351cd73,24.729244091131612,-94.0687822536737,206,227.5
0a950567-79fc-46fa-a613-4ad32fdd6695,36.022253665075226,-111.49240216777272,441,497.5
1f674e45-a122-4b9d-83cc-f43105b85c91,40.5608502925267,-117.82424944987444,153,134.1
bdf518cd-1b30-4bd3-88b4-1b01cf01771d,26.96256558995379,-103.55984371350453,65,59.1
21954eeb-9d2d-46cf-8c3c-009e4252ae31,31.22212347272914,-109.92973141828065,424,389.4
cffd0884-5e37-4482-a093-fc1ec5b2ad7e,33.945915637553924,-95.10521914062838,156,156.5
9f547f42-1080-44ab-8a84-20193bb0f1ad,46.98827561640124,-67.9818515287177,473,403.7
14dd0bde-e6d2-4cc0-928d-f9f303b691bd,48.831375385574106,-91.07774389945115,8,7.6
77db1008-384d-4282-9167-6264d9646d98,25.122782474890396,-72.49406770248422,101,88.2
b1301eed-049f-4636-86c8-ebe6a573a7f7,43.0251980873848,-86.59814858774914,591,535.4
6905ac42-23ab-4508-9ad7-bdf4722766ce,33.29310166005858,-96.96045493135517,57,61.7
27bce19c-d02e-4cde-ad20-db2cc165e818,33.811454655737,-74.5781537987311,568,648.6
5aa108fe-f10c-4dd4-af2e-899fc235ea4c,42.85662433367557,-97.18928149979314,615,497.6
4aa26a16-4eaf-441e-acef-c3a6b8dcf1aa,46.96066080363522,-73.7509379398887,428,439.3
adf6f3ed-6e72-4904-8754-1aeebc8fbb71,47.773214862563705,-107.79697059502985,166,135.2
e688b6b9-b9ce-48a8-80da-e72de536abc4,38.42806465095802,-117.4000286479837,208,173.5
6d7ebbc9-99ac-47da-9382-5346ab92c985,32.92802898251257,-74.53644660258664,407,440.4
e85e5c80-c931-499a-a5cc-5a81f370c0e8,43.68872714646948,-90.34250533623266,299,327.2
d2d126c4-bd56-47bd-97b9-ba09242b0b3f,30.275034581557506,-72.54354850331134,199,224.0
49fc3ea4-a49d-40d7-8932-d2ec18073fd9,38.101850720837945,-69.6681947874494,806,797.7
7f9aee7d-0bf9-48cb-8b75-918501c5d632,32.96446153812183,-121.8359249680845,231,264.2
fd7080c2-729c-4298-a91f-5f44aa6cc395,40.4157768426969,-95.44281119032676,742,643.1
bad56e39-e723-48c8-9ff1-9fa2e42321b0,30.009972822337673,-102.87709160460278,12,10.8
6157d0af-1c3d-443d-9df6-c287fa07d922,28.789823643370646,-88.07435457286309,30,25.6
32b387fc-2fc3-463c-8de8-8bd2a802b91a,46.95597716688593,-78.17811936506291,120,134.3
ce5ce335-d585-4637-9659-9e28448c9f91,26.545092073738424,-108.44517725751223,97,86.5
dfeff97a-631a-41f0-b4b4-e2383ff36dd6,36.64894769337329,-92.14889532198288,305,263.0
b6e01316-9d5c-4695-9aa0-28e270df87c6,29.52131957407522,-83.18501378561092,35,36.7
1b47ba29-c89b-4282-959f-1890236c6d2c,24.973249083141685,-117.0685661126917,747,620.6
204a8fb8-0f7a-4e45-9e0c-bb6760350f28,24.90047045728566,-76.97005254887526,76,62.2
64edaf72-9925-4f02-91d1-a838cdc70130,28.38054430264568,-89.23953360867459,112,94.4
9a0a53b9-72fd-4f16-b2a9-f14fca3a72f9,45.66925886265001,-68.97729121029454,64,51.2
091e53b6-1d4a-4f7d-a0d1-68afb9b17fda,31.06196859942567,-104.9677937712891,173,186.6
81674cbf-52f7-4228-a491-dccab64c954e,47.761479264382395,-118.61938940210528,12,12.3
bcd20b6f-02e9-4903-9c46-deab9e91b8a2,38.54055732472984,-95.1164291388214,32,28.3
42a626af-84b3-46bb-91eb-390f9fdb36f2,34.91535474421915,-119.93716446914311,274,244.7
a34f491d-b800-457d-b780-31fa830062c0,38.502220866736366,-67.7979351238836,41,46.1
bbd907f1-a73e-460b-8665-17d29d1c1b80,36.917459630656694,-122.7175874628257,54,54.0
77e179df-a040-430c-9e0c-5cf489243eda,42.96940634393313,-80.54326983466882,1450,1565.1
6c8404f9-c784-4e8a-8619-b81df2cf61e0,31.062401649321306,-94.0189585096076,20,19.6
cda1e47b-cc20-4cde-9162-245c4c567119,32.82625979000756,-103.25138150260096,115,102.9
9fa5bd4f-893a-4c61-9981-31433998760f,46.35235756333127,-121.11531229398938,5,5.9
2d9eaaf6-0b4e-46ab-904d-7b62edcf8752,47.661412828760135,-88.29215147375714,85,87.2
ccb7c8be-ed74-4837-96b0-2db8aa6b7e51,46.313955687161865,-90.47200056593364,240,204.6
3ec091db-a8a9-44ff-a143-6622a293bbce,34.48619984893284,-108.42788688901162,19,18.3
8834645f-d8ce-4a52-a88c-0565af6e29bb,43.50913757517204,-71.29691961679158,438,408.1
03a12adc-b0cd-4b47-bc60-ae8faf6a7d74,35.90839333252747,-107.05750956677262,480,425.1
41af459f-a92a-41b6-a969-8aadd66dee6a,36.438496303652556,-98.46620077506574,22,25.8
d2413d42-3258-4c12-9633-58ca07eac7ec,29.117002726432098,-92.91801510079932,936,1078.6
245f21c9-2735-4d2c-b649-9c1a9df9d748,38.77825758146291,-119.08631918759912,71,62.5
dd45956a-5764-4e44-aea1-4e8ce35d4fe3,28.653397443833697,-70.00245856639569,18,16.9
2e444b94-5d8c-4fc9-85b7-985464394aba,32.28911747667985,-102.90236700538858,1,1.1
827a5d61-d97e-469a-8d96-cb261b88ad12,45.375755040498376,-120.23402638141373,105,92.8
f13982af-5cc9-4789-8140-3b32481f3d5b,29.17689523027138,-102.14982075315554,199,206.3
8c6e96df-f34a-45d9-8977-068a21534771,25.778957129335822,-89.58804972153774,81,87.5
8e520f7e-d9dd-411a-a9c2-08819f837cce,25.72518981532041,-94.69449236254155,362,384.3
e1c82123-9994-4ca9-9112-c7dc8677b6ff,47.51961301257769,-84.02202353180084,252,272.8
02f61156-19dd-47c7-9ea6-fd06d19ad0b4,36.67301094904587,-121.72644741799327,86,93.1
b255a5b0-c810-4af2-985c-2e79e21dfcea,34.23530179542546,-108.21210399394869,265,314.3
11cc8457-a85e-43f4-a50a-5ac223ac09bc,44.27196452519796,-76.66539596643398,564,529.4
bffc53cf-eedf-47ec-85a1-75a5ac0d960a,44.895648197762895,-120.28627242030971,20,23.0
4228e2e1-e5ae-4a46-a44a-933f95001570,32.30477582789011,-74.5263286729385,73,59.0
c3e30120-d8d4-4369-a5cb-2f7115fee0c7,41.34045143684488,-119.57813056745073,124,113.5
3cd3d8c2-7fe7-4368-bb27-b9bf95ee6926,43.27807039629717,-75.76720132138992,138,113.1
0ae1cd92-937c-4f19-aff8-125e2767487d,40.366267171648865,-103.71348433635512,156,165.4
63ec57fe-dd0f-452c-b384-b116cf284129,27.789876870002484,-88.87966526782427,72,60.5
b13ccc49-9c13-4958-8418-2f5ccb042793,45.89707708792643,-115.9796601767681,220,250.4
600ffb35-dee8-43c6-9e2a-d8f656dfa222,37.47736381840022,-121.09604541821433,207,219.1
e2dd2c67-c441-462a-9e81-0c3332042ee0,31.061810659250092,-112.25964596281203,172,139.6
e1892a8e-20b0-4aa7-bf82-5073fda4010e,34.63070463594235,-117.45662474338697,24,26.1
6e585ee5-7242-4175-910f-05e218afaff4,24.939277259972684,-106.56805203690172,130,148.8
07aac3bd-e288-4cf5-bcf8-7c189bf6b777,27.19667003056044,-94.65138845584981,88,93.7
ca9d9f48-90f6-4daf-9d46-9e23993f98e5,43.13866876289652,-90.26319164966444,135,109.6
8b17316e-ff1a-4e7e-8fa9-34938982bb80,24.000290868884154,-78.39778166459517,510,583.0
f1d8fa3a-9de5-4bc0-85de-8a8bf0f88bae,34.414145712057305,-86.28184629834684,131,143.2
c3fe51b2-9a67-484e-b968-5a40a918520d,37.06275452713971,-89.08325881735638,3,2.9
49862946-a05e-4176-8d59-c6a03c5d703a,25.365860500024308,-100.7048603783393,116,108.0
619dc3ef-2357-4ef6-928b-180f1fa08f58,48.32695407430832,-97.04530233735181,344,341.2
ee5a58f3-eaf6-42bc-a1c1-786d87c25ea1,29.6531332812418,-100.54327106597931,303,347.5
00fd2e48-2db3-46c1-b014-e7e354d92f9d,31.60496799090702,-75.3122042263784,144,129.7
69d6f30f-9b5d-433b-91ce-56f14fda5a62,31.598562806375682,-111.42997329964442,57,47.9
725d6a42-5855-44b3-ad21-29abcb261c1d,29.760416552933748,-124.66246503902408,125,143.2
2fe2d4b0-94cf-463b-be5a-4d9a635dfbf2,24.036845552157786,-86.57212606365188,166,134.5
e0e1d01c-d1ee-4518-b7f0-cf2204eb2736,42.23361985219991,-113.05473116530895,1792,2086.6
7b2229de-3b7d-42bd-8fec-8f5d024d22a1,48.17113749498213,-72.48320695772125,207,190.9
21605af1-ab65-43ca-aa7a-1854e5a08391,29.607337082126126,-74.3162665473073,237,237.8
4461a6de-c621-4624-8067-4b3a17f0b2f6,40.576179795085565,-120.47308505623585,135,115.1
b8bc8a97-4a1b-40c8-a48c-47e1a7707aca,42.54740817396788,-118.72308408056944,88,102.2
58588247-a9c8-454c-ace2-8570ee5c3861,45.21063447726311,-95.7848760574467,335,368.5
ebcbcd0b-4cbc-4280-87be-dc3dac5cbb2c,34.56572992534023,-89.05586289660808,137,160.2
f00e262d-5f32-4eb4-973f-ef890ddccb34,31.573272641010732,-108.7804080885478,1048,1124.8
fdd3f2d3-d713-4a11-941b-13c9f0c83491,32.13237835057578,-82.70893471473713,122,106.6
be9076e7-b01e-4369-981c-d53fd845d7e8,41.815533327462816,-89.89995476578659,14,12.9
75e71920-f3bd-4dba-b88c-9338b6f7d22a,44.4194866626409,-105.83537752483528,230,228.8
127acf0c-860e-4327-a3b8-004fbe05e005,28.540349193915066,-123.50308220550338,10,10.4
c6664611-23b6-4dda-9c3f-ae7dff119ce3,33.27352520394413,-80.74113340338747,58,67.9
c9214085-671d-481a-85aa-ca90a4ddb292,46.54850491872875,-112.32953371632013,87,83.0
b3197b30-21d1-43e1-98b5-f17ba2b37bf6,44.16733799236848,-75.76604913570492,269,290.9
823bdba4-ef84-42dc-b296-0e75a94758b2,48.6214600690619,-100.20287465679894,136,161.1
e2a27ad2-23cb-431f-8ba6-545fe520b0e8,42.85620649205202,-90.95243088472584,6,5.2
765e0df6-21eb-4a5c-ad59-30c5cfd820a3,33.82988002569806,-73.4960249058689,858,982.5
4b098d5f-f740-474e-8946-bb9c39ee70f0,38.76594584986594,-74.04624294572275,106,102.6
7aeb6dbe-8f8f-4845-9782-e21388e909a2,40.52535635618301,-103.08034506062918,510,557.4
81f68852-66cc-471a-ac2a-1e87176cdb29,25.961395407928098,-112.67555532982425,138,126.6
d01e3ae6-e7e2-4611-a649-d7f7fcba2d8b,37.61242397759663,-79.26638141401291,247,230.6
39ae4ea2-78c0-4dee-b0f4-737b275ddc3c,41.73302071181524,-99.44826798747425,49,39.7
b9e7c952-102c-49b0-9d49-3db8ffdaaf1f,28.183032600026507,-113.66952238001876,286,339.9
aa75d258-9d09-44e5-b776-2d01cb0309bc,43.51579293563893,-71.63890480328814,255,287.0
bdf0e960-0765-485b-a2fb-2bc006b1fc50,38.59431951285279,-113.31185253977584,469,392.8
6c75129f-a16e-4c6f-a9f2-4f2d6219e958,47.80554464243987,-123.47737707671736,7,8.4
6ea45478-f06d-489c-ba6f-62146d1a5c24,25.060557455172294,-123.80348154772223,119,124.0
247acbfd-01c3-4c41-8144-167d6a6b120c,30.633153438886673,-88.28339396919841,227,259.1
a4fe71d4-5b95-41ed-b7ba-8c7384ac6702,39.0388469824956,-85.96117141766571,20,16.5
a413c2fc-53f6-48e2-9313-32e38a85acba,31.413997805148266,-106.64853940163795,106,101.3
9dceb016-15aa-4a60-8d64-d502ad57a2e1,41.86060410178106,-106.11935163442325,570,608.7
d148e5b7-9c02-44f7-9587-74a2a26fb019,42.97513206304828,-104.96985901146337,115,96.9
d7efd6c9-ee07-4d0f-a949-3ce8eccbedb5,26.562899101661863,-84.87064574122616,845,841.2
fc856825-f0e3-4c6c-a7b4-37d74dd0b81b,36.84636160516919,-121.57010632941711,12,11.7
1972a073-095f-48af-980e-3dca4bd2c476,36.7222638897764,-70.18213519121178,253,224.3
f798f99a-805a-44e0-93a1-f04da5e20f21,33.23201925538853,-111.87125839353067,174,160.1
5f87144d-9c1c-4fc5-89dd-8afaa5c3c78c,47.3231215642418,-66.01928089071656,139,165.0
e9effe30-da14-4c72-91df-6ca9c133f435,44.68765799683053,-114.88016106655597,707,647.2
dcb4fce5-e16c-4298-b1c2-156a6e7e3ce3,41.43023454774092,-79.47875901856972,28,24.8
b72cfdf4-10f5-4bff-be7a-8b0301e609ec,41.85816589337494,-111.81865984915213,453,459.6
061e6cb4-c66a-4c4f-ad42-39e3e2e108b6,35.54290359532798,-120.23003870304801,235,251.1
8344b71f-2bd9-4230-8227-b49f95354881,47.0248630274144,-73.37893386331172,60,65.4
7e07fede-2e91-4db3-86d0-5332d243a1c7,41.36488568133213,-74.33367570773737,464,511.2
6570fdad-58f2-43fa-97bb-1c9dd72bb5c2,42.224526541395406,-101.18934684547352,112,91.3
e7c64922-772c-4cb7-bab1-9d0b9943036f,45.54227259468363,-83.55862759011481,337,322.7
36412923-d751-460f-af3f-ff9e2b228309,30.851789733554774,-92.13310997164889,98,108.7
1f2114f2-4ecd-44c5-93f6-ec9bafc96986,44.176772596667575,-74.67558929324882,381,442.7
d535051c-6b3e-4946-871d-64bba9c25c7e,28.8810150739123,-106.41169781019939,202,210.3
21cf6319-6b87-46fa-8e16-7c3c1d1d38b3,32.63354880612219,-94.10332840005987,30,24.6
1e7a1d01-ecb1-4699-afbd-4e709cc318c7,32.390261356746066,-96.36303009893152,210,201.3
d7ceda42-f08f-419e-98c7-b5faaf73a158,48.463136709728516,-104.11955625084533,42,34.8
1d076447-7485-4b25-8a73-a254d7b2ca24,45.413430593698166,-72.40415119117404,106,116.5
90a1a980-ff5a-4367-916b-3bfe5dc8dbdd,41.52924653975649,-115.21320244491041,37,30.5
828ff226-7c0a-4ffa-9986-aa52c7927ecc,42.17641904038476,-116.17899026827892,4,3.5
e1e4c605-532d-4c4e-97bb-1003c8165c5b,38.05181986006428,-90.96233741595768,48,46.4
f9b10fad-cede-4364-aa6e-c35b484ea825,47.67726667771298,-86.20784043088842,154,151.7
d1d2b8f6-2b1e-4532-a80c-90891b88ab76,36.40646882205904,-113.51746399485066,131,126.1
cf1eb184-7948-4ba1-82f3-23316fcc63b0,33.51294274674736,-101.94767090697718,139,137.0
090fbe97-3850-4f24-afcd-8cad025e3a62,28.075883423289774,-69.15273326425412,237,257.2
ca6483af-5e5f-4262-9858-6911735a99fa,43.655141306526446,-110.44957206125024,231,218.9
1b063181-3e2c-4c48-a9be-c7f8abc85152,42.36109830188978,-85.56671857507375,244,248.7
78041e27-58fc-464c-a537-47c1bc794a72,33.60887596310337,-81.33118577184214,89,82.0
fb9b351f-c521-44a4-8624-e605b194c2a9,24.629835348980734,-98.56040673155559,426,401.1
72ac8b4b-429e-40e5-a5ff-671c16d93d38,44.97493319295027,-69.6859667811846,207,216.4
e8291dfd-5827-405d-a50b-63068263d5af,24.28544958635184,-81.53725262209136,250,249.0
4b14edb4-3487-4307-b9a2-538886c93381,41.592494490726274,-97.98244978820702,65,70.8
4a93e33b-1d7c-4812-b5f6-7ad571473df1,48.25642774315143,-91.40922309521045,0,0.0
3f0904b2-4825-44c3-b6c6-c7137c9516f8,34.941533203705085,-84.13580683791906,401,449.7
ac906c37-576d-4016-9189-d41b6a18a2c7,29.87433512489882,-90.06077935467613,346,338.2
ebae0154-4ff9-4e59-b6e2-b7ebeca46155,41.62177525108454,-73.15684255426152,26,25.9
1c9a2e34-0a55-42af-ab14-a194616cb3d5,44.428203550389625,-103.94356892545633,94,100.4
6d3d79a0-16ea-40bc-ac1d-6331b30ac6d6,37.660757901946184,-107.30674133670752,217,192.8
f8f796ed-b141-46a6-b56a-7f8171edfb11,48.175881881403654,-112.3835055197794,211,201.4
bac4aa16-f44a-456d-9ac9-2e73b810e017,25.291718041449027,-122.77080488418889,394,413.7
6074936e-363e-4058-8ea8-ed5c28180172,36.6198899576132,-122.46217610157673,30,24.3
dc57440e-af6b-4be7-a61c-db83f7ee89e3,41.96134868306375,-73.66674360655232,112,109.2
d3bd1889-696b-4f0c-8f84-257baefb4e5a,45.566011778729475,-84.97480436205147,20,20.8
0e689942-d73e-4bc5-8ede-7eb4967748b8,28.48139029769475,-86.02858748924731,99,117.5
1e4d1110-fabe-49de-b75c-2f000a26c152,44.000087044092034,-88.73607368284172,3,3.5
f9246b51-58db-4aee-aa7c-99b0f46fcc6f,37.81767689296363,-74.8960704630478,457,416.9
d2fbac5b-ac79-4547-8c9b-79c95441fe73,33.91384204974908,-96.66425138572798,150,150.4
8bae1d9c-30c4-4fd6-8fe6-5cb5193956f7,27.29287571447734,-73.64576111506028,379,311.8
8bcef00c-a8fd-4d4f-96a4-953f2c321d99,45.63239397272281,-103.79274345524789,12,10.8
4705300c-7e57-4670-a331-50c5bbbb1867,27.931830204492883,-70.32425724399366,52,57.7
d9fb478a-ab4f-4d8e-88d6-b855ac74287d,31.744696480227482,-83.77923817520684,60,51.0
e3b4747c-2ffc-468d-8d0f-57056995d0ee,31.251138299060923,-109.82654897455879,98,88.5
12a7d08e-0906-4825-bd65-e23037da4afa,45.78535085477136,-91.71898962037112,325,382.7
b64dfc5a-e283-467f-80a4-4983652baae0,40.817574855222446,-93.55119687219292,98,110.7
60833586-7b68-4c02-9efc-1954e06f7a50,43.91703492978431,-116.86396951791029,46,51.2
101997e4-eb53-4a6d-a76b-ebf60c7d8e29,30.261697469812475,-90.11666856071378,13,14.9
874de7da-58f0-4390-bc2f-6ea4223b427d,39.62185249017497,-106.42764820069948,17,18.7
e461efe8-a330-400a-8bc1-60952e923bba,38.293649578593715,-121.91142275823346,285,241.7
b2c5c393-e6ee-43b6-bd72-c51d76e75527,44.820759419706775,-69.02928669531266,118,118.8
6219240b-dfbd-41a1-89e9-74e1cb6a44d0,46.65217651203152,-87.15206822520702,259,253.2
c5ff2128-1336-4c37-a02a-8aaabeaefd7a,24.30391928693467,-73.26178301962003,229,211.7
d1b35ef3-77b2-4c35-a4d3-6e7afdcc9946,40.85049797646982,-85.11269570421805,29,32.9
694a8488-1edb-434a-a5fc-e3b21aeade06,25.295894977993225,-103.93796216373333,31,30.6
8886bae6-90c1-4f98-9f7b-95fe14431c76,37.721466626933896,-94.75140373260012,282,232.4
98049194-432f-4dda-81a2-a97dcd081fe5,31.190818226091956,-85.13094113951655,256,233.0
848355a2-9952-423f-8ff2-84ffcb19f7a7,31.669414988053532,-68.34511281311518,95,84.7
a99da592-c047-4b8f-887b-4cbd5ec27828,32.823962586308916,-110.03350191181991,16,18.5
7514d9d3-aa5e-4df5-9122-73b304bff989,39.53231122624025,-73.37635354117705,2,2.1
d1042abb-ef1d-4a02-9873-39936dbf59f8,32.35124914171923,-70.4794094876381,68,69.6
0d6e8360-ab0e-4de8-b32d-9958ed805d7e,42.317476264757005,-85.44548463512157,2,2.0
03af4024-02f1-4a22-855e-653f3139624b,34.11318463934674,-70.05526898332107,52,55.1
6fa47671-8661-482a-9c31-fd7e83393648,25.708830007748965,-101.52516333883526,109,120.1
b1d40d0e-a3fa-4cda-879d-8ed05f9bfd24,43.59399606210268,-68.77204561361387,26,26.6
352f3def-ffdf-4746-b83d-58095cbc4285,31.14395811481765,-83.53581024720748,22,25.9
fe5a89f3-455e-45fe-a42c-af6994d1a340,34.81917198998157,-122.5216597222901,2097,2497.0
c855e435-f588-4b36-a0dd-029d6d19c29a,41.13609708054754,-71.49450292267588,176,210.9
1f40a78d-8208-4989-9604-fb8dbb79eec0,32.3114039287178,-96.41610426704165,545,581.9
8768321f-14d4-4d07-9741-8318a5565b80,25.41464140366789,-97.84070789810787,85,99.7
e4a69020-4304-418a-8c69-dcfd464ef893,33.34802617532034,-91.57847024720158,226,217.4
f7227eae-8aa5-4d89-98f2-b6d2d6cfa04e,47.611214567357585,-116.18631174049756,46,52.6
13c0ce94-c8df-4d02-bb00-1c069e0e3f99,40.04335993246396,-97.31920313452348,193,224.6
f7f6d7ad-f43c-434c-aa40-86138e0f4e73,40.786978716680174,-75.96349421365301,28,32.5
856108b3-767e-4b26-b01c-92aa1e29e4dd,39.807053840940995,-124.0865349108866,0,0.0
266ec8af-e6fe-425b-9030-96bcb751f723,28.97480347398592,-108.89788754086209,536,516.0
e6cae4c0-2168-4e8f-a4db-90cbfa76f0d7,34.458346602557,-124.8551793998132,162,139.9
b786c564-a87e-4b9e-9495-1e89134d0859,42.77349495908295,-100.47303276015894,523,488.3
cb92f8d3-20be-461a-963b-2cba58870072,26.53432243882898,-82.02938488086966,81,89.7
16bcee5c-4892-409e-963d-0f806fc7d367,30.946319402242807,-77.87246208223692,79,70.6
ca652a70-1c76-4da1-8bc0-e53424e82f5b,30.90797771164634,-69.23380409350662,102,101.1
425755dd-39c1-4418-9cb5-a59e1bc8f536,34.80047318986265,-89.09822783472359,245,251.4
a0f6d006-0e68-4b02-b660-3737de3e29db,48.50921852355462,-109.97701486747917,167,173.9
952c9b2d-c10f-4442-813b-fb791f7537f0,25.68756366709555,-70.47527100093475,519,609.5
20756ddf-1eef-44f3-ab93-d243dee63601,36.967524859514874,-79.25637052105782,5,5.3
0781d7eb-c570-4bbb-9d54-d80ce36e5db4,28.48411705030526,-91.10871950281447,246,274.2
dcb39807-11dc-4db9-b7c9-5570f8230edf,48.266913635243604,-83.95722727258277,80,82.6
afbde64c-a88e-4983-9cea-f1a787a51fcf,26.832587618186604,-70.46533505456168,40,45.3
1d44672e-c640-42a2-90e5-a7519624ca4b,34.09002505903978,-82.96875232009762,143,129.5
e70826db-a587-41ae-bcc5-baa30f0ecd63,42.447124620865154,-103.2659040525007,141,124.6
3eb623d0-d81d-4e92-9852-825a1093fdc7,41.61386070068613,-82.9313360649433,29,33.9
c9b35963-5f16-454a-8aa1-e09adbb6f7d8,34.56821592234831,-122.62358839861211,45,48.5
a9ca7d93-8458-42eb-8453-879d2275209d,32.663104198817955,-102.20148185199571,105,112.2
c732ade8-8aaf-43de-8986-802c6cd61039,33.94030946382176,-101.02694112111082,105,103.6
7abffdbd-0244-47a6-97ca-96b6a59d9a0c,30.606906578965983,-115.15654416917076,76,72.3
6682ba2c-706c-4b4f-bd40-8a87b66f5e7c,29.133323467669996,-123.63795664744556,32,32.7
75f4f219-9f92-45f2-a510-2938985d918d,36.07599243897225,-117.13050703837317,1,0.8
b8cf2710-50a7-423e-8da7-8ba407e4d118,30.713343901690184,-86.37733174797376,703,690.3
54c2225e-1cdf-4df9-aeb2-db6b7e694967,31.186541622431253,-77.66495983454243,575,564.7
688f094f-8f29-43c2-a5b2-ed079606cc49,40.418901586863925,-66.69599392910852,132,134.0
4285df0c-054d-4645-b03f-09931fab5572,48.21343329249731,-104.56455331659883,1062,1119.2
1ef83334-041f-4bca-950a-0c085d9d91d4,39.09093001398438,-89.636625886595,224,265.0
2c11b400-1891-42dc-a453-c7f39887ad47,25.924486676624156,-69.7084469579078,14,14.9
864bdc9e-8d1a-4ed3-a38e-f98e285d005c,25.889590346351675,-115.144534901049,75,86.5
41818e4a-dd29-45de-b9d3-7d2148c55892,47.78558052113915,-82.65891040577819,496,507.2
5888600e-dda8-41e8-b41b-720ee291878a,31.43226975768334,-80.45625474419937,199,209.1
ef6e8e7e-66a8-4350-8ce6-fd43cc9d1ecc,26.301674652061884,-119.75044338370904,371,307.2
38ca9f77-591e-4f62-88b7-092cd0ea7efd,38.97611467875954,-74.18628627419916,457,390.0
780af986-6c06-4c79-97b5-34e785328940,39.591219457256656,-77.02680222046021,119,122.8
d8db4569-c485-46ce-aa57-feb00cf81770,40.212620502967205,-123.02922261193137,10,9.6
c9a06f6a-579f-4d97-8ac2-b7ac8a1a81a7,30.68505069643853,-119.62601952207696,42,47.0
26ca4b5b-684f-486e-9d52-3b567cf8b12d,24.377767105361876,-122.10151326038071,14,14.2
4f7306c0-1b9c-4058-9ba8-103b6ebffa93,48.125384236361796,-105.25013162383763,42,48.4
31f0a3f3-6251-4b67-a27d-f2ce8cba4fb8,30.272326142277564,-94.95194954988436,106,126.0
29b1d083-5296-4188-85d8-93fb80a652b8,40.90065720131369,-93.5914840506769,25,21.5
025c8aca-f58e-452f-9787-b8122b9754bd,41.66574674696774,-109.20766117360289,36,34.5
e55f8e3f-7438-4b86-87f0-027438d2a014,39.250185426987144,-71.21578369294383,118,125.8
5fe1f5e9-530f-4c91-a283-1285cf00f861,31.822684855341205,-103.27249539755712,83,76.5
d669467c-de05-4b80-be00-ab8e05604674,30.777406344101642,-122.3125407980442,126,114.3
d9661034-611f-420f-90a8-e6f5f3e72be6,38.94170706756758,-107.2866004190582,112,126.1
cc77f138-c417-445f-9a8e-d3250aa8b92c,45.652390840292284,-93.66454406989483,207,246.8
513649e2-f829-416a-a2a9-4bbe349c1bc1,47.66834322308489,-100.91491246729431,554,614.7
4ab80f32-fbbf-4f24-925c-317eaf97b5a4,26.64764511009394,-108.84329137314371,23,23.2
88dab9ab-eee7-414d-9860-4bc1dceefe41,27.870715314942995,-117.25192826390527,21,20.5
ac50089c-75d1-42a3-b3ee-76258addd627,47.618406469576996,-76.66929449432244,383,389.1
4aeb7944-e0c3-4b2e-8893-65dab49ca5a4,42.413380708369814,-66.22743071467268,141,138.9
5863f4e7-622b-40d3-a744-ee44835df686,46.07484562074433,-105.55701412209096,291,291.3
bfff91b6-2428-45e7-bbf4-f15137eb63d0,29.06581585338358,-102.48435839358037,49,43.2
60fcdd2a-ab19-46a9-a969-c1a5f93261d9,38.68964677773505,-88.53578604405953,353,410.0
3792912f-c5b5-4ae6-9631-4a42845f7f5a,41.52848986043684,-82.61195299060307,515,567.4
cad4f075-5ab4-4048-8e33-f0ef80456397,41.002797136174316,-101.87025744658811,202,216.6
59bb369d-73b1-4eb2-a0d0-62b1fba102b0,34.20379227166745,-71.6091584980729,22,26.0
3396f23d-232f-47f9-b080-443d5cfacde4,24.38487229228271,-91.95976463549383,451,412.1
c8397589-c25e-4b17-8bbe-8a4c36995092,38.573151420106576,-98.42698549205008,315,262.2
31ac83df-6cdd-49ca-bb48-6c65f777b5f3,30.32753847949022,-86.8463075635656,278,314.3
001b2713-9ac7-454e-9052-8aa179153648,35.256356153572256,-68.78457295329878,7,8.4
8b9ae5c3-dae8-4645-aa74-93e4a9e140b4,47.939525377095435,-78.12141462911939,321,331.1
c7cd47a5-749a-4443-8419-4931355a670e,33.97588294106087,-122.63922529842766,30,24.7
e820c19f-619b-44d1-8e0d-e3eb5322b96e,44.995040166610664,-105.39371526634238,50,55.6
e58cf531-3947-4275-bf0b-801b69024484,28.71351514373128,-97.23786358787785,172,142.7
4174bdde-a9ce-4ad1-9268-f51e37deb617,40.81151245062572,-106.44346323966279,62,63.0
7ff87004-131b-456b-ad60-baec143d9593,48.42517386097359,-83.68893391100306,217,197.7
522d1360-2321-437b-98d7-a59dcf2e9b9f,26.54732752182342,-76.25012015810772,187,218.0
688e1cf6-d1b9-412a-b0cc-d9887c7b4b80,24.2079985556798,-81.85063938406898,23,22.6
dd128278-a37b-4fa2-a807-e1fbdb5b6aa1,34.83956981581536,-66.62933607713177,213,246.9
4d480e9d-1c68-43a0-876e-1d8b5a54fc4d,26.31563707628418,-108.91968877431128,515,473.6
a2e58da8-d7ea-4b23-a240-c020598d7909,42.70960874190578,-73.37561979355914,35,33.4
37bfee3e-ef45-487a-bf3e-3a1ca1e7e9f0,46.863716596213976,-79.76926275470532,182,214.6
4b073aaa-7ad3-45f0-97be-d0539dfba1e2,34.85052431771897,-103.63145330406938,84,74.0
1f3da141-9a07-4881-b0cb-5e8d28b46c32,30.467791053886025,-81.68665192423884,123,126.9
cc1852b0-48a7-4cb4-a264-5f93366c22bb,34.86008297516524,-118.85951857132343,68,65.0
7a92f490-7efc-405f-b5f5-fb5059251133,42.086195446250024,-78.42932454190742,87,96.5
f289c46c-8004-4325-8b38-fffa059505f0,24.226354039509275,-93.59249444736095,6,5.1
cb738fc8-cc65-4118-9f1f-11984d14e71f,38.73634973711743,-107.75487981015407,799,778.9
9de447b4-9165-498b-9d99-d1d5698c28b3,39.33229212218448,-86.30913919473338,196,211.6
301bcf7d-30f7-47a4-b971-c2e2451e16c0,39.942206172398386,-87.14442007584987,139,133.8
c8ab2ef1-b1d9-4571-93ff-c378cd5413ae,30.05055199952193,-112.64031285954361,97,79.9
01a9e964-a205-49d6-9fbb-4d1b24a5832a,41.85131808445317,-123.20655252611996,155,167.7
dadaef05-5582-4695-999a-ce7099bdcdc1,26.28478715829441,-99.41626737280124,96,96.1
a2a681c6-905e-4bbb-ad71-cee8223579eb,28.98175841167002,-91.39879970867915,89,71.6
8ccc8c68-02ef-4fe4-a452-7da3ce4f9292,45.93675116636204,-73.2802885761347,125,130.6
cbd204c2-70a7-4836-87ae-43282f6f8aa6,42.46807876816416,-70.23520905679193,65,75.9
93ed5452-1a90-4635-8f57-3c7f8efd1694,24.343638850283632,-93.80049212875079,40,33.8
e13a5aed-df61-4975-96ca-f91dce233bd7,30.209406509245007,-80.52559445765584,163,168.9
1da6fe46-09de-4f01-9f19-d7e7f19bb884,29.360162074829113,-99.08110693264818,370,403.8
0cc44165-25f1-4f53-a312-0c16861a6ffb,30.770158200924314,-80.98115276219932,33,27.3
ad9b30bf-5232-49f8-804b-0389d6c74184,30.188994256997162,-112.91671002858915,7,5.7
64ad7d33-374f-4367-89e5-edccc237d842,25.563157393571142,-103.10718064659164,57,56.2
81d2231d-e9e2-4a2e-a1f5-2b7313a9cd6d,35.473512914920505,-87.58054806999672,780,870.9
76d1cb3d-a910-40dd-95f9-23c41be6263a,42.31833686965413,-123.92868002918235,353,305.1
768864a3-facf-43c6-b370-97a80e400d7e,39.16829311793591,-82.37478269000172,181,205.4
25c1e14a-c2bc-43e0-919f-8ebefb1b32e2,40.821791714952,-75.70340542517816,530,563.2
1205a3ac-d69a-431b-950d-75ed6a38a10f,26.02872946340598,-101.45064199545686,118,110.1
a44fb808-00e4-4eb3-a7ba-f12094e73656,47.78726775441968,-98.5713973865473,818,823.2
097da121-bbea-4c8c-8a3c-e78c9a3e42ac,44.96229584607562,-74.77434947922467,70,83.0
f24d2fbb-cca3-4b5e-b900-d1581b1817d4,44.12725796239157,-79.23637651576402,55,48.8
a246ec7b-0eeb-4cd1-b05b-40cd41ddae19,44.57459512604419,-107.99918014703087,203,203.0
e27da300-f3a0-41d7-a4f8-79306d637f1a,47.31776270331903,-105.8854097128692,95,99.7
835b375c-2520-4604-8186-b5af90b4b0a1,37.60634915284244,-84.9461842889548,197,168.5
343750ac-aa47-4fdb-9195-91ff59cbd06c,29.00705044669065,-91.77131254555849,73,59.7
82f3208a-7680-49e8-9431-b8aaf6ea1af2,39.41959019631353,-115.42845530530668,192,154.6
8a5d5e59-ddcb-4573-b774-0a9d4821cf10,42.572037341698476,-106.71413535547919,316,293.8
977d879a-1a73-484d-b888-0b0639e71f81,42.44793483385064,-71.9009866641594,10,8.3
864c949f-1d8b-4f17-8ee9-99c062720bd3,37.036225604172,-84.39770823338645,486,545.1
c23b60df-c668-45df-8941-37d75ff66fe9,25.711467983339453,-66.82751525655435,429,514.3
cb56c3ea-aa0e-409f-8c52-c206e743da1d,33.2778234607532,-79.74626073113461,707,582.9
778bd884-0977-4dd8-973f-379c1b89f76e,47.01916521158393,-69.42350850352818,252,245.2
04715352-59ca-4c91-bddf-656f9b62d804,38.61122274393565,-112.24487414164196,230,186.4
00bc79aa-c199-4ff2-be3f-28664fe9d8ae,37.45829858139284,-79.48239238580138,164,140.0
5dd7a214-d20e-430a-84bb-253e6e6af45f,30.721337859554836,-123.80716631127996,27,25.1
23bbeb23-ef91-4c7f-bd53-4bcaa0399140,33.211222997914476,-85.42515871901949,42,40.2
325c98a7-1de0-4b4d-b594-1d6517e02fa1,46.383652228829234,-97.31234559090576,68,80.0
fdde0bab-d9d4-45f3-8f00-3f5b43c44992,40.6615761881709,-104.54115575671595,442,423.6
033f822c-a123-4602-8de1-2a6b614536f6,43.684675668808325,-74.11814321470774,38,37.9
845fd2a0-3ab7-41a0-82ad-676a534175fc,35.35863557669138,-74.5982061332057,512,459.9
d4b0f68c-e349-4205-9d75-06141f41176b,39.75618048640395,-123.68419941098003,148,118.4
743c3e52-5e50-460f-987b-5d6ee76f994d,30.20959021858019,-89.03919777548357,251,291.1
eae65862-68f7-4d65-a641-27747db552d6,41.636520757087155,-103.29789876506356,23,19.2
ff8cecf5-78ec-4dac-99da-7cf958001644,34.69003334258343,-100.4760009114735,63,74.7
e9a77eb8-4691-441b-ba48-1e69047262d4,35.06363787036864,-75.90959638609222,637,542.9
a37d13ed-34b9-426e-aac9-493baed5b244,40.23305811442204,-106.71945347986698,62,64.6
dac3c0ef-f73d-41bd-a361-f40cc6ba1547,47.407015536723165,-69.36012017238042,70,84.0
04114f52-fa60-4218-afe8-c8821ab1b75e,25.600158665215524,-114.4016042440437,133,113.8
fbb163b6-5caa-44e1-bd1f-f8f224fc5687,44.61858093367519,-85.8993770212775,28,27.1
3f6d054d-583c-48ee-aa2f-a5eca5c77db6,31.309577760304826,-85.34580104618789,53,58.9
ee4e866d-8ff5-4fcb-8176-80112877911c,35.09798636265945,-110.12048547575283,206,167.5
4e6a2fee-2210-4e78-9aa3-f83fc50c37d1,24.547833219375224,-105.83971407093509,122,131.3
f691e38d-23f9-4819-b258-778eec7a2a9a,31.526151945857826,-75.74688893778352,161,134.0
4041a10c-685b-48cd-b137-42aa65bea89e,36.565781065753264,-80.0534899576578,26,23.3
325d3f8e-31b6-4b98-be69-8afa414ba3de,25.404401933685975,-105.58334306142919,324,279.9
3e3cb9a2-bf40-4b5c-88c5-2bc9d3300d70,36.27739323457913,-93.4965637308389,307,357.0
fb240b4a-ed19-4175-bd71-96308a196606,47.17776572146069,-121.36086252106736,4,3.5
62ee9768-1928-4774-810c-2956de9f7f3f,26.63483045269513,-112.68399293848087,567,462.8
7aa017af-6e78-4e3f-8a30-86acb848cacd,43.11101820188761,-96.33658702723645,14,14.5
befb1b74-f8ae-4743-849d-42860deb4d1b,34.241776334399816,-119.92754961852651,314,294.7
46450d06-1773-43e5-93ed-f597f5093965,40.37934286310845,-75.24339106137569,267,256.9
5488e071-7e6a-443a-9e10-107abafec6fc,30.505914949630736,-82.63763360364877,465,394.1
2323f033-d81a-4254-b09c-e583f58c4af4,27.987306563533956,-69.32561343173882,225,247.3
05d7eb29-630f-43fc-89b3-9f949ffe11f4,28.01156535678066,-84.08545254812239,122,127.0
17a9554d-31af-497a-9d71-d136c8becda0,25.762298641078615,-69.51631903653106,41,38.8
cdb584c4-50af-4e41-9b54-2d5d2264cd23,28.641167622531075,-92.28375921423307,93,80.8
38fdaf0b-b9fc-4b51-99b4-7c9fdf422e28,40.605484624724205,-89.5871019473438,148,153.5
b8d0d0fd-5c65-4769-917a-e61626370a53,46.042265296087706,-67.35870777705061,11,12.2
6603cbf2-afa4-4abb-92d0-ac4de462bf62,44.353142139779045,-87.11438033500863,251,232.2
dfbef15e-c351-4cc5-b814-aa7fe956aeca,41.12835774686211,-123.18359243721595,157,127.2
34f464e3-3fc2-4e33-80d6-b1a322544d40,26.760796585277568,-82.29563617879913,353,312.7
86da27db-e629-4ca2-ad68-cd01e61eb93d,31.229686157398746,-71.57734716389248,63,67.6
552b2a2e-4dd5-479d-9ff8-b8082b7dfe81,31.745171883061722,-78.06076526213474,467,558.4
e75792c9-2e59-4698-bceb-ac79ee855860,30.24892365994053,-90.55383691510006,1328,1069.5
f16b07b1-1537-490b-afb4-dddd4d7151d3,36.875141492743076,-85.39309272748254,503,464.0
16b8b19f-492e-49c9-8358-739003b2c13d,37.38884537199181,-66.57868443415137,301,248.3
753e5485-f438-4c56-927c-40758c2d82f2,32.922149379277755,-119.65093677794904,335,310.4
978c0252-926e-47f6-acaf-45f412aa8d9a,32.8447289684109,-85.63255511063886,171,164.6
6b8698df-deb6-45d2-bef2-0b70942ae835,44.713889947652035,-108.27953602033497,42,49.1
46c11cd6-c22a-4554-ba20-5c227cbf66be,43.73232120799214,-87.23466660141597,226,188.1
5b938e2e-b1f3-46e6-9bb1-44e63fc44e64,31.69489579201864,-89.1502090228476,249,276.6
57e35ce8-7997-4e93-a222-8eb47008a9b0,46.84471109683148,-115.94604690561843,845,809.7
f0fec99b-2278-4f1a-ae8d-f6cbc8c95795,47.82037542506265,-112.80194790132589,156,175.4
df382af8-9885-4a11-9fa4-aab5ee10235a,32.16856355075102,-88.32385489545041,63,63.3
59c77c3e-011d-4936-b4c2-84a806277379,32.86062371982637,-117.43443310907733,230,187.6
8f49925f-9b8c-4104-a37b-b5379fe412bf,36.64085383554897,-109.35432836731096,776,914.5
da847d79-9213-4195-8d22-dd7b350d1366,47.52802031334184,-75.72051268345786,39,32.5
66ad3163-466e-4c8d-ab4e-fad896fda8a5,45.907985828557784,-105.70160114590333,79,82.1
0f938a69-20eb-4cd3-8d37-60b6c9c30652,26.564199064589744,-96.20445078008989,156,179.6
4b572449-548f-4611-bf89-0ac64e77aa57,33.818268581785404,-69.47272022639542,37,30.8
79d2cb82-6c7f-4147-a730-0210a99e3ad6,37.8342797437443,-111.59820375862017,4,4.1
8ecc955a-2f30-4974-afc5-41279ce610ce,36.5783118137885,-102.0120649758774,82,92.6
7b81820d-c3b5-48e9-a468-9bf149fbf7d0,28.846576698422318,-89.2189912429308,401,479.0
68e591e2-7b4f-4f31-bfd1-bcd9b05d0252,45.47041927920387,-80.43500315926565,9,9.8
2fd9b86e-9535-4cfc-8994-fd68a82e880b,40.92351957492093,-71.8024501839504,112,102.1
87e4a0f8-cd8b-427d-96e4-a3505b999991,44.94770937129509,-70.98709373316261,287,309.9
76c0de8f-87f3-4f65-b816-0f9986b98059,45.46910698373681,-79.17823561201524,612,662.4
51749d94-8b5d-4783-b72d-62b0f11e1d2d,42.708896341643495,-111.52848064099469,846,913.7
dca34a30-b7b7-40b7-8449-6236b15427c5,34.980265031242936,-123.53624952748862,110,125.6
9be17067-6d98-48cc-8367-19b1cd04532d,39.26366887538561,-102.3573381090182,601,501.8
8cb94bac-6014-4813-b951-d0c5781e46c2,28.00913515299358,-116.64861779171842,7,5.9
5b5d57f1-d146-48aa-ab19-dadf23c5ccca,40.84113543687269,-83.08712880114041,274,289.4
0db2b935-2c15-41ad-b79b-01987e29c878,28.48133139348202,-85.9932953772827,206,243.4
0ba075d6-9eeb-4b50-b400-6524c3de4498,41.34873976275392,-122.40567314433416,57,56.2
7b8d1f76-efea-4fd5-a28b-51dffbaacfd5,29.739954018849218,-75.64096703127387,142,168.2
488ebcee-2260-4e28-b4ea-be7cff3f503f,26.938782503755498,-110.32414728882024,28,32.9
93ad9a75-ebad-4189-bf2b-a456ffa1844f,28.132112253573936,-99.49860254602851,411,477.2
209daf40-db37-4ffc-9193-2c643c640d5a,24.049803380476757,-85.5919096081112,89,103.6
6a9c9036-3e3d-472e-87af-33576e08cb8e,41.96849044633825,-99.66429157571706,197,228.4
c4137342-8973-4c1f-b56f-81ca683580ef,42.31002622645948,-98.96401963480334,35,39.5
3d6eb88b-bb4c-4e79-b024-0ee92fdc4511,36.87333374783149,-121.12794827519132,46,49.6
069ded40-2851-44a5-a630-2e724b727d1c,28.03407002638459,-101.31483059365978,965,781.4
431e8e01-f3b5-4d52-a0a5-38b2052637ed,26.088858437767243,-79.87397430002098,280,238.8
1dda7a30-daa2-42bb-938e-6b1cccdc2b7b,24.478224160932175,-71.00459610599074,654,558.3
643d0a1d-5374-41cb-8de8-4ddd3f93dace,28.14370442413052,-100.60366891326106,70,56.7
057ce797-6f4d-45c7-ae5f-fb45c5a367d1,46.27138837457866,-100.00843621413435,36,30.5
0196e29b-4e64-456d-9b46-e3180488957b,30.038421042542044,-83.54500072690453,140,163.5
27953267-fa11-4c9a-bf9c-6de74a03caa9,32.85678318043039,-69.37645193478869,137,146.0
ca8da6e0-35a2-41e1-ae09-921f25c89833,26.63363711203333,-109.24340452587775,38,35.1
bc3d1d90-0868-4533-8459-f5fe8dda5ea9,29.559032618704258,-99.03149181426173,264,295.0
52fe24d2-9bc5-44a3-90de-fe5a5b2d5bd7,36.980614269505125,-78.03757863041423,90,89.6
07fb696c-be75-4a79-ad96-4d69c641bc76,39.193817077391316,-89.02807940693174,41,35.1
0f093e87-9398-4646-bd27-befd5b516094,30.133807854155275,-118.47540570612666,81,93.5
77951870-a827-4c6b-a0af-1356cfb7c957,25.44330398062793,-87.96376860182633,166,155.3
18b9a059-65a0-4cb9-b8b9-6620ed24d40a,33.775821728184965,-113.98196920875772,1048,1131.4
71f11680-32bf-4606-8f07-12d1ad0d5259,29.855084273158354,-94.89725988937415,132,120.9
57acef63-ac46-42c5-b70d-98f8f67a6634,29.48884808074505,-93.78290720803413,149,149.0
a950cadc-518f-4228-b75c-0beeee0e7e88,47.99657006783638,-73.3040016287259,30,33.8
78b6e430-cb2d-4091-8e02-379f94a4c61a,39.4075121481431,-97.71283783326615,492,424.5
13709bf7-ccd0-4fa7-b057-2c04aff4c12f,37.9219610793024,-108.51289708808224,528,628.8
9a646760-d0cd-4e5a-8d2e-6689322beea4,34.394377588083046,-111.37298545525414,230,190.5
b0535b3d-9260-4749-b466-ba5f19dccf1e,34.72360833575361,-73.41913927562416,4,4.1
b2e131fe-1750-4f5b-a12d-b4eeb0be9320,37.52262509595202,-114.91035958932453,154,179.6
0f49d8f8-9f45-4a06-9ff2-f76f396f801b,41.410745175902676,-99.87375490789452,198,233.3
d34dc139-a562-422f-b9ee-78b90d7d9355,41.55365240454574,-113.95678621931013,1046,933.9
11c95d0c-ec00-4f02-aec6-7a1f7e7823e6,28.29234769263624,-79.37506163325185,1108,950.2
bfecff18-b1d9-493f-8c95-56f74ff652a2,36.50281880191567,-97.01201424149748,390,425.0
9f9ae0e5-6cc0-40ca-885f-02ea7b5a3fd9,34.29895237585255,-104.28252225714809,13,10.6
52b205fc-ebfe-424d-9f31-bea6188e5243,45.76317415673461,-103.69512120303845,613,609.4
3b8bd74d-508d-4602-89a1-3ca149d0f146,39.785473030459414,-74.71936180334421,190,212.5
43b4b325-6e01-4fac-911b-a88bc2bf499d,37.312601660399544,-92.32733669662815,323,330.8
65e2e039-36c5-4ba9-8a29-7c51f5b487ca,26.884866054472933,-82.64579678325545,105,91.9
992e40d6-2e6b-420b-b292-b4dd136b971e,39.140947233085285,-72.07472754120961,77,76.6
5e93a4b7-29e2-41e5-8b25-d57720e83312,26.930097642005837,-71.79724111360213,124,144.9
8770d952-9afd-4074-b850-b783275b0287,32.4301643891438,-105.61796579406607,32,33.5
f506f1ad-cce5-4f68-8a26-e674334a4f00,27.571049120358296,-68.80537547436327,367,399.5
e24dac9d-c78d-4ecf-a84c-2d15301edb8f,41.301841175609226,-123.53232296113828,390,364.5
7ef11a9f-d0c8-4f03-a810-de02e987290e,29.156302845903816,-102.76670190004623,8,7.0
103764b8-fbb9-4074-8ca9-21c03474e810,33.79648432970065,-72.14786740697835,33,29.8
db0034c5-ad8b-4e4c-8446-c9476f423275,46.39186944046946,-108.79642409079801,27,27.4
be443ed8-6e77-4db8-9d7a-78a5d2fb8e4f,29.10790958497426,-108.88819443104222,103,93.9
82b3ce8b-7b88-40ca-9d30-40c3187670b7,36.69512659896948,-107.14528518016857,1161,1180.5
a21b6393-d766-4278-b32d-262e6d159e6e,34.48179152915055,-88.87351029403159,38,41.2
08a0eae2-bb60-45be-89a3-9e8e5a1e84f8,24.453101026143244,-99.13836623875312,31,33.9
4c70efd8-0652-43b4-a5e1-9f5002cc4b2a,43.81895283932032,-82.12264465515278,493,426.9
68ba55b2-b8b0-4fe5-bfa2-a5be2062caea,25.726147657864992,-72.20027208868473,427,469.8
870731a1-c656-49b2-821e-0d08ec7f103e,35.85637552442384,-85.22223687837122,7,7.5
c96e6180-6863-4503-bbb1-69701170a730,38.016957373473744,-112.93646350834305,279,224.5
851ce026-1ac4-4086-a0b4-7913b7a00c9c,39.710661415364676,-69.97176776073037,213,175.4
c47f219e-02bf-486b-aa7a-987e36c8213c,41.21579073269689,-109.39492047249877,292,309.1
c9e83941-58bc-4510-8a3c-13c645795c01,30.331809588067877,-116.15623657563867,136,129.7
ad816f10-53f0-473a-a503-080d2a29ddf1,24.249469416461235,-119.69193054720331,951,816.4
58afe92f-1b26-4480-ad09-7780303b4580,42.086091558872795,-91.76035930069622,9,7.4
77b43eb0-345e-406a-9cf8-12d94463aaa4,37.391414983689465,-118.28801471364154,53,45.8
18d28155-6e56-46df-8bdb-1e85b01ef480,44.90294258018122,-116.81222283735478,101,119.5
3ea0a8cd-1c8a-44fa-8bd9-1ea00cd26fd0,44.53470907251736,-107.2982016448657,119,129.8
5aa1a6d7-25b3-4f2e-813b-9e46a1c654bb,45.08315419469708,-108.38247242861664,509,514.6
8e046a07-5223-4aaa-9796-1750f7956609,36.1273664994885,-89.3498688904036,164,193.0
5ef44de6-3e72-445d-9479-7cf66d35a276,32.34070989592164,-76.81202851111179,9,9.4
120a91be-4017-4132-a1dc-64e5a96845c5,43.78895506478425,-80.08037028402936,105,114.5
96de3067-e611-408d-9b20-6fb28079b933,35.28235282573137,-109.51341717172787,108,98.6
1f11b188-c6e6-435b-a38e-e5fa6de70aa6,28.586054910085863,-110.52668061882719,673,697.0
ad1aeae4-80f4-4e8d-8fb2-08b18f0a6fd1,45.37435048903686,-68.01829972368891,183,156.9
e357e19d-13b0-4784-81c3-ccb4cbd54a87,46.06399691930868,-124.51406174607435,202,194.3
18bf1ade-02ca-4d4c-9e1c-744aec141a5d,35.657743903504254,-73.09648854944726,250,203.3
5fb35063-0d1e-42c9-8e31-a0b271d30451,25.892493182744687,-113.21601737177811,294,260.7
9affb0bd-881b-4b0c-98a5-e664129979f1,33.69565224792328,-69.11022493770369,202,167.6
df1d33e9-6c8b-4281-a928-726d0d04cc4a,44.08844148656509,-104.80387019517633,54,51.6
6cc85b25-05c8-43d3-8ec2-266354f5e0e3,46.54435071365572,-99.01924534029811,414,470.8
0e413717-744b-4260-b811-9f8cc3c619f9,29.086818562439895,-83.27988377728153,263,250.2
e785062a-c626-45ad-903c-4eea47cc80bb,25.674340300631787,-90.32752596307765,271,306.9
e436d39a-3a63-4894-b79a-61959575fff4,45.93376132832097,-106.24157954729745,1134,1205.0
88fbfb23-27be-4932-90de-395f9008aa82,33.735123474471884,-92.3239759637984,324,325.2
f9f1e8eb-007d-438d-b7af-6050e693d7f3,37.54402410668908,-81.88829382258972,353,315.8
109ac956-5d2b-4b98-82d0-bb50d50382b3,48.20164530126897,-122.50223819175297,605,707.2
f0f9ea78-3dca-4d4e-8ed4-c08829f497b2,25.664118197855572,-124.33924098991346,33,27.1
62b24e24-529c-4988-95eb-f89ec64842d7,40.20795018630239,-97.9740505946994,138,148.4
c12354d5-508e-43ad-b740-efaa0561e6b3,25.852635564371678,-117.22163954959267,174,182.4
0c303eda-8e12-4ac2-800a-5c9688e54b04,33.38672321166251,-85.80368680358185,80,78.1
74b2587a-8d32-45df-a277-09a5a015755d,44.09536362983617,-112.37090508258139,366,328.0
b0c4996f-d5b3-47c5-948a-fe560216701d,34.83680581889086,-99.46178469905541,287,279.0
c0262fd5-8453-4782-814b-ee73d7999ce4,48.92955884757376,-113.33741472441812,255,293.0
480dc512-31b7-40c4-ada3-f0ff4a75cee5,37.97648212366505,-92.63946844080166,1172,1329.9
70a33b8f-6aa6-44da-af88-e45e326ce14e,32.029053815898834,-118.15284589631044,60,70.6
9b8477d7-1fd7-4081-a9ee-4f3365a60fa4,29.50278314761883,-123.63669568553867,266,245.5
9432b84e-64de-4bc4-9146-0724ac9da9b0,32.763013357154044,-121.98323335170487,160,152.8
0bdefd96-9f3a-40ae-be6b-9796da1a7801,33.31333184398877,-68.69875195059672,75,60.6
24bf5267-f27b-46b1-88db-2bc4e36d22ce,25.717841943099025,-116.60511310195479,35,41.2
09b39fd3-af03-44c5-8c21-eb2ccc333dea,33.23935498566933,-83.19978306492672,452,421.2
6c314190-bf30-4d3c-a2cd-13c5d39704f8,35.605962993480624,-120.99235395085326,818,786.6
049f7b4f-0e80-43e1-a502-10eba304c743,42.06844380597012,-118.61853921812425,349,405.9
0319b0da-cb75-4cc6-ab9b-74547d84a0d9,40.418237118040196,-94.97630116684925,158,159.7
631867c6-ec6b-4c46-8f18-42ae5ceebeff,41.71914138072886,-97.57261512089372,50,51.3
3c148236-3d5a-4e0d-81b3-ffeb94b43fde,24.209092046921427,-68.85676174304768,82,71.4
e93b7c8c-68cc-4545-bc8a-63bdf948d5b8,29.4416849895134,-69.2547082717765,96,95.9
5d9d3a74-b5dc-4813-b7c3-2483afa22f1c,40.542107209996416,-79.00309008999456,722,842.8
13074ce1-d5d2-475a-9a0b-ab2ec32491a7,36.09973420449368,-89.47599202248637,1,1.0
53a19480-770f-4205-88c4-b7eae18d2200,24.13283689170865,-98.15734127381235,849,765.8
523cf74b-e02b-4fe8-97f9-43ae0433c7d1,44.11236606079556,-103.98546647462317,787,639.4
17554a40-4b1c-4e49-a29a-b8db8f812ad8,43.32023933225844,-69.12183472844222,1112,1039.2
b07f81a1-b7b5-4870-ae0b-767638bddf61,37.710479074839064,-89.42838012594356,129,132.7
205cb9c1-d5a7-4eba-92cd-c949894e0bf6,25.6615831444068,-90.83472086652633,664,542.5
85232ca7-8135-4577-b8d8-4cb8c86e20ae,43.16287623831462,-111.31783381563402,101,105.4
4e0b921e-c228-4b1a-87ca-091c2f62285a,38.5928396932841,-122.24482874477833,5,5.0
491bff3a-6290-4288-860a-3e317e63fa0f,43.548999428948974,-69.23387379418688,51,56.8
fcee677a-ec0a-42c2-8508-245922ad7de0,42.79367480989601,-106.48961972816542,2828,2295.1
0f3b7bc7-0c40-428a-99dd-483b9012e9e3,44.07505179894593,-98.88724762385694,3,3.3
3c51e92f-cf45-4609-8545-79ffd7a5dccf,36.950201660115624,-118.2362433284433,158,159.3
2ffc20e5-6402-4621-9cb1-bf7ba7db3fee,27.508112954837873,-75.62146453535178,16,15.2
a6afadb6-f7ce-4edf-a1ca-639bc59537b6,40.778936834492214,-123.3697218615001,67,79.5
3448a41b-5d1b-4f5f-83ee-c2eaf23ae9ad,39.511844626299265,-75.79454503615331,18,15.6
a40d5264-da21-4b62-9673-12b45c8ba70c,42.55632967997718,-116.72318424550996,393,399.5
c8212fb2-8d48-407a-9822-309a2709ebe6,28.24702515126838,-72.69271735476202,179,166.2
7865ae3b-ca36-4158-96f3-c90459ff083b,28.87437999750723,-81.94341439716672,465,470.1
29419771-d7f1-48ca-8d98-6b0c86cb15ec,46.260237930483214,-115.284454512069,233,237.9
bbdcd37d-2c97-4c76-b2cc-e9db9c70b89e,42.74944496130177,-91.61673842129139,708,591.7
5bdee4ab-d5ff-4473-bdbc-9304811d42b2,46.70571221750807,-106.55327745304206,143,152.2
83dbf699-5988-4fe0-bd3a-acf50b9badd6,42.96788302909802,-114.48424716421658,204,215.0
2c18501e-2544-4df8-a89d-4ae1f9b34cba,38.92888264975755,-74.3082502347446,172,190.5
480a26e5-f448-44a9-a693-a6beff4dc3f9,40.35331842569684,-101.19215677607346,132,110.4
9b393b71-1a22-4afa-9f30-4f13d3261a04,46.22819809850024,-101.48592085244243,374,343.7
4f06c187-3f38-430c-8276-6654ea66fdc7,38.470168862798516,-114.97668618640942,207,219.4
27eb4ba2-2140-47e6-b8b2-39cfa2e12df1,39.809783108209686,-102.39912511093905,323,276.1
4930e7ba-b2ae-4359-8bbb-7ba47cd1e3f0,27.911917900090014,-73.57460606659784,309,331.0
3f67f1d4-f61f-4eab-8c70-72b220d40bac,35.84803050290257,-103.57540608111148,42,34.6
f74928d7-fbbe-4ff3-8dd1-a6a94d47bee2,41.909927798952474,-68.8553898125125,210,196.1
4602bdef-20b5-4136-ac04-08011120446e,30.773567457909135,-69.16777494670514,45,51.2
9e6209bf-5ae9-4dd3-8051-9d1936a54fa2,29.056354513113373,-116.45097910086659,175,194.2
2e16571a-ccd6-4d95-97f9-724f5746da71,31.84567020561039,-114.53863604216396,226,239.1
e2bb7e78-0760-42f1-ab22-9ac61e21db0f,30.037515699820837,-74.10222985041854,1178,1352.6
06e00389-4196-4dd0-936b-513cf94b46f6,29.372815925909897,-101.82710578344157,6,6.5
5540b8d2-8183-40a2-91ae-fc0606047c91,34.621271071702175,-124.74193504530245,19,19.1
ab31d0ce-029a-406b-a04c-89e326aa8908,46.69596284708835,-108.8415626373831,16,19.1
51575280-e12a-4a70-8b81-b4b9218e2a7f,36.676491168467955,-89.73988940146197,102,110.0
aeb60098-d16a-434d-988b-1da487260d5e,28.698009520383074,-77.84330800836189,345,359.0
f0b17d00-478b-4b7b-9c64-00df57d360d4,25.92429173452185,-117.13007159149768,372,358.4
ff1217a9-4183-4c30-88f8-7ba0c787bbf8,41.403903628448134,-118.47805949941261,267,310.0
7f8f2f19-c726-4463-9371-5b155094b8ce,33.569969110909696,-70.59653343923245,454,416.9
8e51611f-05a9-4a36-bb02-130d8336118a,44.545773664633984,-80.68224629846762,78,62.7
ad7dd0d0-8083-4521-973b-591d7f0fd528,40.48776921601926,-90.20300355409337,18,15.8
1ecee4c1-f661-4395-aacd-a8d1e70ac0ae,43.90603626353421,-79.61797939024024,12,10.1
59af7d6d-b694-4126-90a7-d391d012d1dd,30.79865098546122,-99.69759268290834,382,354.3
9caea0c0-4855-44c9-8a8c-7762c38f8c61,41.30897306152645,-80.25111090876153,262,296.2
777884ac-a008-45ad-a90c-93ff092fe19e,30.601549617342968,-103.06362351480239,240,254.5
b4bc1312-4f2f-4aeb-8e8b-f6bab3ca4c09,47.476711986257286,-110.59842022293645,83,72.0
121880d7-219b-4451-b520-0a3c71d4282f,39.90935703833436,-81.98820814371484,96,107.1
9d3d3c57-ab05-48f2-bf0c-57c2316724c4,32.11279500438355,-100.23933476272117,635,636.1
8a48fe49-21cc-4654-a113-3fbe9559e0e6,30.737796557306815,-67.0987508447545,13,13.1
584f45b2-d94c-4461-812a-910e9757ff55,28.773164626791086,-104.38037424382205,297,280.6
4c7f8588-656d-4362-8de7-8c441b59024a,41.3660239723432,-70.6180821886671,74,84.8
deb02c3e-78d1-4324-b1ad-2e7224ec8069,29.467890324948183,-69.95520963454231,8,7.4
bd56c339-0139-4476-bdc2-b51460b21937,38.88258164818723,-110.73067612317998,271,227.0
a7c16617-fb25-4da4-969a-b66ac4d15f53,30.615875673133935,-77.90495028630721,80,73.7
f4e7a07c-a75a-4bbe-a909-27bb0c714e52,40.549223619846714,-99.44860419647065,256,278.1
0aef2e2e-b6ba-4153-8136-f6920ad7d547,44.373493213513484,-70.86604109340946,246,261.5
527ec5cd-358b-4af2-8e63-1b87d157085d,43.450631078616325,-98.44266791452091,153,133.9
9a13efc3-4819-4e7d-aff5-12536f918c8f,43.021283273269546,-81.0860806770954,300,253.4
791c1380-9480-4409-9b8c-a2505bf11e8f,28.6930601423063,-97.44892285933592,174,185.2
02e61d4d-f6b7-4f5f-9819-233944ddfbd3,26.209623674612967,-111.55975541294148,68,72.8
5ef7c358-5fe0-4db3-a605-28b59fe6dbb9,41.473720712184644,-113.2383423922635,265,250.8
7298aded-2571-4ff6-b208-e6efcba5e28f,33.208680344858784,-99.89955953887561,178,202.4
13bedc25-da8f-4032-a93d-48f571c73a2e,34.80865566008368,-80.42581523616133,3,3.6
17e0adfb-fcb6-4fe9-978c-61f2374f7f3b,24.778727319834775,-89.30078237433476,464,409.4
1f8fb9b9-e3b8-4ebb-8365-f81ff0bb1fe7,30.48941123187623,-84.37087189586795,158,162.9
8b6538aa-6ce1-472c-9ba9-2b49eb01ec5f,24.8419100968616,-108.3427453068154,406,325.7
12be8ec2-018c-4ad5-880b-a98073a4d277,45.979644315031194,-96.59531458850128,429,465.6
ea6f5f7e-c501-43dc-9782-c7cf5ccc2fb1,30.084917080463264,-122.3806793668097,118,114.0
e37d763b-e90b-49ad-87a1-850007713d77,37.9334292393252,-76.76558745847089,142,124.6
073e22d7-5a9c-423a-be87-92c473200c30,24.97448301652826,-66.5963624278474,107,117.8
a2c65d30-2608-49e8-8662-361ddf8b6f73,40.67118478264145,-100.99413530514443,119,133.8
bab7bb26-6928-4356-bdc8-39fff2acf2e1,32.075683643852344,-124.35314446523894,451,380.9
c41a3bfe-3158-446c-b5eb-6738fd62a986,46.447979673941646,-114.9822342664941,310,253.1
77ee0fe5-4ec3-41cd-a320-1d3d45e32bf9,46.2029547233509,-86.50091421272529,27,25.2
6ad57b3b-1b95-487c-a476-efdc57dfa1fb,32.132265459043694,-88.8873202259723,188,197.5
992fd63a-5ffd-4bbc-9600-a6527b581915,46.5240223922617,-78.5159815444529,1100,1229.1
ef94d000-5053-4e1c-ba18-07e1286ea57e,48.903941837469475,-110.02084335329698,181,184.3
d16b6e94-f2a4-4483-b601-0ac25f70e82a,44.6353916030987,-79.94571698271909,308,317.9
7374c9b7-ee52-478c-b25e-bd13a8951530,45.12178369388073,-84.40894273010349,293,328.1
70bcc1b4-22d0-474a-baca-87bd9881661f,30.225218402727247,-105.95394463488324,86,87.0
bb2c827a-4f9f-4341-8cfd-fd2b248045d9,38.41755997144391,-92.81619926463924,93,97.1
e8780d48-fdc6-4784-bc74-5dca3baa81f5,25.681397849184197,-116.31084529859872,258,259.7
5e3adaba-19c3-476f-b867-480db267cbd9,26.372948420541743,-98.29869429730063,733,844.6
b34c34d1-f74e-4d7f-ab6f-db2531381edb,48.972315300832264,-73.00935696621718,169,151.1
5ea5b5e0-6557-4bd8-bd44-9b88a6a7215e,32.16598123564778,-100.14970859030194,250,226.4
e7991531-6bb5-4f05-a3a9-e88b5619d655,42.704597801221155,-75.46556431795011,301,256.2
24b6b5e8-a235-4889-afd5-af4f0a531e3b,44.16662632567041,-90.17505144967802,63,71.1
a3ffe836-c9f1-42f4-9513-8bde2e964653,45.45058177518073,-113.67927392696095,32,30.9
f9adb42b-02e1-46ca-8939-b918fe48fdf3,48.94070743505391,-90.71473156282411,69,64.8
61cb3892-e7e4-4571-a021-caf03bc4e062,30.037412131421696,-95.14698357973326,142,169.3
22496644-b079-48b2-aedf-4d80c37c932f,25.008770671492492,-101.48016122341335,84,98.3
a5cf9fea-31ec-42ca-b595-752380938d10,34.27978794986465,-117.94180406855185,168,199.7
e5d77bc9-e379-446a-b16f-1f5e322cf807,27.252016745723672,-100.41418883301344,11,9.4
948efb15-290e-4b30-811f-1f9854e8301e,24.560647229051376,-120.707019801862,143,165.4
430967f5-6a46-4867-9ec3-67dca2f58081,33.01067067853715,-119.17262596747368,92,85.7
8bfc9d6b-aa20-460a-8590-70f444bfcde6,43.593456276880914,-100.46092455696976,153,123.2
07a65f40-aeda-475a-aec3-bd6fd250599f,38.15451728062677,-106.98249256386065,110,105.2
0ed02ab6-d7af-4bfb-84df-6346c26b9bc1,31.819449730258853,-70.39288477412882,67,67.2
06495d63-d2b5-480f-b2c4-1272d0b5e972,40.35855013731799,-102.83335748256404,469,395.5
e8b8f34f-4eda-4343-8a09-3a3eca50edcb,29.800454507720268,-80.28637079774609,41,41.6
d8456983-e301-458f-b155-d2f8a35c63af,24.359536151802125,-93.71539594439167,229,258.3
cfa1a71b-acb2-4220-9cdf-e87bd6dbb8ab,43.10883466091069,-83.45894555010221,517,491.7
1785e40a-f329-4522-ab62-3ffd49034390,39.59357712160023,-109.65315700209145,155,145.9
b7bca049-58ea-489f-9b58-67d189e7c1c0,43.057565612524,-69.42760660253859,418,391.0
0d02d8ba-6bfa-43fb-9467-c11940899180,24.97345041719164,-93.72477868204899,27,31.6
1ebc3597-4533-4c61-9517-c2d43355dc68,44.927990695766304,-75.95187979417027,136,111.5
6020ff82-55fb-4926-8862-83f3b6fc6875,39.48815500090758,-103.4623040849093,122,119.3
f00d6f53-6d6e-4d8e-84c5-456fd76182fe,38.084883767816,-119.08753040601906,2,1.8
8e495f5d-e2a6-4ccf-8bde-32b410daf0db,39.61535120286329,-85.25101278446992,117,135.4
e1a6d29d-235f-4bf4-bdf1-403b5822e85e,45.6108311717091,-124.54218074809195,92,77.1
31ba796b-9b17-42c2-a136-a23bb1fe22eb,38.67341266397268,-96.957714382635,222,214.1
b59a7344-6602-4593-93e2-c0ac70a88321,38.52375949720448,-113.6246877426789,557,536.2
a40f11ba-f7a4-4cf5-b4dd-ee9d1927e8db,48.76697892664414,-87.98484523831362,18,20.8
ade25bad-4839-4e48-9367-b25424057b1b,42.9182541767142,-67.21422748486671,79,70.0
442ef588-b2b6-40bf-aa2a-563aaad2d7dc,35.057345136278386,-97.6002285270819,117,123.8
104b857d-e8fd-4380-b988-faf46f0e13a9,41.68492500082319,-76.76760286498566,121,103.3
82fbc9e1-1372-49ed-b2a6-337da5025468,33.730761792294714,-95.04073296988386,298,352.1
86ec51bb-b395-42c4-a608-9889ad0d8444,29.721886562087477,-95.74543816486258,117,121.4
916bdee9-7d13-4f51-af51-46ffb2676780,38.92129692219399,-70.1050139024521,6,6.3
8ba072d0-6904-4143-82df-383dd9241b42,47.20455245284879,-72.49201374394579,248,241.4
6ca89b49-3157-4c5e-bc9e-64b088bf6f28,47.22848800038657,-78.63777255390951,432,404.7
15923f5a-0431-45ef-ac77-187bcf6fe193,32.54763195263726,-107.52091055430974,144,127.5
1b83aa31-c9c0-4ae2-93c2-e358605289bf,37.19193665554238,-92.8445034722875,174,181.2
073b1570-32e0-4c24-bfc6-da279e323344,29.29089746424653,-111.79006323496458,36,42.5
84bae2f6-b2d7-44dc-9766-84aaf23422d9,48.890777737472085,-98.80891481525416,50,47.2
3decec42-a6a6-4ab7-9cb9-89bb21134c2c,48.52794769669839,-96.43142912017235,54,62.3
65c06fd3-e97b-4a07-8643-5320bb4790e4,40.23772324268619,-75.93323763000947,113,97.1
d940441b-2899-47c0-b984-1ef7b2d7c852,44.11035149193684,-72.13432644582541,527,618.9
61812855-3c92-45df-a797-b35820d70f32,41.8775040320925,-100.53741631860781,148,139.1
a6259498-6fd6-476b-aab9-be8622fa1e8b,38.8289554759867,-123.955437740679,43,40.9
aeb64bb9-6c7e-4892-99cf-c13758f5872b,25.333699924722442,-74.15534345242807,62,61.1
2f826e76-6635-4325-b8a2-b32d12666300,35.369108563816525,-114.71755796841973,97,105.5
1620c3f8-d7e1-4241-9882-fded55f79044,40.86965755418527,-88.30896413046679,195,212.1
2fe82e18-881a-43b2-bc60-a599ef69f7f2,40.93829034709212,-123.52671687438625,116,115.1
df874475-1115-4f64-8aa0-93600eb4e312,33.328065460559586,-101.42911795962671,100,100.9
4282ebe7-bb6d-4143-87db-6eee78fe7b93,47.54229966645076,-66.82834217519436,166,134.8
e2e4fbc1-fff4-4729-bf4e-a1136669d5b5,28.183925805919525,-119.05907753487561,55,50.7
d715e535-e300-446f-ba61-947fc4b9dd1d,36.50898615538902,-100.00210403202111,16,15.0
ded8da5d-8688-4ad9-b82b-2acfd516a3b1,41.27209941377057,-106.87815293879282,5,5.1
d1c9d8ab-a26e-42b7-b57e-e6598a9a8ecd,41.428395147295234,-71.59980072009242,58,59.4
20e67fd4-8ab3-4fd4-8820-ddd81fa3d35a,40.21597391922039,-73.70893363346605,19,20.6
31deedb5-af9b-4c3d-9815-91ba9803cd67,30.882205336296504,-110.9757731419325,82,89.1
a0b72c85-9f26-4846-8f98-9ea52b1a5ff3,27.90516421716555,-120.20992056402456,297,265.5
e14dc483-8692-4466-b27f-1024ed25e4ce,39.89850817066777,-87.99883475039407,252,279.2
85882b17-847d-4b10-af44-3efb0b0c903d,38.982552903485946,-105.15424599886113,189,152.7
edd672ac-51a6-458a-9ba2-63ae98c23937,28.483900257231024,-85.34702095424228,383,416.1
f5003990-12a4-41c0-a93d-5a4dc9b4647a,41.62847863926409,-123.10493439199895,66,55.5
052b8b69-f6f9-4ce7-bd34-6dc2194a18b3,35.37929979334141,-117.12944512452812,433,472.8
5ed31a98-a882-4eb2-aafc-9969b09b6cd3,40.694014790078825,-84.50403826641404,102,103.1
fdb5023e-5766-431b-b2a2-5f79b255d9b4,44.93417699425377,-112.47013133715264,102,99.4
5a1e7786-c262-4a33-9e38-e4b77a82016e,28.24321071442308,-74.4023271300183,104,111.9
7d973724-995a-4757-ab2a-831836850e12,24.478621699920918,-121.543137625102,21,17.1
b0d0a434-7eb8-4f65-bd86-ddd4085674d4,43.47756465989467,-112.2865630156511,742,659.9
55324560-1b6d-4c13-a9d0-a65c905cceb5,39.2424356288154,-66.08494533938095,30,31.4
f9398bbc-8370-491e-9040-7c7cfcbcd740,41.49098924055304,-99.44850994737924,83,94.5
748927d0-0809-4cf0-9e19-7b1a3a2e7c41,44.953874374716065,-83.52502585086603,77,73.3
3b094605-d03b-4de4-b4dc-9842a3a20797,44.07027337061251,-114.22288011743619,16,14.5
acadf6b1-54fb-4b12-9a66-66109b5b3ef2,48.023003673220614,-89.01774463585328,33,33.2
61e0c587-4d27-42ab-a72e-af3c27da5cb4,37.39837697130295,-82.15974196620431,9,9.4
4f425f73-0acc-4248-832f-e461a7e342a8,36.21239081649763,-106.44587848387587,69,66.8
ddd41976-9e76-4877-97c4-beb938ed10fa,34.04717999726825,-76.09507039342321,403,463.7
cda9b58f-44e9-488b-a873-140c83f679b4,27.842276071105115,-89.39836287013529,83,83.8
6a8cba04-296d-4546-b17f-554e13a3560f,38.315180822050564,-102.04174243271322,26,21.2
7c353db4-a433-4913-aa33-58f3f8a744e3,30.92531310814947,-92.09909879275364,208,185.0
48384635-b17d-4a3e-983c-8b6bb54011ca,47.032687805324386,-90.97111000128046,1137,1114.6
d2316b6f-e4ef-45a3-b108-522268bf8133,38.57977010692744,-115.2334177310619,53,57.2
965ee7d9-b21d-411e-9d78-4db0e93fa80b,38.82100451270276,-101.238790177849,66,58.6
ddb2ba46-e1fd-43a7-9064-1c134cb3560d,32.873116521925255,-104.73759530684991,714,850.0
b91f899c-e742-492c-97e9-14f12e55f17d,25.299733799442688,-101.34673936783156,39,36.2
6ed10147-fd5f-4436-982f-e8a4aa2cd100,24.793594134324714,-80.09447527936979,143,144.9
780e1329-37dd-4f9d-b455-1180e8f9417d,34.583378603829935,-96.53023395946632,55,44.4
c1bbd722-f9c7-4b43-b47d-d752d9115817,26.114134452430946,-69.52134695888341,539,622.0
dddaa757-b3ac-42a5-8336-cbaf9a3537cf,39.171173888503475,-107.67309161185227,798,890.2
05564fc3-4e5b-4a11-97f5-9d06c079a5cb,46.02432514099144,-100.47348888118918,337,295.9
3d62f416-c734-4f39-875f-054446684f62,46.07287041296806,-78.56954818173656,76,89.2
9d94df83-341b-4f82-821a-6ae09920ffa8,40.47613525330581,-92.78454899407573,103,95.4
3c033a8d-bd84-4e32-a565-76ddc3c413c2,29.280795786823276,-92.72533936095758,55,59.2
de11971e-4b39-4cc4-bbf1-907006e7b2c8,45.574920783971805,-121.85293038269417,443,499.5
2c75a91c-3110-4d16-8c0e-658ef8fef40b,46.1523358828302,-101.48261989961111,492,539.4
c2c73702-c0fb-468c-accb-f4e0bfed7b2f,28.916339623823966,-109.02670978711778,109,127.2
df41204c-272a-4be1-bf58-12d4658be537,42.43565214426693,-66.0392277529642,214,245.2
a8ec4b42-8991-48cb-a3a1-cf7151df2e98,31.162988723178074,-106.80705083269369,36,43.1
80240511-b82d-4b42-86a8-cff7018fb594,44.066007808823244,-72.81470444716206,114,99.5
e3ea24c5-e3bd-4e45-9819-ca554b1d52b3,48.93094749759007,-85.10220963261183,200,184.4
753ec8ec-11df-42a7-b547-91e7e5d7de0c,24.75065013323482,-104.88593185766666,97,102.3
dcfb5e36-5771-46ef-9f30-6687e050788d,46.43414664477329,-92.9314716759267,89,97.3
eeac500b-ed0a-4d55-afae-eba590500549,39.56576333996645,-75.40838308299757,0,0.0
38cb7a8a-035c-4fc9-98b8-66949ffdf31e,48.33456547912053,-72.88127041617619,326,270.4
92f694db-bebe-4ba2-b857-555a435675de,35.625237938160694,-115.53676137463744,440,500.1
5a61b165-5cc5-4176-8f33-6db55a30c61d,45.18469826428434,-104.965184668718,698,826.7
5220e9be-2955-4247-a58e-62246dcd7b18,25.55985171495693,-105.22183236739927,254,244.4
f7ed33cf-7f60-4a71-8ab7-28e70afea87d,32.3819762519574,-122.51935703151926,159,141.5
cdc5cea1-f7e2-4fca-b5df-3594204c3c61,25.67541344378025,-89.7039721687381,63,50.9
55b5f3a3-68db-4248-820e-f130d42ef38d,48.38357833697677,-74.56561687346091,1453,1300.3
c4a26ac7-f213-4c8c-8f46-9f69ffc61313,44.42434768179592,-102.48711111829445,178,192.2
f23bde3f-5844-4173-a9ff-c2a2beccb18f,45.31368553114926,-81.33787924593355,229,266.7
b4932dcf-dd8c-4ab2-8117-bfb15752ec5c,47.44913078584736,-87.96567559755636,229,191.8
10dbe1ad-1abe-4006-a6e1-2bddddc5c59f,26.127587152994636,-102.83672460591295,373,380.9
5b7ad3f1-c0d8-41d9-a38b-2a16372fd928,33.63993981283333,-116.67747182995447,2,2.2
97dad8e6-7682-4d0b-8964-17e9f92e62d1,25.775872226100052,-83.14989268621792,50,45.5
966547b3-81b0-47ee-bd1d-d24e93237bc7,29.269827538750715,-74.58065503246681,219,225.1
dda0956e-cd92-435f-960e-b68be39e4afe,29.734144425941807,-84.53458494831199,451,489.8
7ead509f-8ab7-4b20-9c89-543a9fc5b8de,35.72768027618947,-123.94516944194574,231,262.2
2efb4f31-5024-4bc6-9fc0-4c15588fd52e,30.714054186341066,-112.24225923093152,107,105.0
11e5d6a7-1d62-447c-bf3f-49e6d9692d0c,26.524452670444028,-120.90068089187162,90,98.9
88b52c49-bad6-4053-8d9a-07e342e794d6,28.187277227352695,-91.34722012500262,268,246.8
d2789e52-59cd-4743-a343-855ad3d02716,27.681889088802272,-80.36781694841567,270,239.0
98bad057-75ff-4377-a662-75ed33ed1314,48.326919947807454,-118.4758279629491,450,393.7
1ec18606-d862-4c81-a08d-936f2bc08d1a,42.98231267296184,-75.53806858499027,69,65.1
31a1982e-07ec-4b42-b888-f4c149376d66,48.19403663173905,-92.22497027466649,518,421.8
38bdab67-bf16-45d7-9304-1aebb1d807f2,34.99351216269771,-84.29182828363824,161,147.0
6c2d21ca-0255-41fa-ad6c-14bcdad172c5,30.959212041566417,-67.68729093208987,313,332.1
efee9917-7135-4278-b549-8bc4ec4fae67,43.95732993022966,-120.06282169338586,48,50.8
dcb02d6e-2eb2-41bc-93ae-8da299a60823,32.15634795102867,-71.82778264431043,84,69.7
2f52c977-94ad-4985-8b4e-27ae0a431d31,31.484584342633706,-117.55994093674285,415,379.7
dd030762-8692-4ccf-aa2d-7375d27ccd5d,29.81264980519578,-101.81543040843574,10,10.3
9024da65-3158-4b8a-92fd-636712efc494,27.241974455605884,-74.76511691646425,144,133.5
fad13622-d228-4c04-9a9d-c8ab1c436dcf,30.41157652541915,-71.53100003246578,131,126.7
57dfddb8-4c68-4f97-8d8a-a729250beca8,32.88299371184719,-95.12407126083642,278,301.7
f4070800-2803-4eea-b30d-c7b54b5a8b4f,40.84985520364326,-89.94782634174992,66,53.0
d1c63c6b-91ab-4e5f-9770-7aa425766269,25.56412105548629,-83.21930725868512,49,44.6
86fd564d-6128-4c5f-aaa2-ee5c964926c7,29.262673491633574,-75.86723856128987,521,446.5
5418edff-cb86-4ed0-8836-3f3d249f4fd5,44.22559100729191,-117.83084099727769,170,144.7
09ff2f1f-90dd-4cf9-8858-980179a35d59,27.673048089594268,-77.20591081447557,22,26.0
80f8d34a-cf38-4b61-a7a9-03e88334023e,32.56612866306304,-96.6047071198146,43,40.9
2d09852b-54ef-4dbf-95a8-d4a0a730286b,45.61647304645351,-98.41321791861803,1349,1363.6
8da0e1f6-b722-4eaf-977a-b0a920c50a30,27.873132778586065,-99.9899146321771,44,48.1
bac748ba-4c25-4111-9784-7a9034af466b,26.068420890454746,-94.95651647048348,189,154.8
53d84922-ee57-45aa-bb8b-02e32ee7e7f5,36.11344987700027,-69.2420173497184,109,97.7
57225345-f832-4e82-a811-e896c07382ea,31.56048778196341,-92.65597740526306,434,491.7
2b6805d0-1d38-4524-bf56-4aa40560a9b2,38.08520911209635,-68.7625252424748,281,321.7
38f8cd9d-c56b-4d92-9126-36ae5ecdc27a,44.095122262086875,-114.3628822936772,182,172.8
d6ddbdfe-e216-4a59-ae3d-d1d01d5229ed,27.428712203818577,-82.27597724887465,2,1.9
383a639e-f632-4333-856c-b539b8b7eb70,38.517477113857126,-77.07786722208391,424,467.6
c1da0b62-33c5-47ef-887d-8df303820e72,36.6377190097466,-84.93139895124315,118,108.3
abf777b3-9320-49cb-8a36-005545e2b82d,27.60196965032999,-89.19158546663411,536,453.9
f752727f-d6fc-47f5-8b77-e451c3fcfb0d,39.59996213822456,-91.67604591591524,137,123.7
7c2773f4-ed08-4366-a7e4-93972a3a349f,30.84101044651929,-74.20510152785694,237,226.3
8caf625c-ff98-4228-8c9b-d7849146227f,36.19585796360031,-76.5228507672945,14,11.5
f92e6f80-3361-4a70-ae79-7dfbd334a347,26.056808106926546,-117.78496545034463,273,270.7
bf7636b6-8311-484c-a883-f0c25cf34ed5,35.48960143034058,-74.93332823517818,82,89.9
a00ed8d4-5617-4d8a-80c4-9480c18d7223,31.661586701070508,-100.56995145301389,87,87.5
3f9e149f-e5a1-4a91-852f-203e98278fd6,44.55953027963386,-110.03188703024716,25,20.7
6ea54abf-182a-4925-a0d4-23cdefd0f7dd,25.42446817493421,-73.68365448717837,32,31.2
5b312031-c386-4d10-a160-8e6bf08902fc,34.46518187295825,-99.51053682160924,41,44.4
b1156632-8906-4e4f-ad90-477c38ca4005,35.46078560328595,-77.30648327956781,80,65.9
e3eae79c-c258-41e1-9abf-97aa3951ffea,42.12515190747797,-109.45918689460518,445,366.7
eeaaf297-3b95-40ea-bdf4-9372b49c9802,38.357189377255274,-124.76817003608915,92,87.2
1c32bb7c-3bb6-4d44-9ec8-5784294a5756,40.68030842985453,-95.76790761872628,258,226.5
ce6d7962-69a6-4a31-b79c-d21580feac60,43.4262321412939,-119.08653285806983,17,20.0
dd4bdc25-094f-4b1f-bc71-17e1aa2c668e,45.55507434145472,-80.49181862403033,179,184.8
7335f74b-33fd-4fb4-9eeb-d7fda1cd9353,31.846887418061762,-108.71156697190479,132,120.8
f3c5c4c4-67f9-41a9-8c32-8d65dd054a26,37.450567634097574,-98.82490685039475,763,825.5
4595043a-bce1-4e91-b73b-77c12b164893,45.00270196098,-119.8650196595983,374,355.3
c9ad3166-68c2-4a92-bdf0-99bc7a5ab3a8,48.73627827412641,-108.08710434161209,121,103.2
f1669e4c-61e1-4593-bdf2-00abbc39c825,46.23798277609408,-78.89207564774426,298,266.7
6ba71281-21f0-4782-bcc2-61f11a954711,33.28668156560942,-116.05631319776315,43,45.5
cf59a861-325f-4aa4-971b-3c92c1ffe4c8,28.87916293046626,-86.81758589350952,165,135.4
7a123a48-ef42-4df5-bb38-306e961a668d,36.23481343516472,-70.87187468453443,16,14.5
cd02bd61-fd92-4f2d-b28b-aa813167296f,42.54103629590105,-84.8896311742945,86,76.0
8bbcbb87-7d79-409b-94bb-02a42fd4a2d4,36.31422676883244,-77.14972033175862,51,44.9
1ba5f04f-91a4-4cd2-88b7-c6b47882a6c6,36.079521582841714,-118.57067387106896,254,272.6
2ca4f8f7-dbfc-4349-919f-66e0d43a87f3,44.955760527045015,-110.20682226587878,135,152.6
1037a8aa-9a21-4594-8d52-48192a678a39,33.03509447667966,-72.22220771780513,278,302.0
8fcf4a3c-8c01-40fb-af7d-e20ca1447967,45.49486687029114,-82.80876879653275,145,153.5
7fdd857a-0ce1-458f-ac21-e313f9c1166b,34.17012002379309,-87.26632424373864,18,21.0
0873d457-8810-4a4d-ac8a-245677d5a31f,32.205827641958486,-85.8377625688197,266,219.0
365c08f9-8424-4c94-b3c7-2bfdc8d5d23b,35.34974777999248,-100.56216729602605,358,310.4
3f73c4f1-646f-4c34-8427-db44c1270772,43.061173966871706,-122.37115873455846,468,452.0
3b9efaa7-4311-4d2d-89a1-b8088787f1bf,27.150050696599855,-78.71794901782698,170,161.3
d345e85b-47f5-4331-b7cc-8575b45cd529,28.910480396800434,-84.95591906329412,280,270.8
504a9469-3261-4074-82e3-5f43db2c62aa,47.7861206415773,-97.10453661734924,279,246.2
5ee26aa1-6f7d-47ab-905e-9e1f4d2b53a6,28.387290684533934,-71.9141826932728,34,29.2
17f506f9-dbac-40ea-a913-2546de74e831,38.193182948276366,-105.16657976587916,36,36.1
a83f3ce0-a469-4e09-98eb-7284599eace9,38.482861666548445,-107.63501709035708,15,17.6
561506a2-539a-4fed-8b86-c879383c7577,36.24061155125612,-73.50501682031287,77,73.7
11423a7c-ffb4-4f38-8abf-fc0b6857b7ad,40.11863121442046,-77.97772836921985,128,104.6
67b2c78b-ac43-4854-b8e8-c6e5e7d867f7,29.74566814494046,-94.61619117174766,1233,1334.7
987279d1-f0f1-47e4-b377-69d845cf10c6,37.81655669441871,-117.28665037198685,113,103.6
63c65be9-0b52-496d-ad28-9f9fd76b3147,33.30433138117243,-112.31078318356191,259,232.6
ce0433fd-e637-448b-b08e-b3c5b2ba1198,40.54168149072973,-86.2825485658804,236,219.4
b21893ca-ad09-48a1-a877-83e1894a5afc,27.530588584328736,-102.2825669674157,46,50.1
ff5a5c3b-a631-482f-9269-3752bd4fa6b7,38.27193542098691,-75.64808169170769,12,13.5
c2c42b89-9bbf-4b8e-8f15-d5a0020fa9b6,28.631758884583093,-68.95265444939996,158,163.6
86634864-0413-4155-8de5-b19590170844,30.96607657787591,-77.46742140877981,241,223.9
63d5abc1-ea6c-42dd-ab1f-b1e9c13ffcda,29.46774500808958,-102.72482004326213,1270,1173.7
7e8cec02-a1d4-4a0e-b9d3-8d00c0946362,28.57094449672043,-78.46750067534597,89,75.6
4e72ba0a-97f9-417d-918c-b48f223f1a00,44.64277378901667,-104.26494126522968,453,531.5
9db61335-c1bc-443c-8cdc-9c5fc4ce39ec,31.14268919152226,-115.14109482182761,96,101.3
f341f668-5e78-4a7f-898a-df2fcc206bb3,47.178094546611234,-123.02980091291441,234,189.7
133c308e-62e1-44de-99cc-4bd8737f7887,48.248163133629774,-102.24271394709982,182,193.8
6eb6fd6d-a8ac-4f7b-9a4c-18045f5dd90e,38.281511748427434,-71.69000108186037,11,10.8
ba6f3776-1f66-4713-997d-90d6e64c513c,27.57502806664316,-110.89979132241508,16,19.0
995e0a80-5786-485d-bb3c-9a971cca4b53,33.363706084489536,-112.81572326914275,4,4.5
30d26169-618a-4520-92d2-6887b63ae143,43.94330658370535,-67.78057367077862,93,80.8
af06fcc1-bcbd-4424-a0cb-1ac706435c02,33.184768217426765,-123.52475734181506,274,298.1
38696e9b-7920-4c7d-91c0-d2dc389dfccc,26.175430457569718,-78.6388531267685,38,37.8
f6678537-5495-4b32-a490-691446714b96,37.9196227732047,-106.03917261128865,186,162.7
3d8b7276-49e2-4c18-a763-de9edae720ae,45.12802128740087,-122.7882105446901,68,73.4
51fade64-341f-4957-84a5-a6009e7c3e16,43.89815967858756,-70.84965012763456,319,325.0
daca220e-ccf0-4f3e-8fb5-5db113c8dd90,28.37807850325883,-116.76110251763457,320,259.9
236cd9db-8220-4a09-af87-b56347b4a67b,40.81911536031167,-92.44502226018398,299,316.5
832c712b-a1fc-4501-abaf-019165671493,29.512606585891177,-108.83080176165669,149,157.0
ddd21b01-cffb-4941-8fa0-9b7ea07ac082,29.455188363804304,-121.15362467110323,67,57.5
f5e7a2cd-dcce-4145-9f62-58bdd9e672b2,45.85179433262963,-122.05457334586063,332,311.9
c73181e2-7e3e-4ff6-b4c9-7e36fc63558e,30.241723818505754,-118.182154768656,41,42.4
edb833f7-69f7-4a0d-93fb-185e50415eb5,30.58118366295028,-120.78934618052658,68,58.2
68f7a796-8100-47b4-9e84-145654d721ba,24.01633476903249,-80.12707118432455,41,46.8
9ac84c8b-2d6b-47f9-b73b-37ae3b64123e,45.76672585313794,-96.35159406527768,224,181.7
f3cdfe99-148a-42d5-a61a-007755b35fe1,43.814870330228366,-104.7693666104102,232,195.1
925b045c-8358-475f-8e5e-56cdb3dc560f,39.68322337726695,-100.31623430221157,211,178.6
a3fa23ba-9e06-42d5-b91d-16306976aef8,42.75664409847106,-70.19214260121522,107,108.2
11f4a241-508b-4c9f-b66a-498a50401839,27.801214185612295,-71.2656430484493,21,22.0
a6010c20-2e25-411c-b3c4-ac27669af2bf,35.458089864689384,-82.77508767276797,484,465.4
f0d6e085-4b0b-4d53-ad2e-972a307aaea9,32.78048468371952,-72.80373973212042,142,130.0
ea8cb143-f73b-4be4-a2e8-6a08d431e778,26.34441315642541,-106.14076637233013,105,118.0
b03e3832-c073-4587-9f13-b50b2291829f,36.1532621303731,-102.5145497655113,178,147.3
48283620-e179-4bad-af51-b77482655bab,47.01849125856589,-88.79098127060055,43,39.2
27015eab-b6a4-4a67-8e4b-b51f07cdf436,25.001477976267363,-88.20606910946142,28,22.8
ec2f05ab-9c48-49ae-b288-aa401ef06ffe,31.286522837344847,-96.57970955727188,104,83.8
cfff1e18-38da-48c3-8057-d65ae5d0726f,29.188523405142586,-101.36118694216076,52,49.0
8c20cef7-6e38-45da-903c-758ee66ad967,29.953666341642407,-66.81536161508699,56,49.2
5e46c194-bc23-4fe6-bd47-85aa951b5f51,46.710863796984384,-76.55370605905426,446,404.7
d5a1a3eb-1245-4a76-9389-a6fa45093eba,35.701726355857254,-99.33616832460532,151,170.4
8365892e-8034-44fa-934d-aa8d0b895f7e,35.65748532349547,-82.08974384286546,132,114.2
5ad5487f-72dd-4458-a644-82020fd96925,43.01439106138206,-109.0958600981049,234,260.2
f4b1cc46-b653-4ee9-9872-e9122c5b1f4f,27.862305100123145,-119.09000975199754,605,647.4
3debe7bf-e095-42a7-b5f0-c4869afa7a2b,36.18163385250127,-104.2065694923883,24,22.3
d3cbbdb0-9646-436f-9a08-20dd18564cb0,34.74963035302649,-101.22460479271975,359,365.7
a1091f04-7562-4aa7-b9bc-d84807d5e180,38.9227672636664,-124.02430965092043,175,171.1
9931265a-5049-4dbe-8ef9-8e4c6091d8ff,48.988942581260964,-76.92727190348214,32,27.2
995f33cc-1119-4242-9c47-b0ceeb38d802,43.23622235205117,-103.8075892590383,71,82.6
fb53de9e-6ddf-42e8-abae-14223f3677ec,33.94664257543568,-90.75532821897133,132,135.7
0dc3260c-b00d-4c3b-a45b-ea713e2309ac,44.68882630685117,-120.6361719510136,235,270.7
ea115da2-b90c-4524-8b3d-039a31e996c9,28.267709082812004,-114.67518710371554,56,63.3
b8a76df5-f596-4785-a80f-9883c3855c54,24.761592157724003,-72.50807020567396,153,127.3
d4f32bb4-512f-4b6d-b6cc-f0238aba2913,29.111209311606828,-89.08743585491476,231,204.0
fffe5cbf-01a0-4715-9725-46baac6ed136,32.51028890285649,-68.93324103994135,119,102.1
b601b606-f19e-4c5f-beec-1b653a6414d1,36.764518936489,-66.07374797091231,398,450.7
617cce38-9b3c-41dd-b3cb-2fc4530ff797,39.37822851353,-103.06025319534743,407,466.0
f26ee5ce-5dd6-43c7-aa8f-0dc7ef012f78,46.76514293036054,-107.37061921908679,127,128.4
eb344fef-d53f-425b-8f36-0cf16ed26f98,36.746350238761444,-74.3569927456133,722,607.7
4ddda8f1-7aab-435e-9701-1bebc3e72036,36.53189111564323,-66.0819258047902,16,13.7
4ad86bd4-eb91-4d1d-b457-95d75826ee46,25.256075245574554,-87.85116718028502,1,1.1
3c724d93-5224-423a-847f-38cd11093d97,24.872788816405595,-78.08669737182018,96,112.5
d7be283b-7d79-4879-91e9-06afc21e9f33,37.7789990479093,-78.8769943298988,184,161.9
a8d71b1b-787e-4142-831b-9a400a3e80e5,34.95446533120861,-104.03495721504673,198,159.3
591b8c1b-0ca6-46dd-b61b-931c771a0d3b,44.979509874507464,-91.11804756483185,129,120.3
41754781-ef8e-4531-99b8-31fa89ac7578,28.016989617796128,-75.8496404654114,27,21.9
924a1924-0514-4338-b653-c366244bdfdc,24.62429155292624,-84.40128130059773,37,41.9
df880d9a-8543-40ef-8054-d011038e424e,35.225969198253146,-123.75133497505975,382,380.7
781f54f4-12c9-4dca-af0d-718c22f834f7,29.936963918806438,-105.13436553504552,405,428.0
eb5c3e7b-bfde-4657-8b3a-bc7c4d7a5355,25.240359333470938,-116.47593390091828,224,216.1
740a8450-55f1-4f7e-b203-86b3cf58b1ae,42.114957171190724,-111.25463948739569,218,204.5
afa7234c-816b-42f9-9ca9-e3b8105f489e,26.789824998931188,-71.57612082801178,182,161.8
202fc1bd-b3aa-473a-8a1a-b4ee9f43f745,39.20798750019429,-122.82329595426468,45,49.9
da705dac-0af0-449b-9aaf-b46b9afceb74,31.026243754172228,-112.0317579942465,112,120.8
a6412cef-6fd2-46c2-9f3f-0648070b9dbb,28.337401258875552,-106.73540821794434,238,224.7
8f06655a-ee93-430e-95d5-646dfc7e1259,33.49378807298294,-88.6038397539827,154,143.0
f41e9a3b-d0a0-4ac5-8d11-ca67fec1fe42,44.03614440557384,-93.48800028493393,4,3.2
a68ea25c-ae37-497f-a738-46e4a038f616,33.80233942261432,-112.12210051165022,614,506.8
972a4638-3081-4923-9aa6-38d71f591a12,42.76924123027639,-115.30977703383388,2009,2108.0
2c35a1c3-8f7a-4963-a6cf-89e20da4d32f,27.137157419978767,-111.02891595882899,60,60.4
0a2edd01-80c2-4ea3-a120-ce4bc65d1512,43.31928549162698,-95.35075202460231,192,187.0
9d0d69d7-136e-498b-a0d6-85d251b4b476,29.923333122666214,-109.000510643039,513,580.2
7a0292a3-e42b-4424-a93a-d1ea1070b231,40.934828247221816,-69.0914524051444,20,20.0
7d16e33d-fa32-40db-a266-149caa8745bb,38.144538871024906,-97.631951935698,140,133.5
47597be8-0cb1-4c73-b1ce-0a54d0e265c6,47.22861793029219,-121.53103502386641,122,105.5
92380cea-2376-4a92-8f5e-aef244e64e66,33.68306294938285,-81.97328205563863,106,119.6
856cdd18-c707-4b3a-aa38-30442b3966e7,25.65412972086101,-105.59812799566961,361,372.0
89098a6c-0ad5-40ff-a697-59d537e43b3b,24.47888713878132,-86.4441530085634,96,80.4
511aa801-badc-405f-bf50-c5adac63e9f9,44.67146402431882,-108.50393213912932,13,13.8
2f98e093-7880-4320-94fa-9d78b75ee2b3,37.11839094153581,-91.32611923773413,14,13.6
fd513e0b-d578-4ac4-be54-29f97f8de556,43.381101295873734,-79.44300221635959,9,10.1
90826d91-c929-463e-9d0e-12a115dcef1e,29.860640000287866,-70.24748423530131,105,122.6
3276cc00-4d56-4a3c-973f-7c300a728fce,32.62709363783084,-109.59349847844845,253,263.2
2f9d0bad-feb5-4dab-a747-7140a48505b1,24.752596805282973,-105.24343989106012,46,50.3
c7473cc6-fd39-4711-8b15-c99bd07c3aab,48.037308114352804,-97.60828120312956,208,171.1
21a25147-4385-4c89-aa51-141abeb9946a,40.69669766752034,-70.29668457357666,232,237.6
869ce5bd-76e0-4433-a61f-f46a0c199069,47.330127193982655,-71.81817544817123,59,65.0
7c2c24ea-cc1e-4451-9a83-7235bc0ede6b,30.637410185726807,-119.69718147406236,184,183.8
623cc2cd-94bf-4f03-bbf5-a83714111222,39.28659028064152,-117.21614028052517,231,239.6
a28d353d-b946-4dee-9b48-2d2a6ca9e22a,40.96249920731594,-95.76495853749235,126,146.1
01a98ca3-23b6-401b-a84b-a6fbf438fb5f,31.93874250643971,-118.70946290448002,82,72.1
8e7ab4db-8ba0-481c-84d5-ae471e667745,45.202730875390756,-104.61072847242684,193,162.0
a722b22a-a7e7-4649-8460-bb27c5385f65,47.67903657250619,-116.24526268516883,762,820.1
e36c7675-ebcb-42a8-9b25-7e4b689dfa40,46.12137794240011,-87.47361904721873,111,125.3
60314afa-f969-4d27-9b91-b5038017cbe5,42.47667439848431,-68.97976952738946,99,112.9
37f1b74d-dbea-47c1-a08a-22f8ffe45c77,30.93661699312385,-66.19270755263149,125,132.1
f493cdef-385d-4e55-ac81-212d8c8e7897,31.040401052640792,-102.86077318268202,16,18.1
1e391f86-bd63-43d9-9db1-3d5da26ba12a,48.08400801115095,-89.65825441023787,161,173.9
e6331328-4cc6-4f29-a70b-a41ff5ce1ed9,24.2571123983923,-74.4802084420792,80,66.8
3099e261-b1bb-475b-b4f8-fc5b5f460540,41.90124933105361,-118.06973770501334,26,28.7
91d2f9ea-7d54-40e8-a5a4-8936c04ec28a,41.65615406388156,-84.31569974793408,126,109.8
8a67ada3-4e94-4cf5-ac57-787d59e10c9c,39.56723852374493,-100.87822395822097,1,0.9
0f08f4e5-1194-4c38-9189-5d19de280a0b,48.752721152171645,-112.83737654347031,103,98.7
7bdf451f-dc40-4144-b9bf-b0b14f1b5ef9,31.79698589409313,-101.23753649390092,22,20.4
41bf55b7-106a-42f8-b03e-73aa870601ce,32.49929659483121,-120.5183430690699,5,4.6
44f89294-b8bd-4c25-9014-0b82b444be18,25.973485073663888,-83.97097823323097,782,678.5
dd4f4861-5a74-4b05-9e8e-2dcf4f3c3829,35.06995341359344,-110.08818254384127,496,455.1
d312724e-d43d-4f30-8d79-f3eb707ef74f,30.526213155871204,-106.6270669423522,47,38.0
78fbaf98-13cb-45e0-b6cb-29d17f653cb2,32.584667554441104,-117.8562034037537,155,153.3
f1eb95fc-1445-49c5-8fb5-616038e54a7b,44.86429475639069,-73.9851122804964,65,72.0
e9dea03f-7d71-40b2-8d43-f5c6e49c3cc2,47.38711283818739,-95.88678752231843,136,155.7
9e574b2b-0726-4940-b510-417fd25f046c,28.643326800129643,-91.24333421060238,115,129.7
921ba76b-daba-4789-bc8e-4f264808a406,33.31272328883665,-91.40347169740357,63,60.9
eab4f85d-9eb7-444b-9e7f-f0d3b527c82f,47.21576405288485,-100.78090624206084,241,263.2
973c99f5-d60f-4974-82c2-85715a558440,25.545211517230566,-113.64073498914978,27,24.7
ca91eecd-2d19-42c6-a646-94fad3f4ca9d,26.309013202784463,-81.0371678385944,11,9.0
4260f83e-971a-4ad4-b077-7433719eb065,28.069774730155736,-117.50368034389722,292,312.6
e51044cf-1836-4003-aa3f-1d7c84d799e7,38.88032085317187,-118.87144637355019,219,232.0
d691af8a-0356-41c4-b0bb-61c31f1baacb,27.761806775149935,-83.1014427818063,138,154.6
434a26c9-d759-4e46-aea6-b581df5c50bc,48.20190953626834,-112.67861579333295,126,131.9
d295b02e-ee7f-45ea-bdb1-568ee4acf40c,35.167863181463005,-106.90040767018289,138,119.1
33c777e8-051c-4100-b4a9-4de95e780a0b,36.53794900875416,-96.96157944689733,115,131.2
dbb56354-677e-4f85-a0e1-b49884fb3a46,30.166465395135162,-98.48827231295678,100,105.1
0f82ea67-2071-423d-869e-b0dab12afad8,35.77400631086834,-83.19383162116505,139,156.1
7759dc84-4ba1-42b5-a800-5ea6d28878ce,40.547840815925284,-88.2175241868417,150,166.4
2e0c82fe-3fcf-45ab-ab0e-1257f4bb4d75,42.77942842385107,-86.98062642536993,235,216.0
7e0e635b-b33e-47fe-939c-ed10dce4b998,42.84670206774783,-82.87079449132801,248,205.8
ed8845fb-11d6-4171-a6e6-5b6119deaa9a,38.44727781735221,-107.73584908201555,95,82.7
d44da16f-fc78-475a-b52a-a64144933b09,46.60899437484643,-105.98233460377206,107,89.6
c1cff6f0-f821-4317-9001-34932b0978c3,44.43519618265273,-99.1581328741623,94,84.4
6b127516-602b-46b1-9ed7-ba10d857c979,42.92620286746563,-106.85973179102196,749,736.9
aea7d597-b572-43a9-bbf1-250b2dbf95c1,25.390138042011515,-66.88866573071905,121,140.7
de2c365a-88c7-4276-85d3-b7c88fd7c723,24.171949055491233,-76.97093634113565,441,506.6
bb7cb810-2e4b-4cad-ae41-e81b19e28f40,29.311181929886825,-115.28537339289426,238,258.8
dacc8bab-06d1-4331-82c7-8406e7caf49b,40.58808984783631,-124.6699448029697,458,370.8
5966785d-5d3d-46db-9b99-67795bdceb93,34.279937222063644,-122.47578717341119,1141,1068.6
58e0b79d-9acc-4fea-9d31-0f6ebd335f4c,34.060156482482796,-110.60025638846741,708,759.6
74418df9-914a-4d72-bdb2-e5434b87b7f5,46.11467220574035,-118.25681413562546,202,172.0
d0164560-4c89-4c2f-b771-eda6e25a9170,46.38907120329597,-93.53305122133824,662,741.7
a0737106-e386-4d8b-ab39-5b1e30070258,46.72938160133964,-74.37828185908583,34,39.6
182631c5-8599-4a55-8e1e-7018c703b976,31.84695191287568,-81.53173696611958,11,10.4
7b75b142-a157-4e93-b039-0465ca6d5ab2,41.27639531848155,-112.27906527815077,173,187.2
74b636ad-5467-44f6-ae3a-9f4e7f3150f0,30.79082953185924,-101.44134389447863,821,705.5
fa9f2c00-a221-4571-bf99-dc0030476689,28.765245826861246,-95.03424163765462,108,116.2
cae80e9c-3127-49d5-b4d0-4fef225e47fa,28.61581143368423,-77.19785487930321,48,38.8
c11a7232-272f-4530-9725-c6daeeadcf8b,32.55269052158985,-75.49182541673628,147,126.5
faa501bb-d10f-4d60-b37f-c37ad09616b1,34.74894049449554,-71.32661959744121,209,226.5
bef7de7e-2d2a-4178-9414-f40aa4c3d13b,44.77372927637671,-94.95453022033037,76,82.4
c3dff8b0-06bf-4deb-a5ef-7709ef097c93,26.997277336817803,-84.03778996028409,251,265.2
b0c027ad-8417-4e2c-b1c9-6a1626338a2b,42.373146184872354,-118.4037780971977,739,732.3
a390e42d-4833-48f6-8ef3-ab1b88299e9f,37.28637285473263,-91.64795136271505,455,486.8
703a181f-4010-4223-b3fd-f1c225d4c7f9,31.19863356689981,-110.32718324120303,69,76.6
05b99858-f42a-417d-8390-3709c10adb80,36.32048961332062,-99.52870378342995,79,93.7
c6f5762a-0c06-4538-9672-15f9f4365383,31.498551744425566,-87.59102000990356,93,107.5
7be95548-bb52-42fd-be5c-c071c3ba1f42,38.90204888095765,-109.83782966662692,100,111.8
a8d4da9c-53f9-4b3e-9a77-de26d2dab203,34.84609807138111,-121.92108158999109,97,104.6
c655ca33-8af2-4096-9be1-647d5dd5e596,28.11013822697197,-124.39620247188331,287,295.5
c10976d6-6956-44fb-9627-4fb3003adba8,26.914576863892417,-123.69258740287323,91,77.2
9188ea6c-e7e3-47db-a7c6-2bd6ce20abb1,37.667392051803255,-124.50736548668759,424,367.3
2f0c3daa-07e8-4a8e-8062-7f66dcc13e10,46.560325832152586,-118.48905166308535,523,590.0
f676a9ed-1282-4d7c-8a8b-d63754fd6174,32.59894216394214,-110.87016584036233,5,5.6
0c38db04-57a2-4b7a-a88a-56e3ce8efe2e,42.325002680565575,-111.94793066324435,893,933.9
a0da5bd8-686e-418b-92b1-fa983ca234cd,40.46653387349417,-66.7790009433861,248,241.9
21a8cbcb-95a1-446e-9b6a-4db959257f98,47.288872857737026,-106.94563979267235,147,119.1
88e500bb-560c-4be4-a4d0-7aeab9ac723d,44.52452543247853,-117.48217378179545,99,92.2
a2130b21-6138-4ab0-b6a5-148d53d04f52,38.165131472636574,-92.81180989410228,146,141.4
0ea0354f-effd-47c5-b2f1-93a50dcfb085,40.425762455852684,-74.380510131547,78,77.6
b305dac9-927c-4ccc-bd41-a3af32c9585d,46.45966166460087,-84.99443776952717,195,228.5
e06e068a-0136-4b6c-969a-36789d4da79f,33.98796961467337,-107.53115674100843,20,16.9
0cea6af3-5b16-485f-bbdb-06bbd12fa89e,32.16986764644443,-91.86464657230417,194,195.5
ce7f32fb-680a-498d-ab23-4df5d416d1b4,24.270277090879908,-82.82349752217587,64,60.6
f374d0df-ec68-4c40-9501-66fa25967100,44.663776854786605,-82.04183495030321,4,4.8
4deea457-dc70-422a-829e-bc4343724cbc,44.024517510084124,-85.67423113743635,161,184.3
9cd4f380-301c-44b6-922d-882ea06f7549,26.611362952503786,-73.62218493823855,173,168.8
fd938d40-9451-451f-8512-f5c117ba4448,38.421434528317505,-73.66377795769785,111,133.2
dafa6891-6e90-4b4d-ad10-fbb45060cd27,35.59954245417218,-90.8427429949868,15,15.1
aeae94fc-7255-403b-af35-c8ca5eb0b9cd,26.967727387727788,-99.63847422243848,448,388.3
ec5b247a-6453-4287-a563-39e3cfc24ac6,48.51420567651809,-87.14735256165912,189,193.2
af43e1d2-27e5-49a7-b20d-845c2c5aeaa9,29.367397186583887,-76.72549191914268,25,22.3
916fb324-afee-4d00-bf30-db970a3c442d,25.68085450226403,-124.6665258143701,143,150.8
18d49f1d-d771-47bb-8535-8109ad0d7fb8,38.87118448754774,-66.47217646812379,138,162.1
4b1a5b85-f18d-4bf0-9369-634c3445c2b9,42.47166692832582,-114.20926743257725,12,13.4
6b68ca79-3dc9-4c84-84f4-a282efb4fbb5,24.811086151179673,-97.25530984606141,187,170.0
b34c303d-dfc2-4eec-bba4-126b8dc4d933,40.467940968175554,-73.55024564427086,330,303.2
4875cd42-7bdd-4f5d-ad73-292768dfe1fe,37.30729689878636,-111.72261645639225,276,228.4
0a9594b7-fcf0-4c77-93be-a8a16a020191,26.58162522187621,-96.86908178987738,45,41.1
5bc4bb23-e6e5-4955-96fd-33dbd8ff2a7a,28.313096923659053,-117.17765136931042,397,332.3
1c23d4e7-0793-4e51-a584-51619c563caf,38.19935743290201,-101.69049680209663,84,84.0
414edc71-789b-4c6c-a55c-3d5352b060d9,31.40894033783221,-114.54900816721285,586,634.8
24afa02e-f8ee-499d-9b5a-743f9b7d95cb,47.4578932162829,-103.54596282250174,15,16.5
c120857c-81d0-4a30-843a-f1558f109c89,44.46850573710127,-102.9656112092294,133,109.6
cf418467-d6a9-4ee0-b0a1-88e4df99a06d,48.58918016284157,-66.40292341369837,182,170.3
27d5be49-702c-4f4d-832b-2f960cd8edfe,30.49177097376035,-66.30603127107744,57,52.2
11208df8-a7e5-4c12-bd95-923ac0791c43,48.24309081994943,-118.22760955902386,710,597.6
a2d513fa-a217-42fc-ae3e-8888869a8732,34.780846744788946,-82.16784201962751,197,186.2
6d0958a0-1fda-417b-b8ee-8fab917bbc51,32.687969882843866,-121.94701669952303,4,3.7
9c0141f2-fa8b-46f3-8575-a0f9235a9186,25.25873817423383,-123.21867109510588,187,197.1
aa047198-3a06-498a-8378-0303f2b4fb44,25.319131446490065,-118.78530023954711,135,155.7
b99c1681-f311-46f9-bd67-b852d3d4d9b1,41.30028139866637,-68.0363462365319,44,43.2
07485a15-91ec-4aee-bda3-f8de427232b8,35.4482248608507,-69.48905067421285,1092,1199.7
b572e095-a40a-4d7f-bd54-1e3dadd1dbaa,29.663040650902644,-113.55825860343985,455,390.6
f8acafff-1b1c-43dc-a6de-fff7546bec71,39.34925765813082,-115.46133220233102,69,79.9
b214fac4-af77-4903-8992-f787b71abe57,30.321452956252777,-110.80842989555913,156,134.3
7df8aea6-cb79-454a-a4a4-cf7133cacff3,38.44079385861056,-94.58272734956661,76,66.6
be7c1fd8-f18a-43c4-8c31-4ca52baaf4fa,32.980218674567254,-91.38742670991081,299,251.9
f9253678-e24f-447a-b2e0-92a032ef06be,44.588805665295475,-111.9259876040726,533,492.4
06c9fb21-f050-4f6f-a824-7de895770fe3,44.51740401916948,-80.35925550269323,89,90.9
30684489-db9d-4a4b-adb1-35b9473a31ca,35.93375995306003,-106.7363630052436,328,392.0
0d36af83-d026-457c-9c65-bcb8554b8002,32.77047773337539,-70.59425179376478,138,154.2
2887f250-a0fe-4b49-8fdc-f25b61dd99d7,33.06399491397737,-86.25336031905289,101,96.2
2f1ca7ba-b01c-4a74-b24c-bbf093734d1b,44.14286314170545,-99.2552795360869,557,573.9
af73559c-a9be-43e8-b2f1-155a44bb32fd,32.2044870699403,-78.39519189953212,143,150.1
63eda23c-3595-4e40-9deb-8d6fd9585428,29.22648434267115,-76.74303706324679,126,142.3
a8749d07-0b71-49b6-a501-10afeadd1843,26.117208546882672,-107.86158526907232,223,244.1
6321d026-29af-49b5-8409-5f4753eb62fb,35.66732802211021,-104.95684191367103,61,62.7
14580264-27b6-4ede-bef0-d259faba423a,36.053302472996045,-69.7786459300124,79,84.3
07e59870-ab31-4e1b-b0a5-0fb332d5db9b,45.02271776007268,-115.28027873656696,538,590.9
80fbbb68-9f2e-4d91-9d0f-df1b67e3b46d,29.5309674111516,-122.51312539918688,227,193.7
7bd347c8-355b-4bbd-bfb3-c9e0ef8a2243,33.524781841709995,-98.2107359660366,350,308.1
57990dde-988a-4d7f-98fc-d52008985a5c,44.210143472342274,-77.72861588562589,63,67.8
c7981aba-51fb-4596-bf74-ec6f1be750dc,44.59059026872434,-79.471581727666,157,179.0
f78dbeb3-9266-47f2-bf1d-e7975eee27f1,33.61527689946921,-70.74769289414289,711,685.2
c1efe7d2-475f-4ae3-8f6d-ef099fe7f3b1,35.47810058216702,-93.54116080222663,77,91.8
a361c3e8-c9aa-4f77-a5b1-449ad479f527,31.582147271232074,-119.09618437757453,35,31.0
50858103-847f-4343-a0cc-1a67e4f8d6ad,47.3138719604828,-90.26735051417505,143,138.2
93ac77ca-cf0f-4799-b75d-8185de5b12c3,26.966094143539507,-79.07465875316052,98,93.2
05b3e605-0458-4e70-9f39-c37b1f8bf648,47.343735575036746,-119.49364090408024,35,41.0
378c078c-752d-4d32-9601-553281e1451b,41.09666129588358,-114.81321333524221,439,401.3
a39eea4a-200f-48b1-8cc1-e82381c46a47,37.28930381716828,-124.27485099181541,936,925.1
6f81b42c-72ac-4749-9504-2a45e29dee0d,24.816476519612397,-89.97449781263819,168,147.0
85bee46f-b769-4946-9f50-d02956513b06,35.88990479555021,-72.68267087519163,298,300.5
3554d5e5-a835-447d-9503-7da47e238a7c,34.193702625068305,-85.43086435587614,392,448.0
6801a2e1-116a-48ee-98ec-0fba25510402,28.030470299378063,-67.05963483213206,241,222.1
73e8e908-e7d5-461d-9d9e-f6ae3c1b1df9,40.41024008751643,-121.28101450251407,9,10.1
b3e8372f-2667-4b96-98f1-0ba5cf99fe88,48.27877268420714,-71.72293597606172,34,39.6
936bafe4-0a29-4d55-b2f9-6cdee43e64c6,38.054720276613125,-76.96997104418584,15,12.4
45d8ed35-96f6-4820-96cf-50aa339f9e2c,41.868831911098646,-106.4597502905292,2,2.2
a413c219-4620-40b5-8590-49268bee1c6e,25.71126131415042,-67.56193344160215,73,65.9
0a175e43-2c35-4d51-8b61-68e11f5a9392,34.44167489542487,-108.01167285788651,100,87.0
fa498c52-4f4c-413c-9cf7-b9792c56dde7,26.908962129112396,-72.53102129413512,55,57.2
913ed130-e325-4d5d-b437-466cba8f3e56,39.31989588841276,-73.03583395262282,13,14.1
20fb90f5-8881-4028-b991-c6dac0f6cb7c,47.462053955353866,-80.29820062042462,151,144.6
d63bf4e0-3a36-4a01-b981-3337c4cb6194,40.544443311790964,-91.75524204504174,64,52.2
1f9250e3-4ccb-4b40-bf5b-46979e8c83dd,25.92007620786054,-117.9198377726036,318,370.0
1efdc8e2-b543-43d7-9ccc-b3e3fed9ad46,32.86665512462707,-93.61366766470661,2,2.2
4f5062a6-673a-4122-acab-0ff5d2a79486,37.76658448602129,-103.94902091635886,370,336.2
1a2d8348-400b-4bc9-91c5-7c402bcf52c5,34.080193903331306,-78.25919504383424,619,618.2
d99767d3-1c78-4d37-a4d3-2152f8dccc9e,44.841100261879305,-80.27037681668615,252,204.4
cd4dd184-905e-4064-8615-3ba710b5dc9c,44.366775117749725,-71.27386206501629,265,248.0
8888e791-c599-4a1f-b83b-54abe44a9cce,39.29577550258054,-124.12502041652924,542,546.9
48d1706d-d7c1-4f82-9e98-fdb8fb50cb80,33.33644862831763,-77.26291020744029,47,47.3
2d72a513-1d71-440b-9e2e-57d65df2f6da,30.3834093440811,-69.63073886564453,1043,921.3
e2f48dc9-256f-4f26-a667-606717aa5fbd,26.646857955328233,-78.43127350261915,297,329.9
e93333b4-5fa3-468b-af7c-3ed8431136b9,32.87244208716385,-117.31852686764836,259,238.2
1d786aa2-7ce5-4c69-a66c-97430d56ba7b,34.329312930192984,-120.20453281438762,90,92.9
e5b9d206-b291-4d14-9579-3beacbbdabe9,40.895573127601835,-123.77013085134566,158,143.6
2f541e36-59e8-44ef-b603-bc083385effd,40.45399560743934,-87.9040316761438,212,205.7
88c0b35b-34d0-4c4b-b5fa-1dfe3cd2d4b2,25.752703491031426,-87.84931354026665,194,171.3
cbb9815b-891a-46bc-b359-4332fc7c4815,33.881482885778944,-66.77209086112548,244,257.0
00c49388-75e4-49e5-b9df-6ef7b32c9b06,28.54447168043405,-101.51545272785836,17,16.5
ae282643-efb6-42db-aaaa-2f0927344332,27.920317632920142,-105.41752919104769,88,71.0
051127c9-a633-4838-bbd3-c260d23b672c,44.68255374343114,-88.15892929612085,114,92.5
c411c0dc-2e97-40f0-be6c-1fdd89d11103,25.047880417906438,-76.28908832205195,60,59.3
42a0ec8b-cbb9-46ee-876c-65779dd57e06,34.47957189755303,-69.73033697814289,38,33.2
b6c91cb0-bd89-438d-8c43-01e96a9deabc,28.205091394162956,-77.61567419543672,30,31.0
fd0cd30a-2da8-42db-bcc5-9ab4d0e1e3d0,45.98325539196185,-99.82623514366752,91,87.7
34805e92-eaa2-4aa6-af30-e8cdfa7e5e0b,37.92601283187588,-87.54006011658822,136,144.4
d41ae6e9-bb2f-4b9c-b567-fa05a425466b,29.784515909421202,-74.4783397237491,13,15.4
30aabd3d-af80-4cfe-a736-8c04c1fb88b6,36.560682179159414,-96.05402838960737,585,591.7
4ed3cdb7-e0f2-4b8e-a52c-913d9719f96d,42.2871589925779,-112.21548802138183,290,323.3
a57b7618-96e5-40a9-a257-cf086e86251c,47.95295022298585,-114.9863170548755,676,744.4
3d879070-c076-4a48-930d-244900bafb2e,29.511150106135474,-124.99069306989465,38,44.4
7a3eb41c-2eae-44b8-a624-e716a7a84577,46.15454430323363,-82.62395829610423,185,163.8
9417bce4-2ef5-4d3c-a02b-11e90514f3e9,47.357602854187256,-118.44526467808656,151,170.8
72a885c6-be2a-4765-965f-8c1e5850bef9,46.91051361330166,-110.61349311793951,809,940.2
4b37cd9e-cc20-4f32-b5cc-c90f436119d5,39.88535892154775,-107.4252964401552,275,263.2
25d4b40a-942b-46c8-beb6-55ed0d94eae0,39.74551636086769,-91.93758825193066,171,158.3
efe59042-e364-4560-8c7c-f76a97f55a1a,34.08026582959557,-101.52052063954962,381,449.9
c0849e1b-afd6-4bdd-b136-da5baaf159e6,42.8099470575947,-85.19423447063346,34,35.7
39fe26a8-809a-4db4-8f3e-9d82bd9471c9,37.282350458773294,-121.71731909960654,3,2.9
229c01e2-da4b-492a-b70d-b00054ab8662,40.93595178070736,-117.68758753839808,234,261.3
cc29b70e-6ef3-427b-ad00-f6c4a2801909,34.711447596219884,-95.54652129153726,21,19.4
aef92dc8-f1eb-4b2b-81c9-1d00e6193af3,42.287411601078475,-105.11907751703704,25,21.8
621c9ff1-2bd6-4087-b6b8-2e20f254f986,44.61178794011373,-107.54701159766978,273,277.8
68b4ad86-155e-4f85-9e1a-3e2330690abb,27.660906415070404,-121.04534333678616,63,64.7
03412526-6916-4107-a90a-d664b72654ec,44.8232428893557,-72.1525686898679,198,223.8
0f708fff-ee7d-4ec5-8b3e-107f10d1e65e,37.50741329475768,-84.182703418622,499,490.4
779a7d4b-4563-4f76-b9ef-0db9d9f6d3e8,45.11664772725561,-117.82452874764068,76,85.6
c785eb92-2f9c-49fa-87ee-4752c2fdd851,34.782542658525365,-121.1622884935087,49,45.3
cb574c83-6d42-4428-a534-02ef2cec1dde,33.476012134575875,-67.48252052755666,23,23.7
fd0923f9-c3d7-410b-b7f1-9b5dba6d50fd,46.87651831293056,-84.81081952406922,28,24.7
ad72ff66-8c63-4f0b-a64b-52288d054e73,30.279231688710034,-100.37009180546926,13,12.4
3cbf75ed-c4f4-4072-82ee-ecffef73a7a5,45.10530813215358,-83.5978685954087,18,20.6
b4bcf0f7-92cd-4b32-80cc-ace32afebafe,36.1005143127351,-80.37642459767062,113,100.2
76c9d0fe-1867-48a5-ad6a-a5e42a50ea63,36.852386063781495,-78.98223005906202,77,86.6
614f74f6-4a55-4708-b844-fd23e82cb3a7,31.7117070372371,-96.8052389664696,245,223.7
b20e4262-6f51-41fa-95f6-5450de780c32,38.32605501547539,-99.63691727063397,408,332.0
12088c71-d988-4436-a8dc-f9f8e8280c65,32.13027990690529,-124.34934302813488,307,259.1
a71e50a3-836b-473c-871a-978e982a4d7d,24.98173535604131,-70.33313020663155,151,165.9
dee65941-a58f-4cfc-a9e2-48c9b87530bd,30.7999651336089,-89.40483517505237,22,19.9
88c6b957-5b27-452c-bd7d-ffb6ca3b3358,24.159476085164766,-113.01391770579188,247,262.2
5f11e5f2-613f-4b70-8177-7a8188b77064,48.458869676421415,-70.74339825413523,90,97.2
8d01e4fe-16a8-4b07-8f3a-771afc6f609d,48.143680245493684,-71.01901779555251,18,16.9
aa03bdf4-832c-4c58-b396-86423e76a836,33.87888243680763,-66.63813430240035,370,366.3
18218db5-f6f2-4d29-928f-ee9f988839f8,42.20927135849115,-73.43066277480025,83,79.8
9c6f476d-9c49-475f-8357-b3768b9c104a,32.645152460260626,-66.13072111861618,49,57.8
3b594759-d620-4087-ae60-6da496ba16c5,40.7773289271494,-110.56351490072691,410,380.5
72c0f6f5-274c-44d2-b9b8-e43ad8af6d68,44.135751076149475,-75.30727447324519,465,406.1
5f11a91b-0d00-4574-9c8f-3543a9c817c5,47.66890611730602,-76.44132978104989,83,78.5
257a22c9-c742-4be1-90fa-8d059b8b6b26,34.0053068962418,-111.3745188059767,88,94.0
63636954-808f-44af-820e-6db2424a84a2,43.582449573901194,-119.19218460894155,173,186.7
35f5e251-21c1-4971-8cd7-ee82dd6d7ac3,30.64821126580297,-67.21418969302162,264,308.8
817b2a10-8d8a-4a66-a72c-0e36281131e4,48.75830759484121,-107.53455146028399,13,15.0
87cccf79-3b60-4a21-a181-2bb2643134a0,24.644239969108778,-73.61738436239943,180,164.8
f9939d03-682c-4ace-bb65-42c8a16a68ad,39.088220162528025,-124.75649787419837,611,600.0
b7cf5df5-1487-4f71-af98-19d4ee4f029a,40.487649541283176,-123.75953637404346,61,67.0
c3e7c7aa-90ee-4473-8621-838318f34907,41.20113892685322,-97.51359278691427,1064,1241.3
f77bb75a-8d8d-4839-80e8-e43ef401fb95,27.009689469727224,-110.91583364783125,600,560.9
712b12e2-c7de-439c-ba15-ecbcc916f5d8,47.46324458682826,-84.2993642772781,63,61.6
3ee0c116-2324-4ed9-afc7-6d66a9089fc7,28.529581976252068,-91.6317047914907,281,325.9
7f992a9d-4585-4553-a6de-53275ba191d2,39.568835080996024,-120.42833795042101,55,51.9
9f992312-3e5f-4494-9b07-e614e2929c52,29.566901978077123,-115.40493051737269,268,265.9
408157b6-b5ac-446b-ae21-4fe04462a0e1,31.680410425531772,-102.10509306655356,319,370.6
85538154-4e1d-4497-b5e9-06465e06ac27,37.66146354320311,-114.04936022662945,57,63.9
36f0ff30-ae64-4564-a3ce-2c3128f80004,34.42983546411441,-78.25888151260821,252,226.1
b8d5f446-960e-4051-ba95-1a3e324bc902,28.005640024412656,-100.45185610235647,334,310.6
accead88-fb5c-4bf7-8503-5ce470863183,28.273410060521208,-119.48751985629255,89,83.8
7db9f400-d17a-401e-877a-b94ec3a78888,34.45361970406999,-96.42376876594463,37,43.1
48e8eb5a-40c6-4317-a3da-46b8970e904f,42.93207445688752,-119.64054731737656,19,22.8
0f510cf3-5691-4d41-9cfd-d79901c1bf2c,46.44911617119472,-117.39269898023079,171,189.7
90a245ea-236e-4607-b210-b669216630e6,26.10319155648457,-110.8630199103359,764,759.2
87413517-8b7c-4c61-a19f-6677d9ea0b1a,33.82759768898502,-74.28786539039811,346,278.2
ef16e204-f178-4ae1-bfbf-03579131863f,26.506139093071916,-70.44786059235466,114,123.0
a537a7a6-37bf-4cf0-a124-a20e3318184a,24.414812015814945,-76.25079396940792,154,147.2
34f66156-b680-4b68-8933-01b33412ea2e,40.54296706609891,-105.28944417234702,66,69.5
74712b9e-d147-493a-8b68-48f313abe9c9,39.06123604916469,-108.92565997457893,36,37.5
52daf626-fdf1-4ef8-bc3b-b274ff7fbb1c,28.075477845372156,-92.59981424337589,132,131.0
f30a2d9d-1974-45ec-bad2-c1f8add0e4e5,29.845320827326603,-82.41066352854637,125,147.2
9bbe40d6-d23f-4084-a6c7-804c006cb1a7,24.59269384111296,-66.39100549854969,148,119.8
3a60de2f-dd0a-412a-b4a1-b4f17a324ea5,44.873680142360094,-117.23732799914336,611,662.8
d8cb2e63-6265-4a5c-b06c-a8fc337aca4b,48.36726490121379,-122.09177205759553,185,178.3
3a40cf2d-68ec-4d2d-8abf-418d4f0228e7,27.38648841986727,-84.03300254927902,186,201.9
5de34f3d-428c-4cb3-8998-fa7688ebdb92,29.786880344132452,-75.89867877326958,27,28.9
1527d950-e087-45ff-93f0-417a67141f56,45.71023809867335,-75.06542198788102,1130,908.6
ee77f918-3105-411d-8ae7-acc9627f2a2e,47.16159494890462,-84.97065060444751,296,270.6
401b2e06-fbaf-48ac-b305-1ac6c62e0120,34.49068457017026,-68.71306755696796,419,366.9
97ecc558-197d-4d9f-8fcc-ed94fb85421d,25.265561806726854,-94.85071895086938,107,92.7
c77c02b9-e600-4e72-86c7-dc865807c704,24.984795842320484,-71.08492689816347,139,151.7
41144b4b-1027-4da9-a16d-cd8dacdfb22a,38.348746651725264,-67.89908391750015,148,132.6
7cd6be63-3643-41ad-b3e8-ffaad6d59e93,33.82237772232948,-75.01771003681665,43,42.6
b9e41904-e40c-4574-b22b-cc47781832b9,24.716310689441364,-106.72424476774138,234,210.3
c45409d8-6108-42f8-b69d-59d4dc88b3ae,38.58130980781392,-113.42327658095257,467,482.0
b851512c-55b5-4a0d-9799-88353501ecd3,24.282563414725562,-92.66091616607271,36,39.2
71981103-d0ad-45eb-a21a-3b65f3160206,43.684298953731826,-98.27212972756888,18,16.8
2da8a3fe-2390-4b27-bcc4-05dd980f9591,31.660820567584288,-73.21225781062876,268,279.0
31872798-9b4a-4afb-b8a0-5d317c7862c4,25.006450075230802,-119.09813140703793,64,72.3
b0bb78b4-dbef-44d0-aee1-cc0cdba91e0c,38.708805524578835,-109.7933363826204,196,164.2
df30901c-4641-40c9-b9de-1a2420420bee,33.94211036082637,-80.6438622733962,238,258.1
1a652111-fa73-4475-b407-4cfc8b45c6bd,48.34501033392874,-119.39578794633859,78,72.5
6f9a7755-83bf-42af-8582-38b51f2111c6,37.60496656259255,-106.07489957271969,338,287.0
2a0f5088-7880-49b8-89db-19211b3d3da6,30.880979525925206,-102.15783175081499,160,162.9
3c7948c8-6263-4925-88c4-1dd72ace87a5,41.735971615849365,-88.2669660028013,407,362.4
aced799e-85ed-46d5-ad6d-24f231069cb4,30.787300063567784,-115.6701739025575,288,325.0
5be6a4ae-ee4e-4d4f-a663-f9683fa4b5f4,46.60608228518913,-74.22433506936713,406,331.8
5ff17a28-1107-4cdb-8c94-60b44e41ff0c,33.36804926268441,-98.59500810748982,4,3.4
e2218927-89a3-435c-bb21-5bd6c550b8de,37.74671406940513,-70.89571899904718,56,56.5
87e51089-6c08-452f-8e03-7ed1af13fad8,25.26432759560572,-97.39567509559804,19,19.7
c288ee41-79db-4cea-bcc5-98e81f1991c4,34.65303094880577,-108.77262472249673,309,337.4
31f8bc41-750c-4fdc-890d-6d0c63d204d9,44.809088491524875,-116.63209910742718,441,398.5
85cad8dd-f2f7-464b-8091-e57c5e585333,44.14122013408355,-124.7790394120342,126,143.2
be7c49ce-7c23-4b5b-9fca-ac1b79412104,29.607963971338158,-93.6027083858947,379,447.7
574fbba9-ed5d-4190-bfe5-7c9c7a6f5dd9,29.651976775264067,-118.67775488131151,79,79.0
4a11debc-e175-4b13-a422-35674f73c77e,44.43263280533092,-101.88806194576048,83,91.6
2763dea2-1901-495b-ac3b-b1880f184e2f,47.259960504233135,-90.23296608701189,452,456.5
0d17c29d-51a3-4b7f-9131-979a31f311b2,26.384023031825087,-108.73453208274069,111,91.9
30156973-b177-446d-8ff6-a8b8e78f6ff4,35.25146598565563,-114.6617667503992,312,290.3
18b6d90f-9023-4ae7-bee6-497683931693,32.43635697410572,-79.29142426604884,54,45.1
046f1f2c-43c0-4fb7-a739-58482e6f9f85,45.76721138643599,-69.13932083538438,594,710.2
db92476f-c1d6-4f2b-91de-9dd8bce26361,26.088122867000468,-119.07401534614401,171,152.5
9f02383a-75e2-4b93-b631-08df99d5e0b0,29.278148563950936,-115.82017086128454,285,300.5
9322ed9a-ebb5-4f3e-833c-18dc942e325a,42.811708439662354,-68.35925322208959,19,17.4
f2215c06-2d2f-4ca6-9f48-5647d553e303,25.28234622453039,-122.77073091307747,136,144.3
3027b020-281d-4e5f-9dba-710de507cb09,36.31338451785723,-67.31969214352213,463,409.4
c6b7e24e-0932-494e-8224-6b58f492ca8b,35.052675866993,-124.72597549798566,419,466.8
a041a1dc-6e56-415d-8620-f070da305dcf,32.360029474718715,-73.45354931657145,10,8.4
a7ce01cb-e4d9-4f67-bc83-1b1335580506,33.864307882973094,-106.86781432172278,72,83.4
f1c6b26f-0f93-4111-acd3-437d6a47c866,37.248514673255826,-69.62325736753951,117,132.9
67339e96-0250-4f9a-b48d-a10251f7079e,28.03418395970958,-106.30022797050046,38,40.7
3c8ecc26-8d54-480d-9d96-62a514b2716c,38.29989695708982,-86.39592702949071,262,216.7
4838a58b-2606-48b2-b4ba-9075ef952828,44.135808232499656,-120.27807838380974,41,36.2
d7a5efee-cffe-4610-88da-e6a800755fa6,43.00402324475398,-110.7025411242294,85,97.2
238e308e-b18e-4bc1-b264-ce76b6509927,27.84749761734434,-79.35291855772421,218,185.0
8431edb2-846a-474d-bdf9-c62050e0a091,27.731236743536847,-93.80753463294964,132,113.8
5d197fd1-4be3-485e-9777-96985a1ebf1f,30.704359193622835,-70.24982535456436,268,272.7
f865d2aa-bd8e-492c-8e16-f15ed85e399e,33.02686815852593,-99.7036669078601,650,591.3
d132fa19-b385-428a-b6b5-ec005777e935,34.211389535212064,-73.68107041697854,111,98.7
2d406492-57f2-4e9c-8fd1-9f20b9fae5fd,40.99243042083363,-98.51162918878399,247,254.5
abe7636e-f425-45f3-9ab8-67f37513bb2f,25.417010804145885,-67.22435155658286,52,49.3
c81d6013-df62-4694-988e-97ae180c4620,24.86681760565166,-68.36977149746627,107,91.6
3a3d4989-0f40-4417-8b27-b13db3159184,33.797764073597726,-105.58093437219127,7,7.1
d556c2da-a85e-4e4b-b8c5-40ea37385d7f,41.42909230344951,-72.7305034454086,29,27.7
7b867bda-e57a-424e-acb7-c0ee91eed476,28.835883573912064,-74.99092892127669,77,84.2
fc9d4d1e-61d1-4b06-b8cb-7aeaaa50809e,40.0376120314063,-112.56985655767379,84,70.7
4d130460-9477-4ad4-b295-4a8496470bbf,30.495703448507488,-88.16686635378709,460,482.2
b8bba3fe-da6a-4144-993a-bf6fabed34c0,46.15215272033791,-120.71174338020093,271,264.1
a6dfcfcc-db73-423b-8684-8b24427c4ded,46.39224860666541,-75.63406748557577,716,689.1
b5cc86be-59ad-4137-ad91-267021f37d3a,31.43218010703316,-114.7017928732937,183,163.4
0592d4d1-5589-48fe-a07e-0f39efb6025d,29.749843849081014,-120.8219326182399,55,44.7
d1db713a-709b-478e-888a-a7eeab8a49aa,34.28259930165578,-101.38707336321013,79,90.0
20828357-75b5-48e7-b66a-17e83024f7f8,30.013289629503717,-90.96159382262104,77,71.7
b32b087c-85e4-4931-998f-a0cb09dba0a3,40.809596082292586,-74.55989944497351,79,84.7
9c5ecdd3-42f4-4b05-a214-7db8f52c4750,44.65161711370714,-67.51969099421754,224,264.1
477b68b8-b4f4-4235-bc1d-dc44901d8877,40.827303272780426,-99.06994175837804,151,154.9
fd5600bd-8eed-4aa0-9d8e-9b7835d1f6a7,44.60876118123374,-121.43363154386905,97,93.0
f728d730-7cd5-4c94-b3a0-f4f3ed355237,33.924804055186854,-80.80218083747363,32,29.0
72219506-11b8-4a63-8b6a-da963e35a1f1,27.907924267721523,-91.6547778827877,4,4.7
eb7acd8c-c20b-4fc1-905c-fed401138740,42.44877368493981,-98.57441065417667,49,52.6
7bc98809-8ab5-40cb-aca0-e6ed3f9b8b1f,33.01186262853885,-106.7531361512608,23,24.5
e9855c93-d2ac-468a-9029-736bab9d3da9,40.78177063072832,-95.3584868572314,308,298.9
e8734825-b579-4fe3-b138-52e9d225e575,30.76609854954414,-105.01790333703518,24,27.3
884c5f4e-bff5-4b3d-bda3-476d8be8a758,26.030740870166817,-80.33629980290574,258,280.1
2eb8e22c-5570-4d4c-879f-a20df09678f7,48.81454488719409,-92.91027190693418,97,88.6
42756cc2-a791-4e1b-9248-31e424c6fdbd,27.905037698264984,-73.26598132490739,15,15.6
b37d96c3-a40e-45ea-9239-1abc3a5fec41,48.71052484908702,-92.93090903568292,335,325.6
d8d537d2-eced-4923-afe3-6cbff38255f7,48.43199831416118,-110.94251761294413,173,138.9
058b73da-0465-4829-8343-5d920e802003,43.84545259770099,-74.78557894830348,54,60.6
98bbb250-48dc-47de-869f-7db68b98ecca,40.48557405204994,-92.1240763491274,450,382.1
56938af0-09c4-4af5-ba59-b9244641a232,38.445176256277115,-112.79637874952988,9,9.0
4d935242-2de3-4093-8378-562f857a4e50,45.65253863444587,-88.21303921258288,45,42.1
57db98a1-6795-4020-b552-036f4c8ddb6b,31.2359880404872,-103.89471086839677,279,261.4
e22013aa-0058-4c14-998b-dec7a8ea4c1b,35.69203031212193,-75.18006887476812,247,244.8
fcaa16ea-2de7-4777-8f53-3b500045dd6d,39.48474923416255,-98.25531541985397,223,267.3
1850d367-f174-420e-b59d-2e5657edd1ba,34.27976189673728,-82.13995987166241,13,12.5
ab492b55-fb05-483f-b84e-c133f5706be3,34.6871613522567,-119.36336374946201,390,340.4
f0e1a0be-0f56-4c3d-9003-626efacd46e2,32.25711668755211,-101.63456356816158,75,78.4
a2f97fa2-bc7c-44a5-b9c1-60a9f713487b,38.1057954171134,-66.98875524812848,44,39.4
f087d0a2-db40-49e3-b357-3eb57446d781,45.2643632003779,-77.30084292084825,145,122.1
c39c0cdb-848f-4628-b72e-be93d431b92f,29.038209450157822,-115.56349266035122,482,395.3
09c04f5b-4423-493b-8e1d-ab1bb3a9cca9,47.36082596883604,-108.61192108084195,9,7.3
b2309d4a-c611-49e4-affc-f22df976baa8,41.22719134370574,-105.54086727747469,290,282.0
d8213281-7b85-48bd-beaf-2729387f139a,44.58183031700075,-86.6284319307687,170,165.0
da85a469-d705-452d-826a-1d21c4e87ca4,37.90476731575029,-80.33730919011032,111,97.0
4a9b1d2c-e6ec-4b38-9a7b-a08163587478,43.48791753560158,-80.77793008033332,273,304.0
d1cb71ac-64c8-41b7-b627-8e720a52b834,24.40500993348668,-94.91743067792223,675,574.9
f9612d2d-61fd-4873-b000-8679caf6c12e,44.459510619488384,-77.16158826754908,52,60.6
c0a6b302-a15d-42a1-82f6-603a2e474e56,25.003471477134163,-99.21239311730898,31,32.1
35e6118c-c88d-4958-be29-bbc92ae03baf,46.24783440907156,-117.69104664756185,488,395.8
bf6793f0-e93f-4429-ac2b-1c875ad6efaa,48.79906868096609,-91.69793134242502,221,261.9
3e83868e-d683-4099-bae4-b25a27f4da1c,31.351686554419445,-68.8142183085347,115,106.2
ed7d4997-6d92-48f4-a499-5d53ea53832e,29.25796390714484,-78.21337456784184,170,166.6
bc0540fc-a85c-4306-bced-07c9106b0a50,43.13408409645102,-90.8566617861577,274,250.4
b387ba89-774c-4eb8-804f-621ed20c9b68,30.325658523006332,-86.83846603940327,297,324.1
a4832ebc-97b4-445f-ae1b-ccb16bd0a2d8,45.63905957930508,-70.09684040490122,505,502.1
6e2487f9-860d-404a-b33c-f62b56c6e8d1,26.571064803936917,-99.72777512833733,111,94.7
1ab503ce-cfdc-4061-8f34-334be4ba34c3,27.148879909483956,-105.44774580238439,69,58.1
ab6550e7-c71a-44c4-9311-5a38d29f96a9,48.478788877515385,-67.3427476649735,204,222.4
4aa5ccd9-b144-45f5-8da6-6e847776f8aa,40.84597245675012,-74.05685512289033,107,95.7
f474a288-b647-4380-97dc-9681b9e37945,45.17218061072382,-105.94042850750246,181,154.8
2fec5011-d2ab-4435-88fa-3a706e65b146,32.10823443378795,-97.63694475570556,109,109.0
6dbd42a4-6e97-4e13-a45c-830ad623815f,40.91209373801511,-100.51039038853986,33,37.0
a168a520-4682-4764-91b3-a4b9fe3b3ab5,38.85604568271493,-116.2033549583854,127,115.8
ee4c6c0d-e3cd-41f2-9f25-486afdff470c,39.07875300307367,-68.48865989501772,235,214.0
0c34ae74-3e9b-432c-bdfa-3f8a90a0b329,41.063311488443034,-101.14556655803423,321,363.9
ca112c9b-9fc2-4238-84f6-0564987c25ef,38.38397932822747,-73.35558412436343,136,116.8
5b08801f-c331-42b4-85ce-e19b48b71824,34.72655923256665,-113.82798256684076,36,37.7
19df0643-a960-41ce-9415-53c9fb191d65,30.89806735951367,-92.67562217240403,107,126.5
8e90d71d-38e3-4e49-b8e4-bcae8a47f77b,43.21453327283005,-123.58627827766809,309,351.2
06354bc4-48d6-414b-b0b5-62e311c68195,29.656810750079657,-79.9109914533038,106,87.4
cd4783f6-7be1-40d4-94a0-447efdfdb223,41.30885765386036,-90.72608000346958,238,220.9
cc9fb9a5-5c3d-47ea-8bdd-c4d160ee4d58,29.833320566233166,-88.09021457528459,142,121.7
c95a4ef8-9e5e-43da-bd26-7eea9bf563d2,39.63325424886135,-121.94846792927545,55,64.9
715dca72-1677-4f91-bc26-7db44f9524e7,42.67695667822572,-112.54873851769169,318,379.8
0f57b793-3d13-40c9-aac9-e1de42fb901f,29.46784722266348,-120.61447853113877,18,16.1
2db6cc26-71b9-4c25-860c-378e70b8c9f1,25.498582521532708,-107.95405536757511,149,159.1
1e9eeee6-59a5-4a87-8958-ce94921c4a61,27.274343574854353,-87.98109854675309,47,53.4
497e94c9-01f9-4a3d-8f29-e294cd47a929,39.14992418177564,-91.59502692527487,14,12.5
fac5958a-b05f-4fa8-978a-40ab69b664c2,45.23616015564339,-88.88316052480997,140,122.5
c3e24be7-e8f6-48bd-9a62-757422c93631,25.12492053088561,-92.59417498870424,138,111.0
8deb18a2-ab11-4915-a703-61b37a2697c1,42.353781476041156,-108.8913010551243,245,236.4
940bb100-3b67-4abb-a41c-40695a33446d,32.5329661487513,-110.57405765667892,273,316.6
a1da4240-4e6d-4376-a498-dd9394de087d,35.96320924798806,-116.91347867134171,260,301.9
aff0c78e-dd54-4904-aa1b-f64730896167,47.221488746139144,-74.90481838069397,105,89.4
043471e5-d644-4e13-b6b5-dd43316be18e,32.299287618396136,-88.62771784606657,200,176.3
9ade9372-0a1c-44b4-abb7-1b710bbf0424,35.63342334848715,-113.99585026226048,172,165.7
134a25ee-02f6-41f0-8770-14823cc8600e,24.342060369017027,-114.54464659054688,109,121.2
ca228172-3cb6-4689-a109-49fdff9b35aa,26.039968000120957,-73.49089950995793,182,190.1
39168da7-0c2e-4c5c-9e57-847486f1cdde,30.4647897783696,-81.17887903796415,588,591.3
b4683d42-3c76-41ab-a3e6-e1e50801f3a0,24.696306020526862,-86.09545428558309,43,44.6
4bc6b9a5-07e8-4254-be35-a1b02eae627b,39.78438315120627,-100.99501765518131,472,395.8
98541fbb-77d9-4999-9f68-f4c2411d24e7,34.659958920040566,-109.54344170756747,11,10.9
7624e51f-f9b1-4649-9eae-2b9fb284b53e,37.70363006820055,-67.21240497634341,74,88.6
bdedfbb5-c017-4361-83a3-80cd7cd1cafa,28.366179647408238,-77.9628650736548,68,56.8
00139f48-89a4-4e47-b065-a0e0699eb3df,31.398300735915402,-107.1950258349597,197,198.5
62494506-17c8-42c5-81ad-5f3a770b73a2,40.59561187131813,-74.99367701956882,28,25.7
31c77fe2-4f4f-44b0-ba41-9a9e31c2cf34,48.132568090759996,-80.2230150317338,428,434.8
ddb3ca8c-f1a7-46a7-9962-3504072b12cd,25.26041934005523,-107.4722475571981,353,363.4
5447a4ae-c542-4451-9485-f0225607991c,46.25960802138165,-99.83338159974326,211,217.5
b6284df0-91b3-453d-b674-d54eda416cb2,38.422030032780214,-114.02874672192942,123,140.3
d41f0b12-401e-4a1d-be7d-33d155738836,38.09798916889059,-118.44790578169155,540,516.2
f69ae56f-3afc-4f14-ad31-39b3cce748c8,36.50696338019401,-82.35704006245788,355,357.3
4c978af9-f506-45c9-b109-4f5d0dc3b66b,25.734852147604585,-109.21680041612187,138,111.0
ddcc952a-c477-4ef3-b75e-84ce58b81f3e,26.246921293404018,-76.61649742097103,242,270.0
22815ffe-a502-485f-b1fb-78babb27b3f4,39.02280014147715,-66.25908602064885,167,150.9
b5a6fa98-f82e-4240-8ed6-a1c986ba7e2a,32.52396428588896,-120.47943097815073,177,199.4
7b27aff7-2388-477d-9cf0-7958baf86e59,46.931701664442016,-97.09092762006168,80,72.5
cd2e2537-ba1f-4071-8f84-e599cce6a4fe,34.164763433986806,-77.67830900066262,124,99.7
b539fbe4-5a28-4fde-b494-50159510eb20,27.582036467566027,-78.45189710406723,16,13.8
2f1eae39-1539-4b3c-907d-741057cc2d9d,41.8679708375509,-80.16016765847286,88,105.1
51e282c7-a3bf-470d-85a0-49cba9dd1a80,31.333835536025248,-104.40929881718725,238,220.8
ab773d10-e4a6-4cd5-bf08-a09eba60790b,37.13675768389733,-98.22265791458192,612,516.2
9e5bee5c-e3fd-4391-9480-242a992fd7d0,41.44581963762925,-89.89686691685326,660,559.4
e27f1813-d0e0-425f-ac6e-bb8483463914,46.506602780051765,-67.53750556917782,162,149.7
423e994a-d4b5-40e9-b6b3-a93dee27f30f,43.8047798700419,-105.67471101462891,187,152.4
c51b3cee-8065-4f3e-b6ad-3b75a186ce28,40.9090266968181,-70.53451062470539,41,41.2
092b1bcd-a88a-4476-b766-c4ac7c233d0f,40.99082955987859,-109.10794182735084,238,210.7
18412edb-7454-4363-9ff0-443fff4b2302,47.64811610080216,-66.64460653705143,15,15.1
299b6433-a1a5-4be7-97ce-7aae1e5dc52b,31.3956024374134,-85.45444247717208,67,57.4
2bfeb2be-7184-42bf-beef-a76fd969ab76,24.027802354904686,-97.6528226588455,221,214.8
285cd2f1-7b57-424d-8adb-b4b0dd432807,30.798863984954966,-88.80996474424731,74,76.9
d24f5985-e226-480d-94b5-5323ca4c6aa2,29.4472844906686,-108.9206610266278,10,8.2
ba8157a8-bc53-4af7-abf6-b82acb668a1b,40.54586462784995,-108.82374240682347,357,342.5
bdff6789-5927-4290-bb15-62f09498c0d7,39.84278999413823,-118.30028191323386,74,68.2
2fee3cf1-d0d1-417a-b6d8-5cf6f2c4eb80,38.836534567618095,-118.27103243538147,13,11.6
e19f4e08-0064-4e76-8327-5c2f758d3915,24.406086080236342,-104.48736725333423,16,16.7
ce281a1c-8101-4769-a793-3d832037fd4f,42.21945136126619,-79.99152680411407,58,60.1
6c246381-7572-4b97-bd16-2e5258225b72,32.08826031213729,-89.12970111170841,39,41.0
7ae7cc11-1144-4a1f-b149-08db66ba2c54,40.62639972516578,-118.94751094046977,298,257.3
efb84353-7729-4596-aa11-bc999ddd6351,37.91446071255383,-74.71804502642125,78,71.3
693c481f-f9ea-4355-9cc6-4abc4192c158,32.56827313569768,-89.51931000758609,327,289.0
f6d64b40-e3b6-45be-8446-285dff76f00c,27.364406677602695,-68.309520969698,38,38.6
6db45e26-c3e1-4324-9d45-1335c0506cb9,26.360472441512023,-85.45905742273875,136,133.9
855e7136-8510-4c68-a74c-b6901d5f91ec,44.78795832780559,-114.66468304145332,233,217.2
e04c5cbc-19f1-438b-95c4-01d6d4720419,46.95993855203895,-97.04678162383848,211,235.1
fccf6f5f-0461-4e12-a0e9-36561120e171,40.244701169107486,-86.73864174471495,184,154.1
5913d9ed-d31c-4f53-bec3-13f5d173c145,26.585852871512085,-123.33238263805131,518,616.4
1e2036e7-68fe-4e9d-be5f-60bfc27d6811,34.050680422206014,-124.12029441486634,52,44.0
9b6ca348-7436-4d24-ba10-551cb8892dd2,42.22348000262893,-117.36522296468449,136,150.9
c805f13e-4216-4ca6-9eaf-fd8bb87cd6cd,43.495522100251705,-110.15179833231723,431,408.3
3b3c0ca4-b6fd-4a8e-967e-6cf8b23c87ca,26.955465557277215,-99.65660171228015,16,18.3
1aeb327c-781c-42e5-a5fb-7e43c91dd971,24.00076797113456,-96.24101204817248,12,10.0
4894d9e7-606a-45ad-b6ae-8dbd20e77314,41.803426147015124,-116.85637107266409,53,50.3
553b983f-4a7a-46b1-9f94-54aefa8dcf18,32.91490439965514,-85.26989683216598,200,186.8
2e710bd9-00bd-459e-b5bd-7a6379c686cd,30.362033290456505,-89.82785435990445,60,71.8
f2626c24-b089-4cad-b696-efdeebb1fefc,24.322436744738138,-107.62661816837155,42,50.2
d9e38514-032a-4cb8-8095-f4e1d30779ce,37.507485169037494,-124.19406687731777,123,107.7
ad3ad4fd-c954-40e7-a976-8a09e0e1cfda,45.27876838564954,-120.41877299415584,190,199.9
8b0f7f0c-1560-4ef0-8743-e6271e7bdcf6,47.9407911568147,-101.89000824486047,57,57.8
696b5a95-f3a3-4e24-9235-4fb52a6c3d33,38.14362376533223,-115.91551328122465,72,62.0
e4995dd7-f83b-4af4-802f-d17e25f59c18,36.86153319349735,-102.76764323726972,190,164.8
8332c3f6-9b4c-4f19-b8f2-b2c8ce8a0939,26.126409637231028,-87.93722633388904,583,697.1
8bc25a38-84b6-4985-a966-00ff9215467e,37.72182003856499,-92.71299175512227,225,220.7
92a69993-d974-4f07-8aa3-9cda7e4c127f,33.499476974134865,-111.36062289489374,305,259.3
01859ada-ec67-4332-881d-65f6dc653af2,39.17838202208942,-104.7144730157336,91,80.6
6d3513f6-01a5-478d-835c-19db15d0c9f7,33.71815869691367,-88.77215929152962,64,58.1
4607e3ac-e950-4646-8de8-981fa5c6f030,30.00747808625917,-74.20955334543652,121,121.5
7f3eaa4c-d9db-4545-8bcf-a3efe807c9cd,26.374131880709413,-80.56040711440625,329,307.4
f5b0be57-1369-47ad-9bd1-4633f60734b9,31.872961114722393,-92.34939841682852,122,119.8
72a480c4-331a-4063-a929-3059390c69e7,26.416120857193807,-103.62471309932731,375,325.0
127344a0-9acb-404f-938b-31222a65fad5,28.4224237705996,-103.46197462503348,898,835.8
7899e84b-8022-485e-889d-8bf4af4bc38c,48.68340396448865,-73.11437869440064,15,12.4
b29cdfa6-8f1b-4c6e-b279-61f59279bf5d,35.10258892266546,-122.68462901360776,9,10.4
b64765d3-3e9b-46fa-8d6b-289d1f7cd3d1,37.29679416262542,-66.7090239792046,32,28.1
dfc9acfd-d4f8-42a6-8c11-cd157bfb8be6,45.840463218430386,-85.80185075975783,97,107.0
85d0b53d-476d-4b0c-9907-d1231cfd9d27,48.889222512267196,-84.81287575472896,28,26.3
545cbde7-7e92-40cc-ba3f-9b65b1858ca1,38.56786123361704,-122.75812759902021,409,404.8
9b2e8ed9-f3e0-4656-b458-939568af05a0,44.31184552610429,-89.27377278141495,5,4.6
cc504334-3134-4d1a-926e-0af1b310a220,32.17352560841688,-96.39809445466364,76,82.0
e6db6d5d-26e7-4b12-b087-14d4452b75bc,31.64359893618228,-118.75904449325004,41,46.7
7e625014-f173-406f-830d-cf2f563975f5,34.067593024864,-108.6026013646078,536,490.2
2d7b9e38-4ae1-410a-9a19-560b958e18c3,40.81268156684123,-72.47144708339458,221,198.2
d1561e82-da48-4f28-891f-ba0b40fe0c07,41.05479223137747,-92.55068346390877,486,521.3
0cbe3a79-3f26-417a-ad3e-8d0dc8d3b35f,31.88098586623627,-100.60842206473939,717,629.6
c9b40242-3af6-462b-9a5c-6d9d2294b7d8,27.330248103415716,-120.71175280539215,137,144.7
a35f2d4f-01c8-4768-a8b6-34909cb74324,39.80990641163771,-82.86682988326396,53,44.4
a0704926-0870-4c83-bbd7-da7893c4bf1e,27.208146554719114,-83.53180141963408,43,45.1
3479e8a1-bb14-4df0-a3d5-a1f3a69d377d,38.462312705733254,-88.77142718861876,50,50.3
ccd54aed-ceca-40e8-915e-e7a89e9f0494,41.33555320140772,-94.8945038729817,247,208.9
d1718bc2-4ac9-46f0-ad76-67b62e28dba4,41.51528740986129,-99.406720269765,8,8.5
27b067bb-4b53-491c-8b11-fb3789300950,42.83680276648992,-89.99700551370844,11,10.8
96a2db6c-1710-4ae1-a616-d84377bd485a,45.82148553914161,-111.229668348024,187,165.8
32db7416-ab86-4f8c-a5fa-905c662c0932,36.49897479911971,-69.46571521351879,205,193.0
dab941ce-d359-40a7-9d58-ef528f75374f,42.256229738239284,-90.26112277836646,219,218.3
85cf6bb3-62af-4822-86e8-31231871569e,39.47931838414592,-106.63964578309178,93,77.8
e7fcc533-bc5c-4695-939f-b353b889583c,28.665998494942066,-98.46888879777572,328,388.0
aba9abed-f866-48e2-bb90-f6aac3d92195,24.642241121735204,-77.46459745626336,153,163.1
505d965c-adbd-4d3c-b5c9-799d055415fd,31.113534641923344,-115.46465241691246,22,18.5
aaf9406f-99b9-4cd8-bdec-0d98633cac6f,35.075842658440486,-107.72269827484463,319,360.2
9752fbca-2d55-4568-ada8-adf3ffd03b67,39.4276486107164,-84.90902665854324,612,568.6
9feabee9-0ea1-4070-8e80-00c0987f4613,45.24898326258013,-106.38613681754879,12,12.5
9b71c089-f86e-49f9-8156-2a968c26ada2,28.90614291765414,-78.2424007701735,99,90.2
8d047838-a734-49e0-93bf-42e005aeb7d9,27.138744747461928,-117.3032442565357,134,146.5
9ec1bb80-6fd7-4c37-b44e-14f13fa4eca1,48.08699868685819,-80.0015159431781,32,34.9
95c35fdc-1f7b-47f3-a5fd-7b579739ca5c,26.701113984410178,-120.96724882381659,405,413.4
74f195b6-c7de-4c00-afcf-2407088e1eb4,35.96227675267973,-124.2570358526178,67,60.1
62f6214b-87c8-41f5-bb52-a9bd69d2964c,38.639093219832546,-72.00481238890244,306,275.9
29974222-bbf5-42bc-b27f-a9e16b79de66,37.53436052268596,-90.70098620099438,222,211.6
f02e1983-59c3-498d-9382-40688d41c7c8,26.15080392582358,-104.24221307187813,182,156.2
0d1fb66b-5354-495a-a4b4-1d8d43fa821d,25.425672850090486,-111.27691641913283,43,40.2
de9206fb-81ac-47e4-be1e-a12a2470af0a,26.637085686525893,-88.60373878761185,50,53.7
f5d17ca6-c777-4dcd-b6d1-53b673c178e1,38.63969209681531,-94.96887117133244,10,11.3
667f6080-4cef-4249-ae47-73e84f2f19e5,37.60862219085803,-66.49573124373087,55,51.3
38335a1c-24f4-4484-be8b-9147058dfb9f,29.843519800918607,-66.99025678742899,85,75.9
c62d16ad-8da5-4306-89f8-a44a3c03ca4f,39.94435354613979,-87.53355059764503,358,405.6
4b93682c-1562-4d11-a35d-358ae62c40ed,44.501687551391235,-98.87064013975245,91,105.2
be28411a-ea1d-488c-9f34-c248877d7348,25.039473996164844,-96.02268282105493,281,270.9
24bf60e4-7b4a-421d-9be7-1ad36a5d6c6d,36.45324858870106,-84.73373509202514,116,94.0
657a6c95-7a2c-424d-b8a9-3f56dd23d6f1,41.23276030256726,-119.0071018901125,307,330.9
d1c58dc1-004c-4e76-abc2-83d78eacc63e,30.30779817674218,-105.62722764516764,748,833.0
7eb5e9b5-e7ea-43cc-839a-56ad640dbbaf,31.694272632328726,-120.55893778078737,55,44.4
e7bddfcb-5095-4f7d-bece-fa18c4292d38,39.3409475747346,-120.67171518850175,397,412.1
40828e5e-79b7-443f-9c93-173c764e052c,46.448382336093424,-113.44548472824022,194,200.9
28a2228f-0a82-4507-b366-d3292f131b1c,44.248110507572484,-96.37005797899961,340,323.5
cf71b80b-8875-449f-985d-63b75af4a156,38.57825547748959,-78.69831505139543,211,232.1
f00f9761-ac80-4cb5-9f0e-7b52cc1c976f,42.25554294393123,-96.35574242121352,110,106.8
8fd93b39-8406-4951-83ff-564a9ab172ba,33.12056175519497,-105.20687997690868,52,55.7
ec88c3ca-9f4e-49c1-8383-4d6c7f8448d6,40.02413820246895,-120.14117357013127,15,15.1
13ed6460-f71c-4149-a799-4d73007dd608,35.654539778188926,-92.53256413219535,153,137.6
9e11cc4c-1af0-4dd1-a8c2-ad3552168aff,28.74840341143902,-108.99515339749257,928,967.5
b5d577cb-f773-4893-8563-ff8cdd10c481,41.543456846931434,-88.7188835028883,268,293.4
6537f52f-f755-4f6b-98d8-5742c01e7c07,37.911615933720554,-67.34592339118731,79,94.0
603a285e-b435-4abd-86a5-ae1d38d9519b,32.965539548839786,-118.43245503282454,351,334.2
eb695d54-42aa-47ec-a3b4-01bc27a3aaba,46.78347975196577,-112.48460147540554,293,242.0
b8058466-1130-425e-be4d-e4e9fd0ffcab,24.523352945668332,-97.08742225213689,66,78.9
63818ba3-5281-46aa-9d66-4e0723a559d8,31.894328781237398,-67.85178489459017,3,3.1
a9454d88-31ad-4e1c-8374-3827429b189f,25.422034944441165,-79.46322320007026,25,29.5
b51d0842-ceb5-4bac-bd00-3d6524924fbb,43.16318290554068,-72.00447760339301,420,353.4
d22b6750-1665-4e64-ac08-769099353d3c,41.552686352844816,-105.31082393992821,362,339.1
ba268216-b356-4613-8986-d3841837fa9d,32.28380546840793,-66.46973004706292,70,59.8
1a550305-a410-40cc-840f-094eba7eca53,40.89157255517682,-118.93286385221471,67,76.0
047c7ab5-435d-4740-b52c-61aac598a042,33.898430654898746,-121.87459854328006,315,362.9
37cc8e4d-09aa-455a-8c73-ca127bbf5a6e,42.90634478556086,-74.51944500381234,555,555.3
29d162b4-d8ca-4b9a-ad38-9dc27fcf0f33,35.35459156841765,-70.2913726577878,302,264.1
fe7b3437-7144-46e6-a1de-4f4d7d218f63,34.30699319579164,-119.65546390477999,186,158.3
e2bc6140-0bb8-4da4-a5a6-edb8974de52f,47.368247887207524,-118.30778182199535,56,58.0
efbf9443-e1a0-4001-b5b8-4cc70b9a86ec,30.271977497267507,-123.04272469240935,149,149.4
4da353f6-0dc8-4480-b009-6aa8cc4a3ef5,27.011183499914136,-118.83405380407928,53,57.1
44a6621b-0b1f-49f3-80ce-4f73ea5a99b1,38.61357783148645,-112.64423080878343,330,304.3
e966f838-1186-4ce4-ae77-56c8ae8c4f4d,48.233045307104476,-67.76547948430994,98,94.2
69d387a7-1428-4f8a-9cc0-510cb6c20c33,33.44598034317967,-85.59624688785885,359,290.3
44d730b8-ca7e-4e2b-a374-2aea3350af99,25.55091909071954,-79.06537149440601,96,100.2
eb377fcd-9192-4e98-aa9f-25239fa701fb,32.48263168273918,-79.2077751822002,348,337.3
5dbac3f5-62af-422a-8c10-c41c8070d099,36.64829135798896,-93.43064876302634,81,94.6
a8b640ed-1c5f-463c-be21-010dd4b72dd1,28.048075165805344,-77.94815031493198,116,122.6
20e86c8c-b91a-4274-8b2e-de10f5fad486,40.4525554514123,-89.84735558899179,191,183.3
cdfe0714-5a73-41f2-9f2f-82e848caae72,48.94373472525501,-106.4417802414019,15,13.6
5b99ba24-6324-484c-814c-2a941651cc2b,35.29348689953609,-91.89450358266436,592,688.0
17970fb2-8ab3-4180-afc5-8337d7554f12,32.868213918255314,-93.5229934180637,170,137.1
3b817a59-7a45-4659-9139-454f1ba1bf48,34.01760417086167,-76.41626982820009,142,132.2
96db316b-eda6-428e-b788-925406f09d3f,26.87865445988003,-67.07809417448212,366,430.9
b1f5abab-be68-4b17-a698-cbd385f7e979,46.081840035655595,-100.7484886401651,402,426.8
d15960fa-d791-4a40-85ee-8184063e1771,34.3706413880338,-79.95994997195979,148,149.9
94fb3137-c47f-4b6c-9a9e-2b84601a3ca0,33.681860285621035,-119.11398276175012,524,461.9
056a51a7-c30a-48bc-a3e7-64604427c071,40.492256823261854,-79.16694920255097,13,14.7
3e062fdf-2308-4b0a-8155-0731dd33a9b3,35.05083552327809,-103.0864021923993,24,21.2
10fe5fc4-674e-4af5-a0d4-71351dfe40cf,40.205836720196146,-122.67598038950848,182,163.7
b20c91c7-df0b-4146-ae1a-642fd9cab72c,25.53615725326969,-103.56847546483155,87,76.3
9f8415e1-1ed4-4178-aa62-4de9340a9eb9,44.34308359305568,-88.97207769562296,125,107.9
b708e581-7032-4409-b8c2-d315e14f9891,47.512598821985065,-117.96424010679347,80,94.5
4bb3d7d1-6b78-421c-9813-5bd7b16ff743,40.21913465398465,-70.48196494661498,104,108.2
2c8fd596-1a93-44ac-a98a-d2f50c2f2bc8,47.86414822147027,-120.41732761690253,346,365.1
60abb19b-b58a-457a-915e-8825836f469c,27.785807859249083,-70.1296035298432,180,212.7
92eea2c7-0ef2-40c4-93e1-20abaacf091b,35.93540473700884,-83.2788864417945,1186,1058.2
21906692-137d-4bdd-9211-36ebf5b3ef11,39.04516834863618,-105.54698165056199,309,247.9
55dc3be0-a9fa-499e-aa78-52c5c39bf1df,38.543416185529665,-101.9457294851635,64,66.5
6b3b74ce-bdee-4421-ba8d-d71204ee36e6,34.03654447722608,-81.2922474807681,61,61.2
05a9b387-df73-4d07-90b3-4a0fa3959ac7,32.452110234156535,-89.51320504800876,82,81.3
535f534f-5e35-4e5d-bee1-f79f72489374,27.17060056376047,-85.37306763415823,371,306.0
47737d63-4d38-4884-9a0b-c25c58855255,33.793561264056954,-102.03928762570467,6,5.9
06201e9f-c555-402e-88dd-ff302f1dc4dd,28.06652037763713,-96.21900457335167,52,47.6
b897fb59-6a58-49f0-aa2c-7dda3556a561,42.35914191230546,-66.59781844176429,471,428.5
cbf68034-f2a5-44d4-b405-2e0677284a51,29.22077338736475,-112.37855064051665,204,181.3
f85897c8-1bf2-481a-ab85-ae577c98aa32,25.464132632113348,-100.34648499519425,51,47.6
c4b88448-af0f-44b4-b2b8-a79e684d0e9b,37.80915344543086,-107.78243193313592,49,46.1
977bb103-d5ee-4315-a4d4-4f7772c37cd6,38.880743317985036,-79.85842088404885,397,366.6
3f63d286-58ba-47ff-94b3-9c5434695373,45.797826532012635,-79.92325508572247,448,533.8
f9493147-0372-408e-a407-a8a87a05ce93,38.42454031044205,-107.74571780115365,59,69.2
e20fba25-1d56-413b-926f-3d1deeb08731,32.63702134308615,-120.19797131865401,109,112.2
ba605299-ad8d-41f8-bde7-ed1d06541fb9,44.07529703815801,-124.32547207633996,360,429.3
ad24df8f-0b00-447e-b98d-65363ede2c55,37.506972329685524,-99.78041853869335,295,353.0
d49c580d-ecee-415b-ad99-d6bf7e93746c,25.982007115779794,-100.79008193418952,336,316.6
0ef7be46-dd10-4dc9-99fc-3b190b469382,38.146264007831164,-66.68499716024809,146,142.8
71e02c0f-9c33-413e-b039-e5ab33436237,46.70046363554156,-97.2816775338369,485,574.1
e5b62d5f-8c10-4326-b08e-91bceaa3c6c0,33.90781563745551,-109.87131619505018,79,82.4
93d190bb-ff30-47a7-b63d-be71da21ec37,31.408145047495,-72.41746297914342,34,30.1
edeab614-93da-45bf-835a-c9064aebaf0c,27.5867364254505,-96.02699097043887,247,265.7
e7c983e7-b0bc-4e98-8b55-1bccfbb7bd93,27.786138048383933,-89.64863752257591,155,136.8
f07f36a1-2528-403d-aac7-f89e2cd60eb2,34.819287108545474,-119.35554608473545,386,361.2
7bff9593-c1b2-4edf-b613-d854bc87fdf1,38.891995604038236,-102.40793196754333,17,15.1
1a85cc73-4073-4d6e-8e15-813d5d7a97f5,26.015385129240045,-69.29080320604658,371,333.2
b14ddd61-c932-4f71-8c6e-205dbd25458d,47.48921472562914,-90.2191823336499,69,55.3
b2109906-ae55-42a5-ad06-be63c1e1dc35,42.878340436129896,-104.67439054659476,213,245.4
7a49ea0d-c69b-4b51-b68f-7d78d6c2fc59,38.66559795709156,-88.08563634273601,8,7.3
a99fa0d4-b1b6-4e3f-bbbd-071ddacc8570,44.710966773474766,-71.28574571489115,188,156.9
6e387245-ed21-486e-a809-70b141e2e606,26.004668920302834,-108.83455457211718,253,211.2
5cc59e8b-d16e-470e-966c-5113ddf17c5a,35.92097194332811,-95.19811361023021,92,94.1
e22537e8-77ef-4483-9811-440cfb4260ac,39.752328171541585,-68.43725141920643,49,58.7
92831f23-49c3-4559-b37e-9ed4916d64ab,44.71632265295723,-114.8286275453913,154,132.1
64b130f5-0921-4fdf-aa6d-8d964efb1050,43.58673900123169,-82.53982838979402,358,300.7
9d2a15cb-6397-4f39-818f-242a0e02c873,30.92673124283499,-88.74562051602405,78,76.1
86a65350-0d2e-4d3b-a3ff-c3c32f47d440,47.5220042389801,-84.89916726270255,58,59.5
a3a143e5-9123-4481-b175-64e15e03d7b5,27.10864603577176,-104.27804179061339,65,59.7
03b04543-e179-4f3f-9a07-13b6ee2c24fc,45.87834046552881,-106.48111696445787,596,548.9
e5d629b6-78e9-4bc0-9ce1-2ccb4efb083f,48.273506240115466,-84.63162943528614,89,86.3
10b499b5-f82d-4282-ae09-06cdce6af064,28.42883808056564,-112.28294617883182,1,0.9
8bcb1ef9-fbe1-4add-9f2a-04192a14e9cc,42.051651605094634,-100.2403700533187,304,354.5
9fb4f272-e2f6-4842-85c7-26da074d3c89,25.00713796944996,-113.89769588287784,240,196.0
c70547a9-9d81-4967-b31a-ea6ed3762bd2,34.135570628478874,-124.51001437372355,28,25.0
7c949533-8139-4cd0-84c7-3f5a6d89c7b2,36.90708247994185,-67.7666157577539,1976,2219.9
e9ae53b2-fad3-4244-8b64-6b0c95b6a288,38.51613064774085,-99.52952425927128,187,212.0
0408c187-3e13-4144-b6a7-809da0a89d89,47.398431206213985,-67.8083727492303,139,117.4
067da0ce-ce29-452c-a85e-884432958977,40.806267182354865,-116.72091233369827,96,114.2
c63fb34f-6d07-4267-a638-7bc435c6e6b2,36.031948780480924,-90.34536001200831,458,493.4
ab59ca2c-177c-4a67-bd0f-711b47f1e7a9,44.24187590664724,-113.14253206531686,56,50.9
4ffdf910-161d-4554-92c8-3339d2ddd824,47.76332052386022,-78.3856265091668,67,65.8
e62b3946-8485-42b7-b663-1dc996256afe,24.55165371705727,-78.76152366310247,26,23.9
7c87b92a-499d-4497-916a-de0a564cb5d6,48.56303180640097,-118.35617820668061,685,589.1
356f4fb7-2db2-4cb2-9f47-3f683d65e05a,26.153303476592008,-71.18819728029304,181,165.9
26d32005-cfcc-4e06-a152-6edb6fe4ef33,44.35966948171904,-113.51685081500975,188,194.0
c3b90201-eb66-4b22-84b8-8ab4d7086434,31.00836881378531,-88.83433684622774,49,55.4
cd35beca-1563-41e5-b5ae-e55eaeb375dc,27.304491443846793,-66.84761641482547,211,199.5
b4185829-e3a2-4504-8ff0-2182aa6093ba,34.996390992845875,-72.93860444878453,290,272.4
1572c546-2f7b-477d-9fc6-63ab25ee8f16,40.09891448619034,-68.56272821489102,89,87.9
0fe8cbc3-a5a5-4c09-898a-941147ac1d7d,33.52379612558688,-104.78667249813095,323,341.7
8d843ecf-8707-46fb-a6b4-33062868dee6,25.364135207067473,-118.77103710905166,86,94.7
3519446c-63cd-4f78-bd53-4f05db3b48c2,38.986528491467915,-113.88753447592245,284,264.3
de1457ac-ea79-4280-a77b-8a3c9958c5ec,46.56008190276687,-95.47080119047979,7,7.2
0c84e1bb-de64-440a-9772-9950ef3a8b97,33.58038414868129,-78.19944898187399,160,152.9
b931530b-7eee-497f-88c5-619749ae58b4,29.408319440770676,-116.14093499315136,698,758.4
7d2c8ed7-395b-4d09-bbde-85c1da7a4cd2,35.06443364832039,-86.07583959661534,795,688.4
66165a56-2199-40f1-a804-09fde9afecab,25.20906777621952,-105.9089213616688,66,59.6
fd5c901c-f07f-4664-b558-71b1a435fe00,44.51218961200687,-104.86907772886295,116,112.6
f4bf0dd4-df6b-43c1-a12d-36ee931f5189,44.65852027375467,-85.94685392068234,13,15.0
6c4f1f07-67e8-4253-96bd-52f66987aa74,38.70001158574071,-97.44703424754,413,425.1
f1c704d0-39c6-447e-a59e-0d5a81081c9c,32.82757222345974,-77.09003571146636,168,199.3
cca4247e-70c7-41a4-9626-4e4c176f9197,43.99458411114458,-115.80080792989321,97,81.6
57709590-4a86-4c6c-8153-d1b405302721,37.86717561970918,-78.39305208374472,24,23.6
c715b669-50c3-4210-b05d-519d1c9eafaa,44.648307713750405,-121.21012036461217,587,568.0
888d12f4-21e3-495a-9263-a0a90e1ec0af,39.78646981457551,-113.55082106550931,151,157.1
8553ab42-afe1-4567-b805-f330f34d3c20,43.61013683031993,-86.28716684431325,67,75.4
d99ca034-4568-4b55-9bba-142c17e91941,38.964074830444,-74.5593862658468,86,97.7
59cce668-8455-4964-acdf-0f15466a81dd,34.35352670539166,-110.0919019633784,63,67.3
6c71c10e-df68-4a2d-be3a-e7bcaf538f57,47.94864649815344,-105.69569525609414,184,194.4
d5c4d07a-81c9-4a0d-a919-37bc8948d37c,37.52784562197112,-93.30987585108234,532,627.6
afcbafd2-ade6-420a-b155-fa1e0ab87102,39.12723796351346,-112.51720441713117,389,370.9
859bb97d-d4a9-47be-beec-e98f980209c8,29.512190985368733,-77.14178056633716,123,139.4
56ae94a0-ab25-4dec-9c5a-faa22b8a1b9b,39.64126973568191,-79.35543794466011,350,409.0
8a725622-3cfd-4aaf-b601-589f67fcd197,38.2901912370736,-116.42778899401888,110,109.6
c8559faa-0351-444c-b77b-b6f0422a9595,28.620959948675623,-97.6340458228187,58,63.3
a473be48-3c26-478c-8a63-e66d1d1d8d68,25.489677433828593,-79.28516176737733,820,779.7
431ee872-84a2-443b-ab78-10fb71612038,39.10898299286928,-105.09755766489853,72,62.2
4016db1d-9f4b-453e-b810-d29bf583d56a,43.092306733758015,-87.64669745965384,78,80.7
b65a6236-de79-499c-b13f-c9a44e679990,37.085034273050205,-122.03742583400322,915,803.9
bd967dab-0fe4-46ab-8534-04189c828e97,29.669315632991143,-89.08736312877025,29,28.5
4fb1a481-e436-480d-8789-a1eaefb78572,40.66304941732587,-115.99347417996418,286,328.7
6f0216be-d148-4983-844d-1440c96556c4,26.002643165240055,-75.99558381824738,549,458.1
3872ddba-95ba-4db3-9961-f2d8ffbdfb1f,35.045842620048866,-104.02848164875178,143,116.1
40604b5a-a01b-4f82-bc3c-a64cea15070e,28.084168959960504,-108.38832209903646,1,1.0
8d74b63b-5fea-4b44-a28c-c89d7d9dc207,28.611476276497086,-75.38755037402238,94,87.6
a3b9324c-d82a-4166-b803-a91b04eaa28a,29.05734872895509,-122.04150263876319,24,23.2
3aee400d-d549-48aa-a3fb-1251ba922b69,33.66767642609945,-101.60008083927366,108,103.9
b6b5eab4-4173-442d-af0d-148d95de34ea,25.27875514050994,-103.16979110607315,312,260.4
6127ef00-4989-49c2-be2b-d9244fadb0fa,33.94483602322745,-108.1967779192765,116,93.0
7b62cf77-abb3-453c-9cac-7c881ecf3b58,36.79268617786752,-71.20649441191286,113,131.0
9c7111e8-ca78-4d96-9864-3bd57d29106a,36.08235712415813,-80.69522478251338,163,144.6
e3ff0897-9f23-454f-8108-ae804f3b212b,33.56960251007601,-121.22853331267561,174,168.9
d2269498-3107-4c08-9794-813a3062b42a,44.97866520176881,-82.83344048333771,388,461.2
b79fc316-9a7c-4e95-8e50-79fd3e75d53e,27.633167310512604,-93.88935114540115,74,83.7
34b696f3-156f-4700-8848-81270d023f65,36.64241859453435,-71.84879423030682,345,290.9
55f6a870-3c81-4ca8-9f6f-2f2eb8e94af2,25.55103542391386,-106.53620857644685,167,167.6
ab41d9a7-f962-48f6-848b-4b17a86c0457,25.778891971947743,-91.12444202303462,71,77.5
857ec046-98bd-42f8-9426-fafb586ff355,38.34664624192741,-95.45543879028182,70,75.6
a70ae0d2-f261-445f-a84a-2ec8c095a735,38.150460622195524,-96.11590653257126,90,99.4
67942ac3-a60f-46b7-b25c-313d4fef5262,45.95083782111142,-98.08978142848446,195,191.7
dac4ff1e-53a4-4791-a8fd-d16f0850aa37,37.94684189150183,-112.8678609435954,52,45.3
53e8619e-10a7-4be8-8eef-96684273a648,47.99477551012126,-80.41311457294883,506,498.9
03c1e19b-8082-4eda-988f-2ac3bdd34dae,25.217371209998245,-98.37117406838198,171,181.1
38e65e35-8839-4b58-a79b-3a86edb22db4,26.450192119518526,-68.44753977484626,505,526.9
da145074-4b2b-4b43-8eb5-d35f12a07e96,25.101646539259534,-109.61230279562619,10,8.3
a43be43f-c07c-4599-b646-040eecccda9c,28.6319212583385,-84.71811346200457,84,69.4
c4ec3e15-87e1-435c-af20-603702a7e70d,37.53175277354195,-69.4976923012926,5,5.9
1699855b-6b5a-4884-b161-fbbc2f52842e,40.139304535685696,-85.85595894205053,64,55.1
ef826060-4ad2-4a69-9e24-c9bb3c6aaf6a,25.13962894871672,-73.59489845057371,396,363.4
265c80f2-b3ef-40ec-b6e9-7ccf814d14ac,47.64927224613999,-76.17862337433664,7,7.7
d849fb36-b714-4247-bf1e-e956af7a57f0,45.05413441625953,-103.75305478614877,115,110.8
25484800-2197-4257-935a-f6a494d6e5da,31.41531205392733,-89.5926875435697,25,21.8
109e7717-040c-4a69-a1ef-0800b30018b1,25.9296882556617,-115.78058095113002,108,106.6
7ad032f8-ad22-4308-8e27-a9e262726eda,28.247176830476434,-93.40397292095963,365,375.1
10f807fd-8477-468c-b11b-f6ad81ed6ff5,27.173610343874316,-111.4051036629541,195,191.3
0b0a153e-0033-4701-bcb7-4dda610fa5b7,27.08209448247367,-81.11952791780571,267,311.7
7b2d8996-a1d3-4199-bd8e-6070b6086877,36.96404221664335,-93.84455310836465,86,78.6
3b146152-427b-4aac-a78a-7b02c410022f,30.14618606233501,-100.73758560473203,578,615.3
be010e53-54e7-43d5-9fcf-2a74f9eb5b96,32.953492913228615,-109.14097132614833,247,208.7
bb4329d0-8fb3-407c-a2a2-966c872ec7b2,48.73763333460806,-66.07678957136407,110,105.3
73ba2a8c-53b6-4047-a94a-824a1b704aa6,41.10785622313362,-120.76907926778897,111,121.7
cb31f4a9-c18f-402c-8725-465a96502665,47.724516676175035,-122.42991984622722,502,446.7
222e54c3-4c07-4d5a-8740-176cd7da39b0,27.56391387582789,-112.18181337086199,172,178.2
92655770-2bd6-4b20-8982-f1df26578435,33.55348687081423,-67.70672494095864,245,211.0
fe028b65-2afb-4fa5-b12e-198f8caaddb4,37.86829508205886,-67.22494806912093,108,90.8
00d83aca-134a-466f-98e1-c946ce8516b9,25.91895154721845,-86.35926364844397,51,51.5
a4f7d3ca-3e69-4550-a592-8f06324d3475,24.104686090698948,-73.07370663482212,257,275.0
2c78cd5e-3588-46ad-a1e3-6eb38890675b,40.76085834492294,-112.37625788039307,187,158.1
5140b1f7-80bc-4a45-b4ad-8a0c3483cb80,40.04548792003588,-67.64951644357922,139,162.2
3597e8c1-8e76-4633-bcde-c3f07b6de7ea,34.26972024999029,-116.57569384176568,196,174.5
d0ae2dac-8f70-4846-b5fe-acd714fa8922,36.241101900800814,-119.03361389728217,47,39.9
933f0e4c-b24c-439d-b6e1-1f86c39dce22,34.38607501480224,-118.3795191844109,316,278.4
e78a3a33-7038-4e2d-9c29-6292f5984c6f,24.600126121122223,-91.18545252691868,592,513.8
f59e2137-ccdd-4fbd-b3e4-0947850aa958,32.38429015543656,-78.9225103576349,443,370.5
398b161f-ff83-4842-b05b-0dafa04c6739,28.427056384932246,-103.36663650539666,78,87.3
8a9ffa9b-0d4b-4eb6-a4fb-99263d7b0128,26.460604727534218,-67.30413672061854,104,103.8
1a88b258-3733-477f-9358-290d06b84a96,47.918010847233745,-99.36921185101856,1130,1079.6
9acdccc8-dbad-4587-b380-4d2eba25038a,38.983993126054145,-116.12353550438024,181,213.6
b03e6e8d-2b40-4c1f-89f3-a183162a7561,42.21640710591507,-97.50796185701793,159,150.8
16b81f3e-08fa-49c8-b2b8-27ad3181eee9,31.884093581652937,-84.93680724007605,522,452.5
e80199d0-5444-4413-920c-bbdabac1a1c8,33.82867823735038,-75.89867895024166,154,140.1
4d55bc47-f80e-4f19-92c5-e9e4cbe53ec8,29.923099847418086,-97.93267089256102,145,129.9
7d2e0b87-a941-449b-bbdb-a343106e4f3d,26.42414177413562,-89.97719726309913,9,9.0
b004dce2-edc0-4064-81dc-193f8c1f68c2,28.475790936039594,-109.22666198262765,14,12.8
88cefa87-e87a-4bb3-9182-9609b426e40f,43.93785113241215,-86.89092494207468,1,1.0
0decafe9-7b0a-46f7-94f0-f8abddfec402,40.93864512959439,-66.82765530692973,489,522.1
a1f82e76-f5d7-4a99-8b4f-b219d317c981,37.67322189963692,-122.10583921732017,105,116.6
a8086fae-8422-42de-aaf7-d8e5bda917fb,35.8772468216692,-72.69469042839509,126,136.6
67259bf6-5811-4512-8c5e-0be4235ef19c,47.06085709140311,-91.82533233671616,373,329.1
3974b539-8795-45df-942b-11a965839954,25.81837369446671,-110.1261790858243,188,159.1
a46ec19e-6008-4f84-87ee-6447428944be,31.0150203309479,-68.66150710945378,188,191.2
7f7f654a-4b0a-46b4-be8d-8e2eb24e64ee,32.74844633926785,-96.48209611952497,70,61.6
86489fb5-e297-4cb0-b86a-516bfb36c60b,43.560645305319696,-105.43027515127025,359,299.4
eea03fcc-ea49-46e1-b340-ea21b4f5815e,48.812865504049284,-114.29163993202037,36,36.4
3440b1c7-a94a-4898-8de0-68ff2180e99a,30.016762868928826,-110.57731959485693,11,10.2
27226227-a96b-45e1-aaa5-660409ae60a6,45.857683353427014,-75.86190654610489,43,47.4
e12e5c9e-d367-4ee1-a543-e5640f55ad6d,44.76556901079478,-88.74980945028722,62,57.4
4ae20f01-da8e-406b-8374-06739bcde0e8,29.616434941044165,-71.11850845018935,66,78.6
34611919-f210-4a8e-b73a-4ba5eb58ae17,33.98331450498056,-111.31386132269064,222,245.0
ee485c60-0ec5-4e46-bad6-b1c4db9ac6fb,34.24182173231298,-117.85282414291481,49,40.3
30d2a0aa-0c79-41ea-9e26-c22d111402f6,48.45551671316396,-124.64083567244019,226,226.8
4cbd6485-2696-4b14-8b6e-1028fd656312,28.522297534472457,-95.03613978065637,19,19.5
a59883e3-b45c-400d-961c-caadee364414,43.97894927761955,-66.0998911074627,32,34.5
8993d7c7-7cb1-41da-b8fa-8b0a152dd24d,32.35481785432775,-83.9970491397003,142,141.9
99cba779-df21-4efc-9d1d-a74d259c2a4d,42.27175864440401,-106.80471907405638,510,506.6
f3ad1971-f1c5-4da2-98b2-74106bb5de8a,34.50027510739157,-73.26534360145587,393,372.2
0e51dfc1-ae29-41d2-9e55-da7837991829,38.4589940779135,-78.87838630671038,693,629.6
7620304c-9867-47f5-a0a8-9d6efc7b58c9,44.815294333153275,-124.09050520148418,210,247.5
4fe85600-065a-4ee4-bed7-6e7c38daac1b,44.104139124597104,-76.80523164807968,225,208.6
49fff547-8ae3-486c-80b1-0d9534efb83b,45.6605795884925,-107.26892132292873,196,161.8
b36aa66d-48ce-492b-8870-4291425f9824,25.490433133616477,-116.16926558956753,195,169.0
78f12a4d-e60b-4f0d-adec-d5804e20c245,41.30126382599362,-111.6464804555126,32,36.6
f0d3de6b-6c96-484b-b4db-75fb6ae1bdc7,27.499684418044072,-97.3537915418668,157,162.4
8aba9b1d-aa45-4677-9e0a-511968818457,34.395464200460275,-99.93279230298735,98,108.9
0e3fd7ac-5589-4f91-8623-349401bea033,37.71471037636721,-107.95564933692063,117,131.5
e2dbd9d6-f872-4ece-a6e5-dd9732488c47,34.06848711867077,-114.83911898978508,148,167.1
3da2f6b1-4581-483f-b006-b3cfbd46134b,36.99029189507519,-80.028383411112,27,27.5
bf08de14-2c3d-4ab0-856e-25381d20b052,48.91315771996548,-66.58352275963989,89,77.5
1b243f47-7b96-427f-b695-3a13ac4d6370,27.380432842821367,-79.11029675523827,13,11.2
668fbf6b-8683-4831-a242-b691afebb098,40.886401133410644,-107.53971890737907,779,802.1
40a67922-743a-4bf2-99b6-d2ad8d401612,33.90002415964038,-110.55627127668413,25,23.7
5b9482d4-27d2-449f-915b-bac6724e7a34,27.32524497268322,-112.15771331210965,60,61.4
1cbcd8e0-0412-4bbe-a62b-a94b5a2cf214,27.968419084357738,-116.93499060514687,444,443.7
9e5c6aed-8ee5-4e0e-9114-7b509d7959cd,47.731827656140425,-92.47149756815423,132,137.4
0bf98b50-5984-49c8-ad2d-76091ef3c600,45.99003741779405,-89.2813780547527,29,23.6
8fcdae56-890d-4104-899b-0069e0057d0c,46.67604901037555,-83.37534302087491,97,78.9
e813fd15-a02c-479f-8310-b7e5668e0651,48.78831939568467,-84.8674111149136,25,27.2
b089f182-5f1b-4704-bcba-4e2edd9bd400,29.207884750212948,-107.75233463428043,45,39.5
e92ff13b-648a-4780-86de-137a5ed14fa3,32.88598343410155,-105.51165068158605,11,11.7
7043eabd-3e21-410e-963a-7b1ac75612ba,40.73047574812166,-84.79064240890207,115,117.1
f48d7bde-e797-4deb-8593-aef3a26ba86f,36.09506349651618,-104.38258919376592,329,392.4
9b6894fd-4dac-4edf-892b-0b4dfdcadb96,34.459738334458336,-112.45523181246053,176,199.6
fe4c38a5-cbb4-48e6-8fc3-2b7e3638c235,32.94528123338983,-102.91416693189237,186,179.5
149e4c7a-b704-4375-83e9-53687692731b,38.84451579858631,-108.94703470289932,45,47.1
43d84955-31db-4194-81eb-280a26346ccd,38.389835716002054,-119.78954944810391,84,71.1
64e347fc-9c0c-40b7-9d91-75338ab971d6,28.036445851606004,-76.02180476567744,373,356.0
4a657219-fcb0-4f8c-a70c-cf71864cfe62,35.79349593796098,-74.66642803973485,18,19.7
435e3a13-6008-4050-b32a-c922941ce596,37.836794405246245,-112.03473229015411,390,409.1
a5dbf587-5edf-4dc9-b302-ef905889cf1f,38.25717346828476,-121.1784402280131,132,131.2
baf63ad0-f818-40ee-a338-f35b121937f4,29.252679822808794,-81.4091811962804,363,316.0
f9500679-60dc-45fa-ba39-07ab7cb6b574,42.55678480630717,-112.5198110740586,77,86.3
4c4a61b7-f92d-4178-8ced-653d10715434,24.629977370526742,-101.78730612322525,83,75.5
cc1e8808-9dad-4125-aea4-c72bdd82abb1,32.870796388579066,-121.21602011799439,279,314.8
9822a73f-9bcf-4da3-abb3-8ee0f83285bb,43.50531621339084,-111.65009449925232,307,320.7
d3be83f7-8a86-4e36-9081-1d8a8a6a6a78,38.097323026385055,-78.21876557855148,52,49.4
817920fb-c3b3-4a0d-b086-768146d86aa4,30.529060812771505,-77.54060963200308,721,588.5
59b835f4-1ab4-4a9f-98d1-e43beec2b651,41.37382798357619,-112.78199533162508,18,16.1
2fc9a650-2ea7-4e6b-96e3-a254c36d7a41,38.18477360390183,-105.18108313870532,14,16.2
0de13b91-a4f3-425a-ab0f-7a18a7cda267,43.90609023640968,-117.07993327346912,181,204.0
2c8e363f-57c7-48a0-a20c-53359e0a4273,42.37562965474558,-120.62381481318958,257,264.7
5fd0a667-70c6-4416-88d4-fc614c3dd7a5,39.25269805090586,-66.46186884754384,648,639.3
87d5d59f-9781-43ac-a1ab-65ec67f08634,36.204441882770354,-86.31995687655449,104,110.1
7e87dafd-eed5-4c5f-809f-dec1779f700a,27.329553141688084,-93.0163059572992,5,4.9
7c08cea3-f6a1-469e-9e8d-a8e1a9909bc4,30.533325447134594,-79.83558847608732,185,195.7
d88c2107-2b10-4a07-b483-5e091cf9c3eb,34.47748682292713,-75.43544757842427,68,62.8
6cd74772-fc38-4815-bfe8-85702d14e35f,38.98248217515972,-77.40382868536108,113,128.3
f35a4d75-59c6-4127-b541-443d590d93cc,36.84269638038262,-124.02417249189727,134,144.8
4aac5b03-c650-4888-a07a-f783d96ca47e,31.204613148988237,-113.97833400676059,13,12.1
59fce8b5-7bf9-499c-85ca-c229205266f1,24.161608944742763,-86.36058717504797,133,150.6
c93131bc-5541-4290-8657-c08c42cd3e68,36.40598054752035,-102.83019847956619,111,110.4
58f595ed-58f4-4382-8f1a-3a2c24adb1d8,31.140649714056078,-67.03352358739468,249,216.6
0b089d8c-4dab-4e26-bc27-f2728a886d72,42.36520751776338,-85.74111723434302,208,172.9
10b67f17-c944-46ce-9ae7-1c5a5c66e511,24.598656631762086,-68.56361438497682,41,44.3
80b97a1a-da37-450c-887e-2083aaca7595,38.620695282644775,-113.11465758289816,46,52.7
8f197ba8-0a43-4952-80cc-0fda99948c5e,47.53685593765164,-74.02653534121364,58,65.1
06137e71-e148-4eff-a4a2-40dcd9f17320,28.36023167778749,-106.04021395690171,39,41.4
13c33728-310d-4e44-8e57-81a7a7906e1e,35.79123726876489,-66.6156763139694,214,183.3
ba0d1c35-8c05-422f-ab6c-7c74235595a3,26.285549795428455,-115.69636834768431,1038,869.4
5a437d14-943b-457e-9d97-3dc993858c34,39.64204780653382,-94.53595068853873,211,197.9
4585c623-27c2-4407-babe-f4dd2cdfe2c9,37.76329201490564,-78.22217250360981,187,213.5
7a172a1f-5ef9-496c-a24d-5210fbcadb27,34.18413810532081,-99.47409364436189,106,125.6
c8f044f0-9f52-4616-b0ce-56797d5b377d,37.03442553684353,-97.38304044892885,75,67.2
fbe1e5ca-7db5-470b-a457-d7f788f75e86,46.41436646172525,-66.80500806516127,484,534.7
7e21d102-bc67-482b-82b1-14eccb97db58,28.907357557776677,-99.90681913223196,695,715.5
2181abd2-b056-433d-b3c9-ca901a6b8692,24.56411279263368,-89.35974606465524,137,111.3
e607fd7f-72a9-49ff-abbb-46341d72388a,45.54162211747752,-121.7821600201661,69,70.2
46aa30ec-902e-43b6-ac0e-4d251c5f2435,38.427927059697666,-75.30960526759466,294,330.0
4579bcc7-1fba-44ac-910b-bbb149f0d221,46.266461386546055,-86.75808511020693,28,25.5
040682f1-8cde-4ba2-8c2e-dd2653a1d555,38.92363058532931,-101.162813931094,290,336.1
292f12d1-68bd-4654-9baa-43fd43072929,44.25402724899256,-124.04599714268333,342,305.9
17089b3a-2643-45bc-b859-43ba6b52cd72,34.7418340838787,-90.09153958498328,27,22.4
e532ab9c-d4cc-4568-837e-2ec10dcf2b6a,42.746498282206716,-124.25318811943443,753,650.6
ae4893bd-8cc9-4372-9071-8857e39b4efd,46.8260366722464,-124.92898677936795,847,961.2
bccd90ea-e012-4183-831b-4bcfad94128e,38.30307409305516,-88.65018483318808,552,533.7
60e30957-ea87-42b5-a74b-9a4e213301de,28.51962876405949,-113.8479930272613,137,153.3
b77a03a4-0deb-434a-99d5-21fe5eb52a65,30.719940375754955,-113.67863456663238,196,198.4
7b9f420c-2fa3-4952-bb54-d1ac9017cb9d,28.966114422435144,-86.45697761586811,174,172.6
6430d6e4-14b4-4490-938b-082b65f24bef,30.171425689893322,-121.83186591157691,109,122.4
1843322e-8a82-4814-948f-7c69c1041648,31.66038623377591,-106.50907187300118,46,44.6
eb32af37-e3d6-4a0c-8cbc-fe4d836eaa24,37.87834466882971,-116.18351777362088,110,123.3
6673d36e-0c30-4654-b85c-f025f8d3012b,38.699790736595816,-90.76959418200451,218,183.2
ac333bb3-527e-4d7b-b96e-b8e5e8dac434,34.66249368104653,-85.95585587108366,15,15.8
0347a233-5aab-4539-b00f-1ceb7dd3caee,39.38551949552088,-82.45298463765644,81,87.6
1f85c94c-42fe-4a49-8514-77582326f819,26.039373140284148,-109.94135820180463,4,4.6
b65a9465-040d-47f6-a0b8-3816d194d85f,26.194705926454,-119.73426465344154,277,246.5
b067967b-8c17-4428-b09f-5257ae22c427,28.29573650894146,-120.35766424042802,205,213.5
06ce3aac-de3c-437e-bc56-693df27aa836,36.95193745100862,-99.85705864140729,13,12.7
4bffab69-63d3-4fe8-ad46-2c5ae1bceeb2,29.34986696745784,-69.19517986529982,669,637.6
d39d5762-a717-487f-b70c-dbe40873a214,31.082110087314433,-112.15398697942555,5,4.2
e99f910c-1812-4b58-aeee-3bcf83d1a9f0,34.00782090432485,-109.85224552084858,178,152.0
a2221ca0-791f-437d-9ea7-d08dada03a9e,44.29665310025949,-119.04756067575433,300,340.4
b789eb05-d775-4604-b50a-e883728a69b2,24.346553397821502,-89.27135384025812,310,341.0
77ffde05-5a72-413e-9dcb-2372b0d6a504,40.23447050591556,-84.88750043711669,7,6.7
2526e19a-7a95-4074-a27b-4eb901aad83c,40.72191327601713,-87.06705871851517,474,536.3
fefebc3f-3ae3-423f-8570-01bbca453977,43.96639450891591,-74.19331566035791,501,417.0
121bda1e-1f21-433b-8062-f9c715f61c77,47.31882347650783,-96.30087573346177,165,173.2
a532aeea-458d-46df-9a42-a94b57d47595,24.503446223732247,-117.0670345947432,132,151.4
2f11d49e-dc6d-4e0c-aea4-fc177744ff9f,27.844592637830406,-107.92509728843966,9,10.2
00b64dea-8dda-4795-bdb4-7dc9379f2f52,46.15428235139983,-85.91663156814025,165,156.6
27dc9158-4a27-4ea5-8e1e-9cd69c67d67e,35.46296405467538,-88.82580354924796,105,115.3
bdcba0dd-1b08-4ea4-ac4f-c684ccdbde07,38.11476597333659,-93.67081534516521,296,287.4
73de81ef-f171-4094-851c-6c911a2f627f,40.57568009307869,-84.70509929736745,103,117.0
0107c4ea-30ae-42fa-87f3-86e9fd8ea80b,40.97666511239093,-87.39393982797534,230,232.8
4daff9fd-a989-4f15-8b69-c170c7c9882f,47.293510082912704,-73.00183152156785,21,23.2
5d17d1cc-c0c9-46ba-8095-5ceaf4f29f4d,48.923735435291746,-90.4250337287805,29,24.1
4f07c809-bcb8-4d75-a714-121da3ce1e34,42.00393652327351,-79.06251983666718,30,31.1
d9b266c9-c8c3-418a-8129-b2cf7ad3fe7d,31.18053023012877,-110.32627779797839,9,9.2
af51637a-bdf2-4f55-a7f1-1db32b143030,45.99381005735859,-84.98722750924499,156,162.9
d6ee3e11-caaf-4acc-8f28-05ba5d529211,25.23052286351904,-71.77054701542212,316,340.7
405bddaf-26fa-4841-a345-11c74de81791,29.777021321862406,-102.24179265390984,189,220.6
72c03dc8-7c6a-4c24-baca-99d5eed14b20,46.43464293659287,-79.03285294701985,171,190.5
7506ed7a-af78-4d61-9449-29a31421ac87,30.404787860983873,-82.23743122946931,228,202.4
558a5b1a-a1c3-4089-9959-8e6258258ea0,29.51627649054371,-121.48795438456247,83,93.8
ef8003a3-589c-464b-a4d4-459e0bd44dce,27.453132328506182,-90.69100973217974,90,76.4
67f922d7-8e4e-4a63-a1a1-dcbef365387f,45.47779394117291,-117.31882839715266,75,78.7
7a5bd4f3-e621-4e86-8339-b9d14c0bcb3d,36.50145647977717,-67.92816883839512,586,675.7
95a5908d-c5c0-46d3-b02d-51f5367316fa,40.87233007635387,-77.12695734066128,35,29.4
9c26461a-b21b-4ef2-829e-9a1e3a1382a8,29.976659601875742,-118.52629572641992,3,3.4
ee50f95b-af08-4886-aad8-359423acf4c9,42.95101052528041,-117.81663213878697,181,202.6
4c180721-26c7-4d99-a6ce-8edafc5a5816,43.00013862405246,-89.92604256015548,571,571.9
3db43a11-00fe-4b96-bb26-f4c6e666ffe5,31.814950622707503,-104.65153872378218,188,173.6
4f91919c-fa22-4752-9d70-14d2a2081d35,34.26706582525707,-122.94055431468655,305,293.5
6e11bccb-bc04-492b-8c27-1f06d7b805cc,29.242256935755023,-93.04315103784987,223,264.8
d85fe574-57b0-4571-9bba-ffe8af60e6b5,48.41402558307261,-102.11713911853504,138,121.5
9009d558-ca38-48f7-9574-76882b72db0a,40.14006442646029,-119.03648695006719,253,261.1
53dd1d67-09c6-46fa-b4ab-90c7b8150dab,47.363597017887884,-77.68669685689702,348,290.0
68ad8e27-4fb6-49ab-9d28-5659c8b0e941,31.58463859072833,-71.01047084855045,51,45.2
cf26f376-be7e-4063-a157-1e48d70176ba,43.547272824922246,-80.36095789316633,82,90.6
5bd1737f-efcd-4a73-926c-80dda56561ec,43.14646609711855,-76.47708370903965,51,47.0
20d1349b-e220-4622-bdaa-19b1fe833812,41.291391296663534,-112.22705653129907,120,143.3
f9d392a1-4235-46b3-ae91-8ecceed76a4b,48.140974381670006,-109.44919589580255,433,433.1
d5c8d7c3-5e28-416a-91b8-9e69d3149191,33.838883402657885,-112.69687512234792,85,85.6
ac2fddf8-c1d1-4405-aafe-92f9dc225162,27.267933089743934,-79.86125754943173,94,76.6
45ff4092-1f3f-4856-b6a8-70a49c1f3c8b,40.79272148110152,-69.07289234286468,394,465.9
46c7566a-0a40-473a-b70d-fce55ffad7da,42.232745011930156,-82.70660480269974,145,126.1
8af8b8f5-2c1d-4e4a-b2b5-dd6cb544564a,38.376514336470365,-72.9934608721062,153,155.3
26331df9-0462-47af-8b2f-6bbc85d2b2d4,29.17044732833491,-87.31675340189281,394,377.6
6249176f-2c5a-4f61-b78c-9b6ffcf522b4,36.611398541733884,-102.12806586703086,135,130.4
c283c086-5e0f-4d2e-9686-23ac2e9369eb,31.804743414228234,-99.880064719112,229,242.1
384b7683-2428-4df3-a427-899f23b41799,34.686663204167225,-120.55603550212311,18,19.2
8fe04b01-3da4-49a6-96d9-0a6420bd8c46,40.130464396116594,-123.14402548048446,39,33.6
150d103b-5837-4026-bee8-36c58e5c3653,42.630368567270864,-83.96693935284443,104,104.0
a7e6006e-60e7-4a2d-ab24-b151bc761a90,29.805617272533578,-99.13269537134035,137,152.9
30a7db56-7cae-4300-bbbf-b54087bfc40e,34.133134016173834,-92.41931098477686,675,659.7
54e10e0a-0a12-41e7-9335-6a3363bb5068,30.72903927479073,-92.09798639027744,706,611.6
3b585383-1ae7-45c0-9a31-ca214a9b5153,28.965790346546726,-108.63482701333521,381,352.5
c91578f9-6050-4d17-b301-9d8e22f43411,43.58468049989596,-96.92234186106005,76,67.3
41a8f855-46d8-459a-9e5c-1f09e85a023d,46.731317360924805,-97.22514692160557,665,565.5
5687267a-fb1c-4b0b-95d0-511fafdbab4e,33.25580464211442,-102.08279394755644,234,222.5
89a962cf-6b8c-4ced-8936-2a87a42ea6f5,42.78197310934417,-76.58015237933684,100,101.6
a83d05d5-9ac2-4767-b32e-8a55e8ed8c4b,46.42488223411028,-98.38132378243185,242,200.6
a831fabc-b8ec-4565-b815-1a29a91da540,45.15310526325579,-89.38497305414671,3,3.1
fd111472-d860-4870-85f5-9dedaa403ff0,28.570334713480648,-72.16431289753126,32,38.3
94d0afd9-ed76-47dc-9684-89133eea656d,47.907297037834034,-73.89221625132357,354,419.7
dbf036c0-64c4-4016-8972-a274a7d02f93,33.41691101073656,-72.46508997702927,207,234.3
f5578ddb-bc7a-4aa2-b234-cd0b741202a0,32.48101652934591,-109.06970520856417,91,82.5
06b8338f-7320-4d8a-a432-1c8d9b3f5d77,25.560783181944508,-122.93603318982429,139,112.4
501567d8-65cc-4c18-b1e6-7367211ca5c4,36.154341352622076,-109.59705880617558,471,533.8
c54ac305-b034-4000-b958-ce614e20d2ca,26.725340391023217,-108.5562666083782,200,164.5
6e755589-c4b0-4c5a-ad76-4454346f9e4e,30.21349552318565,-71.34774072322688,102,90.0
ed1576cd-18fb-4e99-9826-b703be83e9e5,31.923565544182033,-86.69467876255973,26,26.5
98983d31-714a-405f-86e5-e2cc84fd9fd0,44.2206580872921,-120.17946638346851,70,61.0
ba099232-c3b4-4f73-8d95-6835ab6dfe84,45.887216259897414,-117.01266283534503,766,868.3
95792413-6894-4a75-bf7a-df626d80e245,31.56165793653674,-115.81510859302345,115,127.7
3f842d90-1130-48d7-95d1-310c3464ac17,45.467453031114346,-87.80511685803353,128,141.1
518e9613-b123-438b-ae9f-2c3e5834f2c2,45.43077343424478,-81.61057249508681,138,155.5
5c1cd1e5-3e37-4925-be15-a18142bd01d8,43.11627375962183,-74.28100927664163,431,382.7
7089e4d0-cc8f-433a-b483-3a55727aca77,27.667377850379538,-69.50244350243166,771,841.6
e7b21a6d-5480-41dd-8e89-78316b887366,41.25807117251823,-113.09943111419993,237,223.3
4c946d9f-9f9b-4749-ab62-33e0fa881717,47.625601614514224,-106.72342340128111,99,105.6
ed361fc7-bf65-4580-ae75-128041632e86,41.063511969178926,-110.820950036055,6,5.1
baa7d479-56d2-4d97-a353-767d4097a762,32.290421227695845,-103.83306751949787,535,579.0
dfe5e772-6fb8-41dc-ac88-6a20b1ae22b9,36.514482935770786,-71.03475866199878,596,708.6
25486f5c-51ff-46be-a658-19eb2fcc614f,40.14312608377634,-91.06835855057767,596,487.2
10282515-f148-42df-abd4-a4b1ec03c4d9,36.76426021821259,-81.44667805785456,575,481.6
08146d3d-369a-40c5-8d13-312002c2e5c7,26.998823543274245,-96.08296506851985,338,287.1
fc1ff8bd-467d-44ba-99ee-02f2df16f895,31.801601116300517,-123.29738311316865,231,224.6
d9fed6b1-c593-45b9-93fd-103f21a9b26c,44.059900763840815,-121.21246632612896,372,340.9
3be06885-41fe-47f9-b23b-e826413d1be9,45.535451152387935,-93.26254115519474,184,206.6
d7724978-a8c7-4e78-a644-976ef8f4b54c,27.432500817889256,-82.59144694561849,29,28.7
e81ff834-241c-4974-9076-2ba53d699e86,47.809668809968116,-112.29549887580484,99,98.4
4cef19bb-e1b3-4ddc-a294-95b0af38514d,32.22056544621523,-82.40733513445406,710,771.6
40c851f8-350d-4709-8377-7ce364ae94c4,40.557843468268004,-77.17071936447277,87,82.2
ce9f49de-7568-46ac-bcc8-6e00358ac525,42.79562864891703,-100.69804877663543,405,381.2
55f0ba17-905c-4058-95e5-0dafa509ac7a,44.29865586594708,-80.9612652621978,20,22.1
129a7dc7-8c80-4216-b3cc-189c1a1e7fca,47.64374255564825,-101.16223293062086,81,90.1
2989a25e-2b2d-4496-ac2c-128aa05c7f4d,31.822988700720565,-84.97731286215381,86,69.3
420b8cce-d436-4ad5-b856-528ef34faa2b,45.46266136378886,-79.92417409014696,11,9.4
64dd03d6-5748-4cfb-905b-5ce080c21495,27.292172585905178,-66.47632951982146,25,22.1
126494b6-42a9-474a-ae99-ca00eaf7b326,41.626022658839815,-104.62159693824783,43,40.4
e04574f3-e175-4248-b2b6-497416e8f9bb,42.549443237849644,-100.74859394609793,364,333.6
cec7d63d-0836-423a-85c8-f3099b6bf160,40.943081030033014,-115.22841649479989,13,13.9
1323fb7b-be62-418a-99c0-95fc58aed5f5,30.307868403378826,-112.95968955429339,71,80.3
3f5ade8a-aec1-4ba4-8175-20fd04a91f07,45.82607867538009,-84.08969484669572,2,1.8
4f17ed92-3590-4f8e-815c-54bef1d1d15d,28.221461584259874,-70.89431018088591,238,244.0
7c32c5a3-a363-4857-a81e-e01a04080dd9,25.340869788020772,-101.71830785198681,194,183.7
747dbf7d-86b3-43ff-aa47-00a15ea1ead4,41.93662476529781,-114.38917763670307,207,207.5
283d6f17-636d-429c-8f22-50582848d53f,35.886892880818344,-108.17912953640335,94,98.5
d3219b40-f1ff-4bdd-bafa-1a2030352822,45.2274504989669,-98.15194941631982,47,54.4
adf7de6e-ce21-4378-b973-cc27ee6e5d02,33.58492852645647,-107.85163056744327,255,223.6
71eac7b4-7c08-47dd-ac1b-40be8ae64aa8,28.20696471269282,-111.2188340958099,333,278.0
9a4d927f-1fd1-4d40-92cb-a48b55a35a12,44.911054811746745,-81.5769151633323,30,31.5
41d49475-0ff1-4c91-b273-6ed5aae93158,37.72274079100179,-124.53714964680323,133,127.4
b0c3feba-b584-42f8-a6c8-ca22a3c9e1c1,28.72989480975887,-93.1853988871475,57,49.3
0bf087c3-13f9-418a-94e7-c2a8bb8e664d,42.00959996466115,-78.16775838524453,37,31.3
8392ae6f-1524-4dae-b716-5a5b75dc315d,36.77784096223751,-109.29253110726938,265,271.2
c5990cb7-6afb-4bf2-9a7a-5db1bf3dc604,39.107824556008,-89.40580087389097,154,141.7
343cd202-7a8b-4a9e-8c7a-4d09864a6b42,35.522458455164546,-85.53489376850155,49,58.7
9eda10b4-18dd-4a41-befc-1199941c91bd,44.717724595450164,-86.3535429120997,74,71.2
89b0d411-9302-4a99-9993-197cc5fec59d,44.73906789207625,-98.69487158227565,680,601.7
5667dda5-9f22-4fa7-a0ff-a00709009c2d,41.734720545609655,-104.55189871532903,378,397.5
ad23cda2-5348-4465-8258-5a143916360e,26.635034434911557,-75.68047969135901,424,380.6
1405e54b-0cba-4492-a267-2ad34ae0eae6,44.971346547601726,-80.25168853700801,123,122.7
0ff6ee0e-9105-49d9-b1cc-d92a2ac3d5ff,40.775324513322744,-106.04594476857916,196,194.6
9c9bc0c1-23c8-4f33-9c10-a8f6e0470b3a,41.42560415010749,-118.92186752790984,95,93.2
aaaf5804-9fd4-4f98-a4b2-2088a77659f1,33.07457101009679,-120.76335481871732,16,17.9
99994278-2640-45ec-b094-d8434223021e,45.98198890392517,-119.43771730396277,103,91.3
0b4a120d-705a-4b5a-90e3-841b6ed0a232,42.134290005871435,-90.61070768966948,180,209.1
347b1318-baca-4d59-99a8-e8126966f7b7,26.814761663229863,-121.9519316260896,68,75.9
9acfc3e9-8eed-4165-97f2-676421a5700a,34.19445086015406,-105.12131437712173,377,351.8
43acf47c-85c4-4331-ad21-c8f748f07143,46.159509049003546,-80.56121758706047,33,28.8
40bbb3c9-8dd4-4778-94f4-dffbf73c3cb8,25.179917542434474,-107.6334581755927,91,83.0
4a95818d-80eb-447e-b0e0-e7a613d38ba2,48.03541549105124,-79.96482344637235,27,25.2
30e9a2a1-8c0e-4545-908b-666d06885079,40.97906420798907,-81.01744474578373,104,106.4
64c9217a-fb41-4d55-acac-a947b5a0f8e1,39.78439944108442,-110.49619917464024,8,6.5
463357fc-bf1f-4337-b998-7f6a145f37b3,30.763981412199783,-81.99949137452802,64,74.6
525a9357-e11c-4023-9d62-6d16b3bbaa02,30.219794718479427,-80.88117834194605,102,85.6
9dc762d7-0a07-48d5-85bf-199728ba9d09,47.55145548721489,-101.55021838564542,130,118.5
4e0f344c-72a1-43b8-bcb7-76a75a10beb3,31.45681135585307,-112.58519145925042,157,132.5
4aa41391-35a1-4fc7-bce6-b77fe0a12366,43.387632417974984,-94.24502239337973,64,57.8
ce1ce021-1175-47c2-910a-9e83d7328463,33.82804495517698,-70.63754230798841,148,168.0
40ad6526-a3a5-483e-84cc-c741b16668b2,27.4813517696176,-87.26261278650834,142,148.5
3124bf2f-2dc6-4768-99bd-8ccf17958696,24.267882442383975,-114.79757263999159,76,67.7
24ce4c5c-a932-4593-9a47-f96b1a355d87,37.60643342538127,-84.71734144072232,355,407.8
aad62821-ad59-4a59-92c0-0696b616f245,48.394470463723316,-99.79502139037176,541,606.1
0e556388-b668-44d4-acf7-c9501fd19c2a,33.228404845230116,-90.099800956033,81,89.2
dc3190f3-ff4a-45af-a2ea-60ce97935e80,32.92980834982612,-81.69022193363664,589,670.9
902e0dc4-cbd9-4218-aef0-bcb9baa7f037,32.602290446236054,-94.61810626064775,373,390.9
4b40df10-66ea-4107-bfe2-7a0ddd0d72d2,37.01359593262146,-76.97494550017478,810,810.5
d16dd794-4920-4598-aff9-81b93c4cb6a6,35.01662208560734,-82.39282082031896,236,224.1
db466063-920e-4ead-a38b-efe7c8a47f70,45.997865668175365,-88.71067293890786,95,84.5
05571995-805c-4527-9ec4-8693668e4eb1,36.63801979308726,-116.10322386589127,66,67.5
9aa8d063-ef49-4a1f-b565-e0f83f48e6db,36.69394595471422,-75.67900245621746,218,252.0
898592c0-da7a-445a-9e4d-6fbd8584a633,27.459289868013915,-69.78157046613086,791,820.7
e2d5e5c5-7f9d-4a8a-a309-0f6a3ffcfbb9,48.56848852275965,-116.91905769525161,197,230.1
3af83f7f-f995-4d94-80f5-dcd0e30bf4d6,30.249322271720743,-96.1937733634276,427,402.6
eb5395fe-56d8-42ad-9812-b19cd6008fa3,25.834101686490065,-109.72556422374024,80,86.2
28e2416a-ff43-4a86-a8dc-992929ad9f19,40.578656224380225,-80.4831248618917,104,110.2
4f71b2a4-2dd2-4c06-9ba9-c60ae3d092cf,38.884159253921815,-82.4238514757227,473,505.2
8098ed7b-9a41-40fa-93ab-f54896e6e1d1,34.37864134981864,-116.68777788634648,283,299.4
9cedafba-58cd-4604-a5c2-8569810c8265,34.55480584701695,-73.2553909955634,797,708.3
6315abd9-8e3e-4392-a1d9-2b6cc0a715b9,43.62659802616078,-114.32258922529786,298,255.5
b3fcfbb0-3afd-4461-904c-190e6be2f0ad,28.892816002491227,-77.96171748676166,119,141.8
eadb5ee4-9be6-4468-8291-0f6a58daf462,44.50633297362224,-98.03815878194771,151,123.5
1a925457-61b0-4dc7-97c2-bcb10f374c34,40.21867784737545,-105.63193468006908,462,456.0
04ecd7a1-c2e8-4d09-8e89-83c1beecbce8,34.47424434448811,-115.66388350222141,160,155.2
89421eb2-462a-4505-b15e-5db1307a14d2,35.450715414596715,-115.11075888734887,59,55.7
d556b436-93d5-4c3b-b8e1-2adf084a7f24,30.416180179652393,-85.94845727264689,114,126.9
90197861-9d15-42c5-bde4-b18b42a9bec8,42.802858317424366,-92.52460711111989,145,159.2
0cb6f998-baf5-4b28-be05-7847458943e2,36.821868557631696,-117.79696012257727,20,23.2
e0230ae5-dd04-4d39-bd06-e3c9ca62f5f5,32.02136356874609,-118.35082623413881,272,260.6
6dd6c919-b69b-4072-b3ab-da1fc08b625b,38.901252894023756,-120.7336760884053,23,23.6
4196e6e1-3b05-4699-9574-3d7b6ad148b6,48.89336130128308,-81.1177265049609,104,120.3
b07b205b-0f35-4df1-83c6-7c596bf91a5c,34.881556991413845,-82.99895697147194,327,391.6
e62f2a14-bbe3-4fe1-9854-d33893e22459,47.01728501946549,-121.55257153958007,126,149.7
00419ad9-f637-4cc6-b980-2ae24d3bcbfa,32.62542099811415,-91.94406553977859,369,401.2
883e9a12-99e2-43ce-bd28-9a74f2422111,25.368317673124647,-120.0041068406813,84,72.0
ed79cf9c-cfa7-4e32-9b1d-d84bd637cbb4,29.10605265921072,-71.67899953407243,632,511.5
f0b4c679-7476-4d97-8f49-d621f05417ff,34.4673785831921,-71.48007226837218,47,53.1
da853f1e-0963-45b1-b0cf-27d143848e03,29.490873214864227,-83.80425360102532,8,9.1
f371c93b-dc8c-4f40-a5c4-fc3d3433e450,24.00567595545639,-70.35485363507246,412,452.6
15a50fe8-468d-4e36-bd22-f555f013d3a1,46.87503844368818,-77.12427120559227,279,254.4
e37eec0a-e9cb-4d30-b719-05008f15e7e5,45.096985280773225,-76.11622402030409,53,56.0
d9f4cd23-c461-4838-93b6-608fec60a929,42.557305787173675,-91.38723681637394,837,775.5
27818dd5-d9e5-48c9-b5a3-ee0b3c7b6481,28.195364891150717,-106.94250730524563,140,137.2
08fb2915-4fa2-46bd-aa93-4d833bd75e73,27.00908940524965,-112.14985220813112,603,574.6
53e67c20-2865-4a55-8486-4ec7784307f7,25.69011873680958,-105.69519869970318,141,164.3
8127f994-828c-4c2d-af83-c6ebccd1996b,42.10072971932303,-87.91876962474534,128,114.4
46c30983-52b0-42c0-9803-f6c489ea1225,47.22019901719713,-114.81326438588846,119,122.7
e7dab243-bb2e-4df0-90e6-44f3b263ef69,34.763395522825924,-109.74022603839802,82,77.4
bb2e03ac-2ad5-47f0-962b-68f371bd7f59,26.978516799901204,-97.3844090950676,153,163.0
4dc4c1ca-3902-4b44-b2fb-aedf55663fe4,36.809820518302665,-111.25004418704768,120,123.1
54423d6b-3c3f-4bc7-979d-ebe41b28e1f4,32.72079768646575,-90.27002348675236,7,8.2
049b4b78-1425-448f-997f-1fc06a683e54,33.37062310874994,-70.53261432107654,60,50.4
5fdaddd8-20e4-4b6b-8201-97d19e431d5a,39.53326560389268,-80.86272742351554,48,42.6
d982940f-10d4-4c87-81b4-83153fbbf109,41.96795283155506,-85.68082976521413,404,447.0
83fde446-6c76-4835-9f0f-54f1b07a879d,26.76508997182902,-90.61943291695705,183,173.4
919b3257-828c-4497-8883-40b0aafc9f84,24.88975577016191,-96.21107335383317,289,250.4
a5192969-098f-43e0-aa5b-60163ac2671d,48.85825756714287,-113.99273228155508,629,629.8
52aa61ca-dfeb-4a16-955e-567d12d84cb5,29.818208722888798,-72.21208312981494,207,219.6
042b7a15-2c94-4be0-bd8f-0bb0fcf015d6,25.345763122711478,-110.33637588124266,810,662.5
79443a47-64e3-4a01-90e1-39d5eceea71e,28.746883227398,-119.61277622288851,75,68.7
9bc19bfd-2b9b-460a-ba8e-4082a0d1ff20,24.973946158711605,-80.74910442550699,41,46.1
1d12d93b-a433-47a9-8577-1a3834646ebb,33.79527236542929,-114.63868347446119,103,103.8
08aef954-6611-477e-8683-395ced34b09c,44.060044611283104,-103.05813602707062,127,103.4
450b0c87-65d8-4a0f-a0d1-0585a2824630,32.531111243943016,-123.3311892308322,451,411.7
71312c60-38ad-4bcb-8c99-a472a0bedbee,35.104585171959165,-116.91299139011356,164,173.1
462e4f9b-d5a3-4656-b83e-0708732b0c35,40.88966933918597,-114.78098578516519,69,60.7
6836e189-d09c-469e-965d-a1e66f27dad7,36.722351751747006,-121.7898024627395,271,306.5
a8696459-5ab3-4ec9-8b1b-9be3b99b484a,45.53614215053311,-86.25723955925213,141,151.0
8b416ad4-14a9-4731-ad11-c1a5cd6ed02e,45.650891876143916,-75.61654004761608,35,34.6
bc2dd8bf-1c00-4fd6-a5d3-3af5bf0a7171,24.24776738727884,-102.97439102440948,172,200.6
c2b12ac6-f681-4047-b3a2-750c9dacc44d,43.45115766207998,-73.39998787362616,485,464.0
29898844-b344-4401-a3d8-a85e919a0101,35.518340006041846,-112.41255210095254,370,330.8
d416f1bb-3c5e-4fd0-97c4-198d3e9045b6,48.72101353259158,-105.80196500988687,177,188.4
11e859be-52eb-4a95-86b2-60d9987e4b13,36.08080189688588,-116.10651741116106,95,97.8
faa83f43-fa4a-4d37-a52a-7b4f47064ef7,48.672398634707434,-88.38700747027909,18,16.8
a2f8e773-1a99-41f6-bb87-73f8c7cf50b3,42.864234030143415,-100.2276941386519,127,119.1
a6708304-b5bb-4110-b0ea-0b6d65902763,30.215122115332658,-88.81628253632798,279,267.6
e9b0fda7-0188-4b19-8264-31a33fce846c,37.459874482173944,-80.06118058174317,89,81.6
aa038dfc-fdb0-4b9f-a100-2c97b4329d5a,48.80339098696457,-92.80352205405603,54,58.5
c2f3566a-bea1-4ab4-9937-f91131e4c037,45.43826519379809,-87.96980906079452,536,568.5
12a68d60-d563-492c-ac64-68b12a54d259,26.434172344780528,-69.82023145073435,345,336.8
d2d353ab-49e3-4d7a-8725-1ce4e328b652,41.6592999202499,-107.35520573307826,203,194.7
96161f8f-651e-46da-b2c1-a5bc8ba73053,32.63948964677033,-103.80932762059676,29,27.4
1f5ef0b2-374f-4cbf-aa76-cf6bce305c44,24.174556547008702,-82.65550165914912,31,28.3
15fba6be-615b-48c6-b653-2e6a76e65acd,34.08702422567499,-88.93297449373219,22,18.4
a1fb6294-f145-487f-864c-191ac491727a,29.86886054312428,-114.46655863215682,977,886.4
e22a4aef-fd80-4c54-b9f6-7e1e18e31d99,44.47173176301179,-102.80730870938108,25,23.2
41cb4091-013c-4add-991e-e940cb73db83,32.43326522114414,-97.39755722564182,370,377.1
8af231ee-56c2-4ce2-9da7-ce3eb060b7df,44.68809234884543,-100.25599955986503,991,1099.5
98c4018c-bbf4-43c5-8f52-6a66d424e919,24.014948470869882,-114.48178630899959,91,87.2
44e24e49-f277-4f2e-a96e-78984429eb89,31.695478750652978,-70.45862458472853,121,142.5
41ec7797-04c0-46d5-a03e-d436c52dd585,30.02913035769405,-80.02319306005543,249,281.6
1843849c-395f-4948-9f93-f672b2d8e6f8,29.839184026715273,-96.60000590563672,553,660.2
2bae048f-b089-45e3-a93e-bfd67345c3de,25.704665494136567,-84.87639932989664,449,516.6
6cf7b659-118b-4f9f-810d-3fefc463cf71,28.678106760262544,-72.06032234400422,12,12.6
51adfab6-f813-4070-b828-959576d35382,37.8887392471405,-116.9657256006673,37,38.5
1690890c-7148-4f9b-8864-a7fe2cbd0e75,31.284026820943613,-110.22799000828832,281,239.4
df322e49-7ea6-46d0-9dcf-309cdb477db4,34.4348695582287,-92.98062641185794,234,254.8
474ea832-fe95-4de1-bebb-3b62fb5b5299,33.421672008679714,-77.85838809021084,29,30.2
e6b50429-1e81-4fbd-aa80-8b3815b2820d,45.89762312499737,-122.86096116894988,139,139.4
c666b242-ae36-45aa-96ff-2954ecf1ba0f,46.63247497526289,-66.94292913841473,1132,1219.5
8d39c164-2187-4db7-873c-d43a5b60a78e,36.3239242913965,-98.16051042993857,49,47.9
56506863-d31b-4e20-b235-9b75ee96bfb7,32.25389875789011,-103.80536270331834,410,413.9
40344c18-b7f3-40ff-960e-8b87b881c735,26.67001760005909,-107.72925816745345,11,10.6
4eb1800d-b9c8-446f-81ef-d1f324a2ccec,47.83507198455237,-114.71295424859858,787,855.4
e156d2ea-c515-4535-a162-715b0f4da253,25.505673622507437,-78.29713937312835,191,219.8
4e6172a0-2311-4e11-823a-a40df8f8a45f,31.441256939207012,-68.6305642799803,76,86.4
bbdd46c3-0eb9-482f-bfbc-ad387feb04a7,31.451655029250105,-100.5949594641215,255,284.2
50df0ece-6a36-40df-97e8-2da1f56d4b8b,32.01003215350537,-68.80717900954608,305,245.7
a0c139c5-a6db-42fe-a34e-917cd7b4f336,28.107171081810232,-76.39594068933297,543,632.5
b7c81c71-13e1-4eaa-a62c-c7e260b23421,43.57903577309243,-96.61798347889723,92,83.7
aa32baff-723b-48b9-b550-da1496092ec4,27.06244654914973,-85.23245543155818,232,268.0
6c776ab1-5dd0-4669-9b6b-13d78affa7fa,39.87266647882907,-99.33593342894268,185,162.6
fd56fa07-2b88-4848-94d0-5fdb360695dc,27.096150667645436,-92.03531891545941,149,145.4
471059f7-afe7-431a-940f-b4037a2a8f21,25.763390939823914,-121.57526611590828,1741,1914.7
d9a2604d-29c2-4bd4-8b85-6d901073a071,46.73573759214691,-83.92045495726855,1,1.1
0623a5e9-9c23-46af-b776-f5aa0ecc00f5,28.753219157967642,-121.88334597543593,66,63.8
eb922586-d740-47d5-a4f2-b7eab83a0688,44.5312538639926,-76.79198813174068,155,166.1
02a63c01-687b-445b-99a5-344e0dc632c8,37.6157717776784,-76.32813116182712,39,39.8
ef998dbf-0cd7-4a38-b6d1-b86e795e0c94,25.94641299021924,-111.01244003418334,477,434.2
d8fa6705-7bf7-4cad-a284-ab1c80cb0a67,47.88620478595169,-105.90389591888778,209,221.2
2489abf2-1900-4b36-aa72-cff6b2b6cd6b,30.17402917479731,-96.6026876650607,130,114.6
0bdca49b-33f0-4b80-b3c1-2a7d58557412,45.49113363381517,-89.79688849098359,337,363.1
07ed6e73-494e-4773-9525-45f9e4ef0719,28.220250144614106,-108.0461339572222,120,96.1
874f279b-ecc6-4db2-baf8-1a5fd2cafb17,45.34857205354632,-90.04330212671643,164,167.2
b1ba92e6-f568-4bfc-977d-bec8b62d7056,24.33072032263235,-107.43056267947136,1,1.0
550d6a56-a0cb-421a-ac79-a6028c294bc8,36.794511414237014,-121.72604745680742,91,83.8
76139389-c523-4225-b6dd-47e860368e8b,43.23606448553892,-124.85087455991737,30,30.2
c881d563-f8de-4dbd-ad8f-7df4d0912d15,47.36988793731958,-119.03208758281271,234,247.6
294d1235-a01e-4764-9967-305995f1ec9b,46.73005340516218,-78.25720869032293,130,154.2
f8ddf6aa-846d-4fbe-8baa-4f56d2081cf6,44.49062173869112,-68.27555256938311,72,81.6
fa559361-c5ad-4288-b88b-f752f0c15639,46.2047837415326,-99.80899424240806,126,136.9
53e1d52f-3e03-4740-8ac9-c2e2bdcf5c3b,28.980492145926913,-94.75164674645337,47,46.6
22a7cbbf-ef3a-481a-aa42-086cc4f84b4b,31.10460739279322,-116.33595802466786,518,495.7
d8d94538-baa8-4e66-98c5-ac5ea8835d94,31.224213123026463,-92.48915019187073,11,8.9
b41fe31c-9c50-4fe6-a94d-3fd6bf49b2b2,33.42634827504247,-116.46536078158837,401,378.4
4ddf5e4e-5704-4652-bf56-7493963de528,33.833016759629714,-88.93835445926902,143,162.9
4f5d1d63-0b25-4ecf-b3e8-de6c68b585dc,37.613883116366885,-69.93773861272962,193,184.0
34b9a918-9116-4f6a-a1f5-2222691161ad,27.996994084161035,-113.45378618112066,72,70.9
790134d4-8b15-4d6d-9ad6-97f864144dbb,41.28116659464973,-79.89074063463099,680,617.9
a854552d-c0e2-48e4-9498-55785f0e4855,28.189163482612663,-123.61335705371889,66,60.0
ef340856-08fe-426b-bb9f-f4a4e46ec578,31.757712052613687,-102.84566276202436,178,146.8
464b2e45-a0ca-4084-abba-8934b3f31084,36.58362826515385,-118.46583803799997,1005,1050.7
a371e7a5-dd16-4a20-8cdf-74eb8b26bf28,43.91101403808693,-104.20394894585374,426,417.2
6c0501fa-ae5e-4921-a1f0-823ba15cb618,42.486730830968185,-114.76132174130588,154,160.5
8026c561-f1c4-4f31-9d85-4a25f1a270ed,40.13835891026306,-102.97500558274965,929,946.4
a8b9b5b5-1108-41ec-bcd2-47fc95895f8e,27.894331514504255,-100.3661544396557,242,270.9
0e01fe14-8073-44a4-8495-e22c675804f8,37.676133640389445,-107.26512375592581,47,51.7
d9d939f4-3765-4fc9-bbb2-e7da84f998b4,26.186162544997135,-86.25930498108538,104,115.3
5c1df971-10bc-4d53-9f79-ee30e444d613,33.43407941991627,-70.78772897572432,81,81.0
d97ac310-4701-48b9-9849-e4f23e034656,34.33791325724898,-101.36487292778892,84,79.1
478fd57d-4de0-4c19-9c4b-1f346174ebfb,24.995285986143845,-113.65175376797373,286,335.6
8fcc185a-f1f4-4f07-bae6-f13f67bef634,30.849702486749294,-109.02735726643698,176,144.6
cbbf4e4b-e955-419d-b1f7-4f5374cd03dc,47.891236681662235,-74.61395141371423,8,6.9
7338f60f-d5b8-42cf-a2d3-4c75e0a5830f,47.84081519574224,-91.27325632706128,420,406.5
70a27fa9-c0b2-4a58-92ee-973c47784a8f,32.80817635631348,-98.15434909388952,70,73.2
5e85a94e-d78e-4c12-b475-16e834537604,25.0775027237081,-116.17143343097332,1167,937.4
ad9643bc-a51a-44b2-af77-a623a297d13c,28.477373483204538,-98.46608880889687,617,671.1
bee615a0-987f-4d08-8762-5688907ff0fc,33.8054448358385,-108.56897180191419,564,577.2
458a3185-3e5d-4506-808f-9ee3530b49ab,47.694492449230744,-69.3533754566524,333,331.0
a17a58a4-23ed-4641-bf51-18e1fd519d85,27.529976588429623,-72.83986354447185,50,48.5
27b13f3a-415d-44b1-a65f-f9d9493ac8cd,43.0878960917053,-120.04975003213632,152,153.2
4b5742cc-a87d-4d7c-80e6-fb8c0c7020b8,26.7170634843673,-94.51744413358668,51,44.1
7bfaba8c-fa74-433b-a0b2-a696b2bcbd7d,48.531439434781916,-111.72155761463435,60,50.6
cd5abaf9-fc41-49c2-9817-a5a7ecf5a263,33.540412477728374,-100.76415171806686,189,173.1
1ec71a3a-9b60-4859-abd2-4f594b7d1a63,43.3808634724764,-73.26596810316407,8,8.7
979f1689-96e4-4be5-a4d1-ea240e4469f0,32.564777070278296,-93.87664332657586,698,722.6
1c7a5e8e-cfc6-4e0e-af94-00bc2cf28a61,39.69172192897022,-105.28129769112516,502,498.0
133a628e-0a89-49e6-94b5-687a1cd18e37,28.80040211850092,-112.73458710780517,96,98.7
5a14cac0-521d-4a89-aa3a-3f8637ca9fb2,27.650525482424065,-77.78083329501713,145,148.4
a4756d66-9124-44bf-aaa1-bc69deaecc0d,47.45160348920328,-88.15343709350353,126,116.3
7400d383-f75c-47cc-9d57-ac4f9da3ae7a,46.941181947610836,-97.38413783485237,428,359.1
aa793adf-6711-45d8-b121-ac0677c1149f,46.186723505322064,-112.16842312208429,233,270.0
6e6834b7-4222-4515-af69-6ca6e2f54051,39.635836254164836,-105.27946392472926,65,67.6
d9871ca7-3cb8-4b23-a935-ca519c285174,44.20670528040696,-68.36923782242741,118,127.3
0d3e75db-82e1-4672-9858-d2ff6d42cc3a,25.725923422784373,-94.31469368125578,112,110.4
10a9fafd-2f98-432e-8e70-ddf1343d8902,32.36972604726698,-101.35874240664808,640,705.7
a8b768f1-b55e-4799-a130-d2d1437e6de5,31.842578118928905,-94.23609950144889,39,40.3
d43e85ff-9393-452d-aaac-6bac826f74dc,39.891133048815334,-79.03967815192308,19,15.6
28fb8506-ac36-4f85-8f8f-4611cf7ba448,32.898944336766014,-104.93357274633074,425,491.3
79d825ea-0a1f-4231-9aee-4709e4b9bdce,27.71266954109202,-114.45633886497608,454,418.7
e6c6abec-1a04-41fa-b835-aa82b38d1e3d,38.91167688533859,-90.48876901799618,411,351.5
8dba770e-e01a-4c78-8154-49f945fb53a0,44.359598016727034,-85.75295789461703,143,119.4
ac001aa4-2179-4dd0-aeca-babe0c9933f3,33.55308736149933,-82.94963782544558,216,235.0
99e8f882-0535-4508-b23c-255d4bff02a2,27.30671787746204,-72.96273214479835,166,179.5
56adb238-7745-4ba1-bd93-dfe4d22c2f0b,28.917204932820574,-103.10072687934233,14,15.1
cb4344d9-e257-4444-b0c4-0e268ae4162c,29.9370826292346,-120.55406112249538,181,211.1
f5365a10-d9c1-48a6-ba3e-02884b93e2e7,31.497439824863406,-68.45743356577441,3,2.8
fc71aefd-a52c-44f3-9b77-65a53485f7b7,40.06987676265773,-99.33429628118897,79,80.9
3e0bc4d1-0f4c-4422-ba69-f4b5491ce383,39.02363711344297,-88.22780692928525,539,564.8
0e249da6-0083-4cca-ac29-a93e55fd3076,41.40199653917598,-85.68798593543076,72,85.8
a66264ee-ab90-4f00-b925-0f9d6dcbe9c0,33.06254961328783,-92.755691186629,562,519.8
95642ddd-3522-417e-afb1-5e0f83268a34,44.59994129699946,-112.88980574556007,58,68.6
a0997f25-4669-413f-887a-3a519d8e4fbc,29.102191528894007,-80.44656004314766,76,65.3
c0d5f791-4609-402a-95e0-fab1817a54da,35.72601868795385,-77.57863351605918,198,218.9
445f5d50-6d74-43fa-9a09-cfb3fa4764ea,44.02346803853575,-92.37444042497106,287,302.3
2d2755a2-4bf7-49ec-83ff-f8c5d0d8265f,28.50396619331548,-96.17489152549435,139,156.6
e2270585-882a-400b-9dd3-194e80a7bead,26.746577843519574,-118.27764719544886,428,347.3
90444ce7-4bf1-4360-a694-5bf56f61ce7d,46.09209919219974,-120.04685197151275,8,6.7
a885048b-6ff1-40dd-b3a0-277b08b31a06,32.573241568979896,-104.96567411175181,511,423.0
0b29c658-9d19-4bb1-b2d8-93968c2f322b,41.0967531227258,-106.6600768244738,44,45.6
db97d0f1-617d-44fc-b1d1-0ebdb326b197,24.633715106598462,-68.734269393167,431,448.7
3e45d3fb-1de5-476b-b6ba-a19e1d1f6214,41.25117221023624,-78.76625819583765,102,118.6
7941046b-a4be-4492-a0d7-8114b4772450,31.902532788674264,-86.06446657971546,358,353.4
69a91d5c-c901-42d9-ab8c-0354ca6455c5,25.393521339686043,-94.4587627479613,223,184.5
61f59a9e-6a83-4d5e-8bab-04bee2889c79,39.245319038702924,-115.12531568712757,39,34.5
5221b8a9-f678-472c-8de9-f04ac238fe49,30.02009540182933,-67.27105634112725,500,401.6
2ccffe82-3702-492b-993e-7a5ac8b47818,33.670181051297,-102.8725988038276,56,62.2
7b3b06a0-2261-4c4a-a4b2-affc413622b1,26.01452030716284,-118.69138945561255,56,63.1
f46f4595-85fb-4874-9f3c-c904cddc256b,27.679081277373633,-95.86586515277098,337,404.1
be5dd610-ed8b-4ab2-87e5-a57a023b5080,31.449430887396094,-73.43411731482809,22,21.2
2fcf9fa5-1309-427e-b012-48848d6c1d6c,26.24398751400393,-72.64983089513757,50,40.4
ed872c42-1f46-4886-80ea-f0c7996e951d,46.77065661715788,-124.3530109526696,140,125.1
e22f4be4-d017-4ddb-933a-398d275903a0,24.15117607959946,-72.70855105966741,355,367.5
dd6e638c-949f-40f2-bc28-b2c73308966f,36.096505471607784,-108.98243116750835,32,37.9
8c699853-a9af-4636-913c-600f26c043b6,27.081186453313787,-122.70063052586303,569,478.8
ea680029-2a23-4d9a-a43e-3b0cb9e96221,31.691977236948713,-74.98037404859042,248,210.5
a08e901d-f8d4-44d4-b041-433677db25fc,47.15148899545664,-74.03186139669572,394,425.8
a137d66d-ee25-4484-9225-ca4a879c3acf,28.04236383184967,-89.82236628930136,548,584.7
d85c447b-120f-48c9-9d7c-f7839d48c2a9,48.14580799295831,-91.10840831951487,307,276.4
939c43ec-f6a8-4e8a-b9e0-3c36bb5d601f,29.144859424735543,-77.02590391533626,212,238.6
35f8cb03-e6b6-4f3f-8e97-c94b6d635b33,42.53915271167074,-78.60773639009349,114,97.1
c9f1388c-5a19-4944-b10a-6e6a7f3c653a,37.66693162243279,-72.48377706688046,24,28.1
3b84b1b6-139d-4bec-acc2-13457230926c,46.11196818991898,-92.3879005917945,247,217.5
b8e8cd86-940f-4c34-b98a-511840f1d519,37.84983138757828,-67.90882152876429,985,820.1
2acd2ba9-afcd-4afa-8f02-b6020ab63949,37.36398047890772,-66.22733697493302,267,249.9
dc4bb130-041a-4801-bbbe-95ae45b25424,28.886450009209998,-118.12386801008068,3,2.6
3e47fa09-3184-438d-ac19-a13d6c433524,28.155734051291468,-74.8769181863068,137,138.5
442b7629-5d61-41b5-a8b5-2ed36b5d79e5,46.912228777887854,-95.51048679283325,191,205.3
88e7a10d-f3c6-4839-89bb-1db8963c7ab0,32.195954971250856,-102.13358604030991,234,233.2
04c70c40-fdb2-4585-9029-4e690889c6dc,33.3020563740724,-88.82873371691981,254,270.3
302c00c2-ac0b-44e7-b3b2-528fc6be9410,42.99559146070971,-121.69803212154159,163,154.2
9eff52d3-ec76-4bdb-aa23-9d80a9ba4630,32.47058706057018,-95.11879399274228,51,41.4
5412305c-1abd-4efe-bf3f-01fb4f882a32,47.80156116597507,-73.61745636842667,570,678.1
f3a6e265-f87f-405d-a3ef-d1aa37132e77,42.44819422497001,-112.40577054780084,239,269.5
3a970363-552a-41c2-b809-726bd7c9c6fc,38.9357310643355,-99.84299620860392,54,44.8
68acf092-672a-40ce-93eb-d7c5216dfb13,46.02237901361882,-69.57062762482235,78,76.4
00fb2b9f-99b5-4c84-823d-d4d12b9ab461,25.24014770873707,-99.71473356946386,510,537.5
bf9f4b12-0e5d-47b9-aa55-0876fef2aa09,30.42656730473022,-103.85630969238849,437,382.9
3eaef52d-51cc-401c-bbbf-6f8a6972a46c,35.625908355522746,-99.00833776072068,104,107.2
55951256-1795-4299-a705-9edf7365a398,29.674463486788024,-94.35228677546418,8,8.1
480207e8-f416-40d0-97a6-0f24f280aaa9,42.5976296825538,-87.71251069624333,10,8.8
91cc88ba-9104-4711-8318-351f83c4c072,46.980200776343125,-77.75912474591286,67,57.4
d3509798-4084-4a1f-a1df-46e2b6e9be0d,34.594252998273085,-98.32596985990546,198,218.5
969dcb9e-e5cb-41fa-91f8-802dae9547f4,32.553315002797376,-76.76862482968173,176,163.5
122c8537-c791-4fa6-8418-809edda47e2f,48.038768303439156,-93.51048098022724,201,180.4
185eed91-2a63-4298-aaaf-a6201603745b,35.12131082068852,-105.02964988828931,253,277.1
80b03f54-9149-4c52-9f07-baf99878bbca,36.226210011232084,-86.18090114095456,4,4.4
464a6a8b-b5a7-4337-aca2-bcf04a8bbd7a,32.79124680854763,-82.654386970134,22,20.0
d83de4c1-9f7a-4740-bd79-5c99fc187ebf,46.738711825303454,-92.07511043786025,89,102.3
2d5d8785-663a-42e2-a48e-6df7a9aafd7c,38.22388708204627,-121.65971658505131,34,36.6
e51606ed-c5b3-453c-9c6a-dd0e99fef9f3,43.054364679541116,-114.97691036551133,86,80.7
70a14a0c-26f6-449e-b495-b277a49c0123,44.295167958772154,-108.16743446747654,205,199.1
fbaab9de-fbb2-4533-ba76-95d626e5aadb,32.546226047931455,-108.3250892488619,338,368.7
97a0e233-90f0-4299-8ac8-75fdb58d9aea,34.8423582830095,-85.26817278543464,279,246.8
a27a9770-8354-4aad-baa0-06d252c452c4,45.21179436015662,-123.91742896125568,340,335.8
2bfbfe24-11ee-4b9d-bbc7-226c4f3ff79f,33.081383791895256,-80.41477515407833,219,232.5
015a14ec-a4e0-4689-9fcb-c807d68b17b2,43.84837833629628,-109.34479398639094,266,270.2
1f75e1a5-14ec-47d9-b90e-46d7f6a456dd,47.524808064360926,-106.70871107324996,63,65.7
3e80802d-1424-4ba0-ad93-eb3617a14bf5,39.58025932670017,-93.85332015130847,993,1011.4
70aa6902-4e94-4784-8fdd-4e0a17321e9b,42.54068218629722,-112.26038954460151,40,35.2
cc2da8da-1b66-4f4d-9e15-98caa73ab921,44.12743280102838,-72.81619249904386,48,46.3
83c58956-6e46-4670-8d30-449bdd1b7660,45.12599122241606,-119.96324201973265,68,68.9
2c11ec23-be19-4e0f-bd1a-33c57eea5a7b,33.8763334464199,-98.78144062423718,740,822.9
a59eea2f-20f3-4e45-b25e-e55fd3312fc9,25.281586479399955,-74.88408610216149,889,943.7
ecfbe8e5-5c55-46c1-a3c0-fa40dbbd5482,34.04690678091849,-88.66521022914709,317,307.7
5bc32f16-f806-4f14-b63d-4403f5e1bed2,40.843905744602246,-107.75255856528463,198,235.6
5e4dfa8e-912a-4de8-a936-659af7ae8bd2,35.25875964451982,-100.17514774118882,147,123.9
f0258aa0-8038-4d27-bc9a-be214e9b07e5,42.724078771509966,-83.30503155979164,705,622.3
076b31b9-907b-48d9-ae2a-77462cbcc833,32.9245607367166,-67.57761614152994,238,222.9
8720b87f-2739-4357-b3fe-547c79fcb965,39.86860352760074,-72.30481561561342,579,516.1
8d89dbe7-43a5-41d1-aaa7-b967eeb337b6,28.660495121349364,-104.79646430543977,76,79.8
7ecef0ab-2ba3-46ed-a8dc-5d82f13b901c,42.73423591612392,-66.10632512201641,81,66.1
b3438962-85b6-4ff6-af72-fc0d316af2c9,37.64239922032564,-124.79322485166756,386,336.2
ca91318e-fe91-42b3-a3a3-9f9accec4097,29.101609713665013,-123.3698444073035,32,29.4
0c13a651-4ac5-4604-b29d-d5b9e4f717b3,31.29777933744518,-76.39340960489957,583,625.8
f3e64d42-c1c6-48d4-9804-ff900778bd17,42.71521771454581,-113.23170147684993,142,163.3
81f926bf-bed4-484a-900e-463fb6999f16,36.065030891538015,-121.41461316462178,2359,2640.7
91035b57-63d0-4579-be55-447d9f39a3b8,29.400786009826806,-111.00826367904637,82,71.6
e156e647-ea77-4125-b549-26a3a14c427b,48.18177975925744,-99.86009091512925,863,885.6
eed7820d-e43a-4e47-a8ee-f2a0eea81e15,41.878125495422196,-81.89659004442912,132,107.2
9a4637fb-68de-4c58-b299-a4a3f208c50a,47.92837081349491,-88.16420393347887,197,182.1
ec2d039e-0c11-4207-a4ae-fd83c7c5001a,34.67762613400858,-110.98034816393519,140,157.1
26f1d784-9e64-424b-966e-6a34c3ac224d,35.87750851729301,-95.30704356206552,683,671.2
bdc2bf4e-e166-49a8-bcb5-9b867b0605f2,46.448880404625484,-70.35336778148445,236,203.0
c25d6271-b00e-4f87-b8c8-41eb5323ce93,37.12623350613462,-76.9145411579583,58,56.6
628c7b78-8a45-40cd-af74-5b8c40cee14c,41.68197279764168,-105.93180269492419,481,422.9
594081ef-c5ea-4079-9a9c-3df9c590ff98,30.30432193738825,-67.04639088001392,70,67.0
b132bc2a-4fe8-4671-a8c2-d37c2eae70ea,35.168161717566015,-83.19139637432727,93,92.5
4d7ed060-83bb-4ae3-a358-ef50099c976a,27.08624664525888,-121.31548801565988,22,20.7
ae85d1cb-4c54-4669-964b-2b99f1e1f712,29.149500896924042,-122.92551791597032,460,540.4
02ab102c-e69b-4de8-818e-c093e1ca09b2,24.023585381690776,-115.06393100840823,67,68.7
a683b822-e2f3-43e4-92ce-2f70efb7a548,24.981626291216507,-82.05650378504134,60,68.2
2e259d89-3575-4922-b991-9b3347d7b6cb,48.43209557942323,-114.15940337529675,506,558.8
771da36e-d018-4d71-a677-295f4afefb94,30.058842378419058,-94.82228061667882,327,348.1
77000ba3-24ba-4337-89a7-54f0c680a3ec,40.58276773760005,-119.49765290933092,30,30.0
def50a1c-2d5b-472c-8d89-bd27dd088c8b,44.97749246999029,-70.66771668801849,293,234.7
72668b8f-4f98-480a-86e5-c0e4be7f1e47,37.766511480914104,-104.70632379856951,488,510.1
19572695-7ffa-4c15-9333-b6589364ff4e,27.828612502098906,-71.42020866292279,16,15.1
5e206264-2024-4773-9a26-4ccdfb7ba5e1,42.202910933404155,-69.25233712727788,349,295.6
9bcbf9ad-f653-43d7-a3d1-c3b41ffb4288,39.006285252489576,-124.63840980849284,159,155.5
f9094ca2-4b99-4eae-b1a3-c73f736ed363,42.28126473368438,-97.61602395527481,221,241.8
7cb8fdd7-55b9-46b5-8522-edf5e090c307,43.24366557142718,-123.54529271329332,136,161.1
0fc9bda1-f436-4416-a04e-f6564044454b,48.385259192118625,-71.38712678812855,239,227.0
45cf8211-0ff4-4aac-a13a-22c29c75d430,38.33908200066775,-94.41395486066003,7,7.1
cae5bfbd-8be3-4894-98fb-31007c0f325b,32.54102781726505,-120.5783032507887,288,328.5
0bcfac0e-9d34-4a02-add0-e6a457b7b3ef,40.211613922505926,-118.49367303168256,7,6.5
9dfa186d-ab28-4540-8da8-c75786e95300,25.711017731065652,-102.3729675549284,122,104.5
3e3f7fb9-1356-40c4-8577-ae27eac6a7b8,46.43493295803965,-69.52618262049953,33,30.1
ce7e192d-10e4-4761-ada2-7e100a30546a,26.98452528345492,-84.11836005748323,347,402.4
f924914b-c4e5-40b0-bc4c-79df86c20c12,32.19607094714546,-73.81048689484119,75,64.8
55b4c364-3ddd-44a9-86b5-2428ca7a63a3,44.39363451565302,-103.3790578659412,121,112.7
ee5fe367-e65a-4fb9-8377-4a0b5ac04ca4,38.9328094582678,-122.4503917265501,112,110.4
e0fb9a23-c802-4486-8ce6-d1d48954bc7e,33.840888006936055,-67.51525940493957,296,337.1
237c7335-87cf-4ea6-8dcb-fb625c21e9c9,35.83589148437554,-123.9867935509202,131,153.9
238b7301-daac-4d67-9de1-9998f2d2f86a,45.36368483005451,-69.08855246821574,311,301.8
1d76f239-a6dd-4d4b-a69e-f0e278448a68,32.500109651497304,-103.24803199290047,15,17.6
aeef1866-faa5-4051-824c-4fa34c90f22f,45.74124212030428,-124.40466610370899,43,37.2
0613d3c1-f051-4aab-af08-f196f659aa10,26.203360774417288,-84.33972332825401,160,138.0
98e3d22c-7af1-4438-b347-e671e9b0916f,43.419960930215765,-67.1481220621501,588,693.7
8b3dc937-136e-4d9a-a278-c4916d584a02,45.18869082636841,-68.02808235258203,16,16.1
d0a5bce7-fdde-4f60-90cc-22e165b8e94f,28.54544132093347,-115.50471633905731,9,7.9
e4ef0ea9-10d5-4395-93be-c5c91b156f39,34.75866330930501,-114.30637944209685,34,33.8
26f2ce33-c862-4d36-86ce-20774ac95391,28.13749436659139,-91.63320403744005,205,228.2
85f10c76-c233-4a74-a71e-0b38e78e0557,41.66510322485544,-87.39901524072886,102,115.3
5b84f492-bf64-4a8a-a720-91e507320737,37.38369420154142,-81.37434309371392,349,399.8
93da0767-751f-4854-9c30-9e0b8ec7898b,39.88308366770802,-114.31802873214329,15,15.4
6e9ed377-8ef1-49d8-804c-60389060cc7e,28.912174173905278,-68.41858188089836,44,50.5
073edcbc-bc98-4715-a6d0-23e5fb2218d5,29.293646551310488,-87.31438387893496,71,71.3
dafa8038-4d3e-4bed-bf71-d56edd9bc5ae,25.03743313774766,-75.02423178663727,197,205.4
ce0322f2-bb41-4e28-9b2c-dfb5ce25f48f,32.05168837989324,-93.13612279823386,231,254.9
def9bbac-f3ee-4a72-9a3f-17bdf49503f9,37.99361653334187,-100.55766599219693,27,26.2
897e663b-0da4-4e28-9fba-281aa7bc87af,45.44837284993322,-67.34620851089524,576,477.8
fcf66a96-921e-4304-8550-c1954b45222d,40.67318618646702,-90.65483912162966,83,78.0
4bb22fce-b60d-489f-903d-29e860662d99,34.88490808499378,-73.85445861484845,250,262.4
e414bd1f-a03c-41e9-b2eb-00d4f730f8b7,47.82800285985344,-68.75574861438889,149,130.7
b607cea3-c849-4a2f-9df6-a5ccf5df3b3c,41.981130014395795,-85.1540770064891,50,43.0
2f8be7bd-e905-424e-86ec-bc55b7640ef7,47.25413007156375,-92.61261796739818,374,343.0
81891c64-077c-4ba9-a614-722d2e2178ad,37.18969933180414,-124.79285979627161,341,277.2
d6c29067-5690-4ec7-8a8b-ab67403b79c1,30.47260686982849,-122.63884119639864,101,110.8
901ef35e-2e14-42b1-bdb2-d7cf98e94e23,25.32066715911805,-113.14977825298413,178,160.8
688f8197-0bac-460f-858f-8b3881187d0f,42.152121287096264,-114.02550252049627,60,51.0
8a29be25-55ff-4a48-b997-b18e9a817736,27.032574950138354,-109.96923108320912,234,252.6
dc516dda-425f-456f-ba3a-39a1bbead8c6,31.56937820679918,-107.00885637583801,74,84.2
24cf74eb-3054-4bf2-834b-02cbe782cb18,37.31177269709744,-103.75613588050703,372,300.6
aebb6f89-c759-4e98-85e3-5e65aef38d23,38.11041469449369,-100.18827628593628,49,43.8
07fff535-5f71-4584-a92e-6f4f571f81c4,39.0145799246784,-119.16688603109513,3,3.5
2228b18e-38cd-4385-b7e0-d4997f5abc70,28.156383258742515,-122.50064601478586,63,60.1
b43c3e13-83a7-4cea-b46f-2ec928b2f0d6,33.49343512054122,-85.23727750469162,42,49.4
47e0e618-1fd5-4046-aa31-f00a1aa56dda,39.42985567792417,-93.29724533425842,142,129.2
16e1b745-d5fa-4354-988f-264c1341b352,48.24547161584462,-98.79549206901294,46,40.8
584e5acc-22c1-4c96-a05f-7808ab81cde7,42.19077844249222,-87.56804347106721,288,255.1
2dc19203-ed22-433b-8717-191652b25a23,47.06509392734895,-76.1669149749911,55,45.9
0aa31e74-3281-4e13-9344-1ef3450be693,43.055301457854426,-99.76611836214393,245,283.9
bf9b0d16-bbaf-47bb-ae78-20e73acb095b,38.79292422231001,-87.17395156193322,173,206.2
6551500e-4747-42bf-89a7-722285ba7549,28.800584228408614,-68.73923879372563,857,1012.8
1b25fc27-d6d1-4742-bc28-116be5353834,40.667141297312824,-75.46215474416792,1844,2103.7
d8d3def9-8200-4a35-84fa-d5123817de9e,39.584489148997676,-99.86595218035784,407,463.5
fdcfdf38-5fad-4bb3-9f0c-0f03353aabd9,39.061729261431665,-86.96170656893017,285,303.4
408b8023-91e5-4efd-a645-a55bb5959436,36.24464669970602,-114.55281560695956,98,110.8
2c8babcf-a1db-48e3-bd49-0d045b422f19,37.21641509973189,-91.9291910911897,280,247.3
af02f866-e3ac-43e3-ae81-e22f793cbf17,32.3610631779526,-67.10163082283188,628,599.8
7a828b21-5b27-4f1f-98e6-6c583f198cee,36.98281731605758,-94.41940820305119,5,5.3
bc1dd4d8-3057-4dbe-a337-ad793e96fca4,28.938897641961958,-70.26934034778131,154,177.1
419fa031-9cc5-47df-9f99-bb0489f9b602,44.129359934009415,-100.96723969030762,49,52.1
20288a96-b468-489e-8077-8566d56546d3,28.644423867467694,-66.06815519610676,163,185.1
6699c773-705a-4fa2-a67f-1789df94cdf6,26.12415724723666,-90.82601792157408,126,124.7
d8e14f3a-7883-45d3-bf68-b191b8706325,34.90615065892894,-122.50612934007987,171,185.9
95a21d28-d67e-4ebe-b0e6-9387a0234596,40.457685987651544,-90.3814669952081,160,190.7
a65d07f6-af26-43d2-a16a-eb8ac5ba8047,34.94292062333854,-108.8002109549038,1701,1465.2
484f95e3-be6b-47c5-b6ea-decae0edb01c,30.918853298782714,-123.0836019998822,161,188.5
e7cf23c2-4126-4ba5-90ca-bf04a06e583d,37.95427959726102,-76.56965502301486,374,377.3
45f635aa-c7bc-4e25-a0ab-d0a4965f28de,32.675058385305,-108.7319514181354,77,81.4
af66ab07-075f-4973-8d18-5521b31fea8e,47.32169225316583,-78.00363531125659,115,132.4
2d69922d-83bf-4f68-81a2-6297d43d11d3,47.0661284900893,-107.99516260560385,127,122.4
5efd79b7-03da-442a-9988-a1bc00214c77,36.55929549930239,-113.53474512144732,65,62.9
982b6c15-4d84-4b03-b08c-cce6d9d357fb,32.19709985045646,-67.53780112783878,96,97.0
e35520b6-e32a-44d4-abc7-b2e37e5bf64e,42.42831034891598,-103.66292566245384,183,147.8
bd85fe6b-1d1b-49ad-996e-75f69e68f6e0,24.917823587076665,-89.51880352485352,174,173.8
b4074298-78c4-4f37-8ef9-c312eece2db8,35.869225151091285,-89.01109192394617,202,185.1
9fe833c0-27b5-4fea-982a-1ffe7c4d7bf9,32.408084856758336,-91.9320645517634,87,101.9
821d28db-d656-4215-83f3-92da9e182e9a,47.01339712756386,-71.03295113224834,76,63.5
920aa989-168c-4013-b510-de328b29a653,24.300075681817063,-85.20797678935476,189,185.9
795bd190-9fa0-4e46-8975-3aa4b27c2e2d,37.820371892958725,-101.17975275780913,29,34.2
21172a74-3f02-44c8-812d-ef5db19a46cd,42.516589526665655,-74.11955731306783,58,67.3
f88b2f0f-6c39-4dd1-bf92-c7a4cdca89eb,36.12544968810103,-114.3172889521581,9,9.7
5a965cab-0756-476d-b46f-a52bffb98373,26.13507575406804,-92.89003130098537,15,15.5
42071411-ada2-41b2-bce8-1cc48e2c54ff,48.311534750697554,-68.91752805531837,56,51.1
07315079-4576-46ca-ad48-033b51861174,36.950260784402445,-88.10153983705565,4,3.8
bc4220c8-f96e-41c0-91c7-38bb4f4e82d2,39.35465610797529,-76.79886142198231,56,46.8
0146b699-69dc-43f6-90dc-7abc82c296e6,29.915244567687683,-86.43991719283362,213,237.4
8f5e6c72-533c-42de-bc85-cbaea1230fce,36.0874521276701,-75.47711905126447,13,12.1
b7b288ed-9c36-4f7e-8daa-0a6184a37a43,34.728737298958045,-69.27521508913063,115,122.7
3106584b-7d69-4ca8-96fe-4337a0733201,25.872396050049595,-108.89761807556853,489,461.1
54429013-0127-49c2-baee-f354cb6acb4b,26.654008838686682,-114.98999620585359,313,308.5
d0e3a4e5-f584-46a1-87ea-0b6338596b26,44.93681299046936,-96.44454573038014,73,74.6
a6764ad9-7ab9-44de-a418-152846918b89,29.995498805164758,-83.59011681737127,518,580.5
b628309b-fd08-4222-bedb-58974a356368,28.873956787465765,-111.59571606224925,80,70.8
5d3a7eee-8bc2-4480-a678-b42fff49c994,36.62278628125348,-124.75801442462014,15,14.4
c24aea6c-1204-4671-8c62-d9e001e8a346,43.21867828406282,-104.7668281656344,1025,873.3
e583c5f2-a1d1-4638-807d-293a52435f4a,25.548662964474698,-67.83729920740049,408,338.8
421134b9-fd19-45a3-98e6-f5b3add77594,38.420197990956396,-83.99691982425504,125,130.2
4b9f05bb-0453-4143-aae8-9c192160a634,26.980261071014333,-101.32179880746779,220,192.6
590abc1e-ed05-42ae-b4ce-5a533602fce7,24.91152627064046,-113.63801025653642,222,182.9
7e8fb1ca-b177-4c67-be81-206c90998d1a,25.318598804055434,-103.99070924846993,43,49.8
f5e9bdfc-d1b4-4e54-8642-abaaf38b9763,44.854102705211034,-114.97947343522637,45,45.6
a7fcb83a-7bf3-4950-b287-943bc14499e3,26.94931209070154,-118.72795654253586,127,108.4
4c1362bf-ce81-4d9a-ab94-d3f80a360113,25.1287841103073,-71.50220001821933,485,398.4
70c007e2-f023-41e1-8ef5-d695b4ce9bf8,34.9474971785728,-66.13863003584706,2,1.7
f15936fb-6ce3-486e-a857-4bee912ff191,45.09983679855062,-115.31724806384837,305,301.5
aca91cdf-f105-4025-8ea3-680d36947480,30.56020941223255,-121.7831690261815,12,12.8
2104c9e9-912e-4c4a-9aa5-49eb6047cbe5,34.54281543814791,-105.54586467837348,130,137.3
f3b57aca-a980-4c0e-bbfa-08371e30ec15,24.99806331409378,-97.7621083350765,203,174.1
f4eda041-419c-48c0-8fae-bbaeb2295aa8,35.226962853371894,-112.91554642252459,232,244.4
850c1008-ae3a-434c-b5ba-dbd01748d944,38.44032701592834,-107.21593020388505,12,11.5
fb2a9667-f442-4b61-86f2-01735620b2da,38.27267634380362,-113.1486265941922,108,106.5
73b3d7b7-e498-4098-82d9-683636e72daa,32.31066730435913,-79.31862646248538,175,196.1
c467e607-afac-4a91-bb05-e8e2d7701621,31.888329516578388,-82.95790134841161,14,13.1
52e5fd35-5ad7-45ea-a22d-a66f32d5b494,26.665590473414948,-87.53786057010208,29,24.9
b9e4b47b-4880-44e5-9ffd-673109d57a9c,33.16995801615671,-102.15414643232691,218,250.6
2b5dfecd-324c-4d6e-8b0c-967909166dc8,26.487366721824117,-71.36658446246008,147,130.1
997cda39-c4bf-4051-9d00-0389ed20ea3d,43.16489861780129,-67.79758004943382,35,32.1
26c0f3c9-a560-4952-8e9e-8dc39a060155,48.156857443704645,-114.7552805551007,394,426.6
03025e0f-729c-44e7-b4f5-e1606510eb24,48.25186141666767,-111.8422541566992,488,523.8
71e818fb-f571-471e-bcc1-39d2a2ad5466,45.626777484384846,-93.98776934797819,3,3.4
0530359d-2951-47af-a672-aff9eb24dae8,39.01980373349048,-119.61621641234753,206,180.0
75964def-3048-45fe-96da-dafd64e577cd,41.521642431097,-99.24954446943634,15,14.1
77b04871-4e2f-4058-90a1-74e762072e3f,31.130145067010353,-90.6743153781151,1,0.9
8549a189-69fc-4994-bec9-198f88ba20f0,39.76926050431552,-94.19765930289735,33,33.5
2a6ed392-f948-49c6-ac7c-6d06601fa1e0,35.391238735996936,-105.47639359839647,110,100.9
6f1b66c1-4a84-4803-a8e7-99c14acb3a4b,36.05043349442332,-92.9956974414448,324,348.5
0210db29-cf9f-417a-b6d8-a9f84ead8072,42.944414009378946,-68.43074369872798,66,52.8
e9142d47-dafc-4e86-85cf-a32ca380e5aa,31.04795888993129,-112.84497314680881,197,162.3
c5523286-b913-465a-963e-2f8144ee671e,31.950990292362995,-86.36494985475379,106,103.1
ccb06152-f0dc-432f-a71f-2248da67af58,47.116044778215915,-122.43959504479294,53,62.7
ba96a454-6d01-458a-b1ae-84988004d9d2,25.405607371274307,-121.08143213559534,144,166.5
2d57ba78-19ee-4369-a70e-e07f68dd6fd6,36.14085746033351,-92.44213477080848,319,382.0
4a5935ae-de9c-40de-aed2-7a52d07a5ad0,46.820020010196544,-118.80858836065099,357,345.1
5f5e5563-5f44-42c5-a1ff-1e7bf3af2dd9,39.259075195453924,-123.68153948281542,375,307.0
d3db0b77-2ec5-46f4-8f91-5cced0fe1d44,37.660176855303305,-114.88073313876669,83,76.6
79e545b7-77fd-4c9c-8a2d-f1e57c23cc3a,30.24360448073388,-91.6738989110251,315,337.1
7d045e77-8d30-4bbf-8650-756e42b45797,32.58188722661121,-83.50288368338299,48,41.0
36e81d18-790f-4066-bb39-08ece85c2822,45.30121039511732,-113.05376471565859,268,246.6
830e833f-9193-43ff-98b4-9fe0d8ad7487,37.98045329421146,-85.57269320471771,593,487.7
30254c9a-e632-4c0c-9cf4-06e5f6fb8b53,36.8685548439195,-114.23389646514546,3,3.0
f66965bb-7486-40ef-94d0-03a3c17119b6,26.489492838500723,-88.80601182875583,116,102.5
51935d57-13fd-483d-bcc6-cacf747cd34f,24.400703911378077,-100.69437888614786,209,174.8
140921b5-b2ed-46d3-81e7-6b3da057846b,48.09212971717623,-86.42582894931661,242,233.4
2fbce684-9da7-4ffc-9720-30f7c81782a5,33.42465418217104,-66.2918876037244,39,36.7
7322f50e-ebdd-44d3-9d6d-70caecca9220,39.080326552487605,-69.66879905127885,716,726.7
d23ad8a2-c4b9-41cb-b186-9fc01a9c2b99,25.992876829682125,-124.74737628766988,191,210.0
1c0bff0e-7245-4989-89cd-550bf19d6834,41.07785714307616,-72.75911290262397,36,30.4
905aa124-2dfe-416e-931f-11bb5573dfc3,47.31416771764903,-121.07704308468877,4,4.5
bf3c09cb-309b-459f-8ebf-17d4fd5b688b,38.39163132493549,-68.77025141656915,306,248.0
4c1a9511-d855-4b52-a610-d0cf948fd306,27.152883059385264,-108.3722849331186,17,16.6
11840f8b-10f2-4346-8d93-4b2703c45bfa,38.54303818683692,-102.45994500573502,30,31.0
947209ef-00e4-4163-98b5-252c2589da62,43.15868032761631,-119.59334589463205,171,202.3
3b696e22-995c-4be9-a0a8-7b62b3c809c5,34.160413414350465,-118.37590725859434,185,190.5
a74351d0-6054-4f8c-abde-14bd041b431b,45.99594369853669,-82.12230665147014,232,200.3
8f5207f9-cdbc-4d0c-904a-1a6bc6206bf8,40.21707383393411,-69.2843980908508,100,100.7
ca4ba2db-ec0b-4b94-90e4-e74c0168ecef,46.48122295723006,-88.96583879769574,297,284.6
d4fda828-61c7-4462-8d96-bbd3c511e809,39.58763278118343,-82.76484908391815,733,726.9
bd3e2905-2250-4564-958d-ec8c9826b19b,27.282199300120606,-80.04378506876795,63,55.4
4acd916d-5b89-49ab-8025-e53dc9645ee4,31.74229277762973,-109.49395780137644,243,243.1
e443f2e4-290a-4118-9998-47796143fb4d,29.04487370631142,-122.33145177570732,528,454.1
4b952c18-b295-416b-ad3c-e03f5fb0afaf,46.72066244292156,-124.88950810876905,232,254.6
3ceb5aa4-3e54-4b66-9dc1-c1253f39908e,43.01000168218707,-104.3116923057129,229,237.6
49d854ae-ede4-4077-bfaa-612529828c08,40.909959222750146,-110.75361053624626,51,42.4
87a8cee5-1815-477b-b9f0-376f2440f67f,31.524157990790542,-121.32325422209804,153,176.8
137cc15f-cc59-4850-ad26-641411366033,28.601119301255338,-114.40783074287366,165,172.7
1ba57e83-9f8c-46d4-95cf-b29881d09dd5,42.9112771997228,-117.65456500219108,241,223.3
1c6658b0-4324-40d8-afd6-2fd4c14a7a30,35.85394864697699,-71.02217554357514,1150,941.0
61a4a96c-e02a-4f71-96e2-744e6e8fab4d,29.644738803765726,-116.72423440590903,7,7.4
020daff0-8393-4542-9361-d2b3c7532f06,39.41554945413188,-93.27874062472694,13,12.3
e5f8803d-3d26-409f-a3d8-28b041399573,25.0083463034613,-90.00674864838228,16,18.6
c50dcd91-ecc9-4441-9b37-3efde8423c87,32.154256353206335,-92.93412199519061,272,221.4
3199a29b-fccd-4557-85ff-63e7e114f814,35.71392486477836,-119.15567038125671,29,23.7
4bbac7f4-7a33-4c35-b0cb-4f2e466d580e,27.698958352735147,-106.19089665671748,195,230.0
e65bfeb0-90b4-4617-8202-33c0ccfd404d,48.61636193977099,-121.97505038467396,79,93.7
e14b9609-37e8-42e1-bb5a-1ba80904755a,29.227434114740355,-101.65547506831736,122,99.0
f0338fa5-a588-41f4-895b-002f6e5a2bd5,27.25882825108164,-113.87266305497607,49,53.2
032d97ff-7e8c-4756-89b6-97f596479b53,29.08837184717241,-91.8636805362216,402,357.2
56757768-7af4-4343-831d-96f4760530bd,43.226528328993105,-84.12430476290307,176,190.2
620f5432-6b09-454b-89e8-f700d8dd774c,34.63764148179607,-93.60492824792232,3367,3863.6
4130183d-8238-4218-ab9a-84f28ff329c8,38.135398493813454,-99.38003489992765,171,143.7
8575bcc5-75ea-4be6-997e-0a4b524e350b,24.525228924659018,-102.14732816945515,26,23.3
83fc3cfd-3a02-4f79-9f98-30c02b263550,24.860782714332863,-75.34018568227678,37,30.0
8cbae564-eebe-44e9-a693-59073940e2de,35.145638745675406,-112.05728416114907,903,738.2
88e51df8-44b8-4df8-95db-4bb8b965ea6c,44.41638108004059,-81.68111796779674,259,210.3
2740a7a1-bbcb-4d7e-9500-badcab16d9fa,46.130971967689135,-80.30854284033298,10,11.2
58c9b8b2-f666-440c-9078-314bf51ab5a7,26.167664189891006,-100.26719957102667,243,223.4
eaeb1454-6336-4467-bfc9-4a5751182923,37.45907755252557,-107.45926464568728,106,105.7
eaa882ad-39d1-42e1-a52b-708bf84a9f6d,46.83074215698176,-97.23805232328746,73,81.4
90bbc79d-0099-40aa-88f5-4dc280601eaa,33.699318859947155,-119.50037837233079,33,32.9
66323ffb-b896-49c0-b6d8-900751e15a6d,44.73914578570921,-122.29012809848369,366,355.6
03836cb7-fe1c-4a06-be91-4ff1e033ca69,27.342391359985903,-118.41541123233839,13,10.5
d1f271e8-d8fd-443b-9ac6-9d1c41d52200,47.38486224169497,-113.95844314372866,68,69.9
dafc313a-be57-48c8-b5fc-a5963a74115c,42.785582938282566,-95.25356760005546,73,62.0
44c7ec73-0f6b-456f-a17c-c888a53d576b,47.53335981967254,-74.9009384664938,35,38.7
3cd99a5e-c261-4c65-ab96-f224348a9790,40.91543083881266,-111.09710241201847,142,128.2
a18e549b-037f-44ea-a342-beb6a0281ed7,33.085098299985674,-69.8254413659401,2,2.1
fac40ae3-2c22-4ad0-af6b-e8a55120df4f,47.45452931311806,-68.6604333728348,72,76.2
13b2ff0d-2312-406c-9041-c9c4641582ae,30.88916940772946,-68.42462831413289,543,568.3
2a93e333-3e58-414b-a21f-5eb263daf6e1,32.30431305154332,-75.5837986540969,74,67.1
e8748dae-d7a5-48f1-a9da-4130f116c8bd,41.52021045004351,-103.53432259293449,89,80.7
586b8a57-78e1-43b0-bb96-7d388ba8ffc6,43.132907488134656,-120.71164925084524,128,146.6
2a5d76a9-1cdc-4f7e-9bcc-8507e3e2d7e2,47.235087096228845,-91.4396948257768,165,132.8
a8a69e06-bf39-4725-a82e-c6e31374c81e,29.120060226405236,-92.03779480770321,331,288.8
96b92e1f-3647-44fe-9e4e-b1ef5fa4d6e7,43.9499508804806,-74.85142974053386,42,43.9
f9e3ec5e-a397-4356-b8f8-9fbd060a76f3,42.46365133492409,-66.2365279941798,411,463.1
5ec01b6e-208c-41e2-8301-801e455f2b17,25.594863906339945,-95.0187189129513,283,267.0
4f07e3db-ff3c-4b66-9881-2ad7861e1d32,33.680578530255175,-104.63296216865272,256,271.7
08d44ada-d7e7-409b-b932-57fb4833bcfe,31.069136426502464,-114.03179901818025,18,18.4
1eaa49ca-5125-45e4-be49-12dff0ee51d7,31.61226060885076,-124.71681033577512,4,3.3
8ec793eb-4aa9-42db-81d7-a393eca916eb,48.57367198886752,-94.96229214315613,180,188.8
8d0f4caf-3446-4b34-ae74-cc15327e08e7,40.0694353369982,-92.22439866454685,398,448.0
ddc12496-946b-4f69-a758-beb83faf6fa4,41.94190394483749,-76.32862969077355,176,210.7
e6888795-d625-4add-a088-0ba1cd89759d,48.41544093287523,-95.22995889432477,48,39.0
422bf07a-3a6a-4272-b50e-4d4e3db23e65,33.430044561440965,-70.92836742870267,19,20.2
d678b581-54da-4773-9c89-208e9298de96,44.04600421132015,-87.94307488228532,241,232.8
f51da333-81d5-4234-9a39-765329fbfe8d,34.863274082612385,-75.42016194495609,256,205.8
1e46fb33-7640-4595-8fbc-3fb21aff7da2,45.738341795374495,-116.25019764634293,38,39.7
4f334b00-429c-423b-954f-f4d47ca3a1c2,28.51643853278258,-74.53516831216344,6,5.1
eea28b24-a4af-4e1d-a08a-1248f189ecbe,47.69215442660699,-85.16651258781295,105,99.9
8a7876fa-7af1-4948-a022-be3964a3ba61,29.469292710271993,-114.9562510861385,175,158.3
76aed766-c37d-44c5-a3ba-62bfc4990255,32.15551267452329,-113.80395006938537,245,231.4
611d01fe-017c-4ca6-b67b-00b192001b8d,42.90480585266951,-70.33646347639095,332,331.0
54f8ce29-35e9-41cd-8a36-5f6c37fa69d1,33.84387853913517,-123.099293733428,189,178.4
ecec0198-42df-4873-afd1-a32d16e46c4a,39.20528441916117,-97.71043834555334,24,24.5
6212136a-5db5-4e11-88b4-d30783e07b1d,35.11433752673571,-106.504957893888,230,206.0
a9c99310-387c-419e-ae61-e60631a3b9ea,42.55924842724455,-85.76043104009275,829,873.9
afc77d95-943c-4414-b034-2aa860e8326f,29.708281309215273,-75.46186613342948,472,538.8
3a15863d-843f-4d14-83ad-282f004f2a13,25.461449680921923,-103.7376908281624,411,365.6
4eb52bec-b908-46ce-862e-2545cefca954,31.498234936826655,-99.8127768479526,72,72.2
71f99e5a-fd34-4dd8-b72b-9580d9709098,35.85771662171076,-67.06685071441656,278,294.5
79729d27-22c5-4027-a98a-7f1349223130,28.200501304816964,-78.74892592892704,381,390.8
08251246-380f-44ad-bb84-aeb5e94a9649,32.869932241409714,-72.06495627502431,227,214.8
a8bbe4a5-38e3-4a31-a8dc-ab4be2eecaf2,33.99957545733921,-99.11302898155384,58,61.3
7bc8b671-a8ae-43a3-be38-5cda56ea175d,25.434796092206838,-111.1895039649372,615,498.9
692ac5fb-fe91-49c8-91ec-efa424390e8a,38.582681204605116,-100.70005554219935,120,113.8
c5deadf0-a0a1-4020-8d61-235f60d742e5,46.10858569928219,-82.7505768479407,28,28.4
29e0dc98-4e01-4675-9937-cc89649a3c24,27.79357282382631,-118.54360611467722,23,18.6
2ddfe02b-ea8b-4761-9b1c-c6eedf16527c,38.94520033503785,-109.04232276862598,209,209.6
fbed9c68-539c-4d61-9826-ce49a277fabb,40.61848012277116,-122.24848187276616,115,122.1
99580368-60a4-4ec7-9326-02497404c2ac,34.48336701048221,-99.49148343805024,20,22.1
eb1e553a-c641-4cd3-8683-78747b358b57,41.52743968410675,-76.18070157720283,270,228.2
531e7e3e-43bd-405a-a896-1699ad42d7da,34.2682885872753,-123.54484239041736,321,384.0
f9be0fa2-3367-42fc-b05a-2672200feaaa,36.615932199435875,-85.1559119183772,258,269.0
7d1cf0b6-905b-41e4-abb9-fc5044599c1e,24.183826113860675,-69.98274340368937,45,42.5
6fa121f1-f0a3-4d57-a49e-126bd6232cd8,41.29300285336722,-111.02125617084025,234,210.5
c5f5f135-b744-43ec-aba5-7a6bf8fb0126,40.53356697361811,-84.07554439706877,2,2.1
048bf94a-1c33-4f68-bdb5-fa09340b7701,24.960021933158615,-67.46898783508817,73,84.1
c08d8cb8-c4d7-4d7e-8c78-d850032adfc8,33.20625268487833,-68.22559445100467,102,102.8
f8cb265a-99d0-46ef-89b9-74c69fcad393,48.47579601979169,-111.13917761128054,361,384.3
27afd689-8f70-4434-9cdd-5dcf02f3e6dd,34.51841406421542,-119.08046786048794,99,93.4
3c76231d-4dd4-436b-a738-dcb3a916da7b,36.54863512829604,-116.25133026414096,2,1.9
15437618-3a52-4fea-a44e-1c3a07c7154d,46.748253953992965,-83.57989555955362,87,79.6
48fbf310-3a29-428f-8298-798eeca7085b,41.93154689664391,-82.18022634825675,138,149.4
48ee48f6-d268-4409-8cf8-9c1c90d46936,38.55175327810559,-85.22004286393626,595,561.5
35d77830-54a3-4162-a0ea-7e424c5c037e,43.94511703352681,-105.17137512320795,566,496.0
6f19f766-07c9-42c5-b9e2-98695331a201,45.60915666139933,-114.9831605542708,40,37.9
80cb6ff6-df04-407f-96ff-0847197d2055,35.42220179343167,-90.73509557481707,41,46.8
7842daaa-f685-43ca-bd5a-989722de3a0e,35.87770912329589,-96.46285370028588,36,39.4
6b951615-8962-426c-9245-c26e1c5f1f07,33.651273391295895,-81.9987853197841,311,290.4
9e28ab4c-d666-431e-b6f1-bde1f1f3316f,48.16765350046151,-98.95975535754833,1,1.2
cec42e23-689d-4dbe-a5a3-285fad981d54,41.42915635725876,-105.02025801349836,27,22.4
fcdacccc-dd8d-4193-bc65-876b17d40ddc,26.080576655201806,-107.68476393581815,154,126.3
679ecbca-cca4-4c20-a7af-94e6bf64475e,45.57399058282546,-112.52325111706496,57,48.5
0f4b6019-5a68-4442-9e1c-fba931fcd940,36.0139985209067,-109.32096380498697,19,16.1
0b6a7c11-1bfa-40d5-9586-5036a23c5a4c,25.718847660562187,-119.40500410819801,89,74.3
39fb2ddb-61e5-4aa5-897b-a7e7e74dea7d,37.742931379082776,-104.53543635519551,64,68.1
db82bafc-8274-43ae-8b17-d10bebff2bbd,34.42910697439255,-122.84238107058546,143,148.8
f79ee47b-cd9c-45a6-948b-f2c59fca484f,45.943735121565624,-114.00158301718672,775,820.8
1197c068-b1ac-4d65-8a1e-8d5f44b9b4f8,29.099865090234683,-80.94054376745368,27,29.0
54714b83-1fd0-40b9-a4d1-226d41a2b2a3,44.661615237304574,-105.79732966807927,93,102.6
4da88fab-7812-4f9b-b859-73dfd3de1230,37.94221727963632,-85.5740159983367,538,475.0
762f093c-8c09-422a-ac72-3141b466a40c,25.365257580336728,-82.70383363976063,419,439.5
4377cb43-743b-408d-8c87-0bf1895ca89b,48.29613253313711,-90.7100647788053,100,103.2
43427e56-e5c4-48f6-814d-3e9ffc327701,36.81538110258,-68.4368332594415,240,282.6
7da32595-ca59-46ac-a9a7-b27a091eaa91,31.271921355789562,-123.73504786923631,18,16.1
7f5df0d2-cb1a-469c-87af-e7e2c9409236,35.73517104973145,-81.41949361529961,249,205.0
502d6757-2a4d-4b34-aec9-e907b0872db7,45.44644458793722,-68.43158800751593,721,765.3
93ed664a-dfda-4f1a-b78e-a7ff2c0336f9,31.622578109626588,-74.12596796817658,154,168.8
23ba36cf-e364-4bcc-a8c6-e75c8ff4c849,28.816909912167507,-115.09433118350421,138,126.0
97c2262c-c8c7-477f-9d76-f4cae6e83d06,27.226781173272038,-105.71760193114781,41,42.2
196a2300-36ce-4c8a-9b5e-72912b8e2d7b,31.44648495975528,-114.82534144728854,201,165.6
2a5475f4-8061-4fa6-89b2-6ae71c9422df,43.50120217600109,-89.52280653493246,179,211.9
29969026-8f8d-47de-96a8-bf36c979e7aa,35.79065912988154,-82.98090906320996,211,178.1
71cdfb75-cbbd-4468-9910-721d793e595e,29.6870400923385,-106.29264760757957,5,4.1
5ea5a98c-2e64-4630-b45c-ffddf99b0bb6,28.15462499024373,-93.16911213492656,159,130.0
39289ea8-856d-4675-8db9-b2306441a46b,32.318236912759474,-84.2356863657995,181,175.7
91c6bda1-29d3-4ddb-af8d-cdff133adbe4,47.498109322142724,-100.14095081994815,47,39.4
3eba01c3-fe89-44dd-9855-f00f9928c9bb,32.57566781475061,-74.6130837031279,47,51.6
27120f34-0bd5-4bf6-ba2f-8373ca98104f,48.70310189886588,-79.47855381801878,65,75.4
af832c0d-e3da-40d7-9dee-7993d9131bc8,36.130761394133906,-121.18473291281633,1125,1017.1
67ee26d2-1f46-469f-8292-603f475a1d68,28.47909795725377,-88.35360735364108,186,195.6
396ffdb8-aa46-4ee1-9ed1-902afbd9e742,46.278502294837736,-111.11579249337477,374,305.5
13134891-77d4-4f07-b0e1-f4070319eb71,35.50888432837067,-92.10642238463076,70,66.8
bd9aac92-24d7-4e15-ac16-2e8864b4e5db,41.741783587613114,-68.543581884655,486,445.7
bfc830cc-f23d-4e43-b3f4-cc86648e0615,48.592789580228796,-73.13534173141724,272,242.5
186baa19-9f2e-4929-8ea9-b7f170a75771,25.25438375799935,-101.13353221620723,101,106.8
c0d46565-390e-4e05-a72a-c4eac3c421c0,26.41736399468918,-107.80068235768314,20,17.0
585ab7e4-42a7-448d-aa73-3fa13b5fe931,42.011418536568904,-111.17006107991271,59,67.5
58dd3b2a-eaa0-4995-96c5-56fb9652dba5,31.0456250823868,-93.58162268436531,628,669.4
72e1c367-ea19-434f-bb51-8697716516d2,28.607534923752475,-118.25934125777468,74,80.2
98e71440-3ebe-4568-8c0f-b5f1a82a17ee,24.984046995493237,-92.59277452043332,80,93.9
8f52031a-31ba-4b5b-84b0-8071e062960c,24.546167799655045,-124.92131527004327,42,49.4
d89ce22e-f9d3-4429-85da-306fe9fd61c9,43.36214007799477,-105.89287178599515,329,335.8
acc238ef-cb5f-4720-99c5-8a723b272cd2,27.36083568423875,-112.02387548399571,64,63.9
bec88fd7-9e53-4447-a107-ac53b558bc81,35.69301539927877,-67.69809139231387,80,74.7
8fdf3c15-d32a-42a1-9580-0f24d335efe8,39.14742037948707,-82.09270314537125,107,116.2
e9e81826-5159-47f3-bbe2-93e218174789,34.70879501422115,-104.37045055272797,114,115.7
f09763ab-6c03-482d-a7b1-a8fecd70b5a2,24.67766630840583,-119.5221398946934,106,124.4
84e89507-8810-40c5-8b2b-d234f760f901,43.587537564697726,-94.50876491325319,140,125.4
5c308c14-7470-4ebf-bad4-19d09c9b1d88,24.262830613541336,-112.4065750017635,337,311.4
bf9dca92-f557-43a1-9e75-f0fa67dfbb3f,43.0472473594371,-93.3506567919969,342,316.8
ba16d269-95f9-4986-bd3c-2a855e5b25a2,46.332612344703065,-75.71362110344535,320,359.2
1ec712dc-df4d-4b91-ac4e-c7d58e2a459e,34.82099802642931,-88.66823942601826,21,17.6
ff44d238-c071-432c-a5ea-5d67ef00215f,37.38856182744496,-87.60648324684487,322,316.3
d6ba4c1f-048c-4939-82b4-cb2468ebdcee,35.92458481544134,-93.07921294529413,26,25.2
ebca7bb7-7e09-45f0-9a07-05211c824e98,33.73021546558597,-70.29132767474687,27,22.4
9e808e38-d5a0-4f33-9b00-61039e06e779,46.18561338425901,-70.0177416191844,591,569.9
7b01f6d4-8c7b-42ea-850e-afcf7b791c91,46.348337766749765,-94.74933113666042,342,343.8
65f0daad-c4b5-4954-ae15-bf1f6da2131d,32.395409116038365,-106.96019025853323,161,133.0
a549bd54-b0df-4e95-bbe0-5bd77d7a661c,39.37674385036745,-97.8843666531128,416,417.6
bee66d12-6728-4361-b97c-6a9b6be4726c,47.17268905364661,-113.99308318045867,909,1076.0
dd7860aa-6721-48c3-b284-94e87d144a12,48.05146247353379,-87.45568539623272,189,225.2
0330ec4a-a4ce-47b7-bedc-8c89d6ef208a,36.72397601055119,-95.49455218884825,190,192.4
1b42a441-cd81-42ca-ad3d-b0b7038ad809,35.32062013210817,-118.90527180901648,281,282.7
6f0dc023-478e-439b-ac45-41f7bd0766fb,30.967357898213145,-113.3387809139427,53,48.5
2cd6f319-fc65-4ab4-aef7-dd01fe7bab3f,47.97179682976025,-96.70171458422791,37,44.4
752648cb-70d2-4991-a096-c5099c6a12d2,27.570357611821684,-72.63224954758735,285,259.3
c40960ae-a5f3-46b8-9a30-abe16b32e770,38.49573940119313,-91.58294748276526,85,83.4
f057d170-7f1b-495f-b5a3-99409d569c37,31.06375668796597,-84.78943498770022,29,23.2
b22d61cd-ed1d-4b9f-b2bf-6dad5e335eaf,30.975207258694915,-104.99731556510932,76,71.4
ae19f205-667d-4d3e-b539-6e76f01e69e8,34.12421468440471,-91.28672781039018,89,73.7
71df7753-056b-4c20-b980-eff592cc5c39,48.96982339539136,-98.60459046435402,672,737.5
6a79386f-ebfe-4b19-baa9-b75ac6a590d6,25.37415767099555,-86.11133515523352,239,244.8
537f4aa8-d39d-4b4b-81fe-2a70be88c078,38.46354545508829,-122.01604160133839,151,155.4
ae548e77-af5f-4231-b9a9-72845d307b69,26.06430395088193,-95.89528724190141,694,634.7
054281e4-67a6-4eb2-bca1-24eb09df4484,27.863020749762974,-107.53643511650594,467,525.8
41139de8-69f9-4254-b3ed-05386fe0c790,34.989073544322466,-105.75508138460336,143,114.6
0d70cfbe-5100-4b86-b95c-ed74c13ff34d,36.76150328366103,-68.30587153807437,1111,1037.1
4ab683b5-a42f-4255-9961-73b1d82bf940,30.4698102091131,-114.22100605002842,104,110.6
a43f5a7c-f1ea-4fa0-a002-9232d5027648,31.911428271860405,-106.63653009786279,52,60.5
9e5973da-9977-4541-bf1e-2dda5305789e,26.174175506398328,-94.91633803187857,53,47.4
86a04349-a147-4079-97ab-9b9bf528ff8f,31.580494596106263,-74.08141005917221,217,220.6
1b62bb0d-e86e-43df-ab15-4265e2f7e893,48.1639609845136,-100.41646509082415,139,141.1
f1d25da7-3fc1-4db3-940c-fe108da06ebb,47.61768454181204,-81.11194842759791,215,247.2
a11b2486-2140-426c-a6b4-ad973bc12983,32.371957253424625,-74.47392820532666,232,190.3
bf80d575-3e16-41f8-9337-e57462101298,38.27134840696904,-106.70903500651092,5,4.8
70f5b905-df3a-4794-b93e-b68780b3f300,46.73988477777361,-101.82773917121611,11,9.6
f810949f-44a0-4230-9ebf-1f1c3cfeda76,24.154595566022415,-103.96318280238698,152,122.9
e380a116-5672-4eff-8556-572a82255793,44.267089258439796,-75.86150729154267,42,36.1
1d1abb6b-c293-4d29-b872-7c5d374b4896,47.70923881972297,-122.38353514473754,200,238.1
2adfb2d4-3dc0-442c-a927-2fdafe16f016,26.283143358338926,-106.80315575910788,161,142.6
42f5af5a-fc0f-433a-bbdd-3c5401675146,28.036192150823027,-84.91489510188734,176,206.6
742d52e8-724a-46fc-b0f7-397dc4fde2e2,48.01865756928389,-91.63883352564478,72,63.5
b6b463e7-10e3-4768-a86e-881207c60462,37.438503591008654,-99.25892780167203,204,239.2
88e00957-c25c-4386-86c6-710273b72dc7,24.354915861793092,-93.14305459393833,354,375.9
f8d8c369-d61a-42d9-928b-4a6612f3f17e,30.44079996908823,-113.34250943612922,4389,3710.0
e62b4a3e-7db8-435c-897d-bc5535a17d3f,35.24859185672149,-99.58771932512738,365,377.0
1c22fdf5-2d0d-405c-9525-6d56ec284355,41.32272277561919,-95.3995239335954,163,151.2
9bc5c516-f529-45cb-9d38-8c86940ab12a,42.329009453419985,-71.8298418046785,43,41.0
602ed366-5bbe-4fef-9155-9554e2d438c4,48.8855378231364,-109.61072539456539,229,223.5
83d6797b-b1bc-4ebc-b2b2-3727d1854b92,31.187779984593973,-73.79811837226899,555,537.8
ae5b79de-925a-4282-8890-1c047820514a,37.455502546711884,-86.98975735126706,48,51.2
bd44c0a4-8826-4981-aa45-032ca5445e54,37.33308869649012,-123.79989096701154,59,65.3
e1c8b2de-8e10-44c4-a04f-aabf517a18ab,34.14113148618094,-82.24675112293578,32,29.8
d13ddb38-b69a-4dce-8378-f9f73167a815,28.229047346060504,-122.90243922460574,267,312.3
9d5e4e61-7026-4b87-89e6-8f23fca5ca24,48.43641407959606,-66.15451351798504,104,122.2
36ce30aa-bd85-488c-a6cf-d6d1b80525ca,45.332929666664654,-73.51443542621934,13,10.6
d31d1fc7-b7ad-4c2c-a6ef-c51da4f5f826,36.45832570735593,-107.4567188951373,416,335.3
bebd9b7c-b3a9-4f83-97a1-761523716d62,39.081135567100745,-109.81273741839438,163,158.1
76e4dcf3-36ac-40b0-810c-d689f1a38235,29.681526338991556,-102.49497615576908,80,82.9
8b5c0d7d-075a-43fe-870c-fb8a95ec2824,37.59467675979367,-103.98614904644786,84,76.5
62497522-8f2d-42e2-b93f-2e4f54845690,41.3742533280369,-103.03206871526251,69,62.4
2e8ca3ef-9402-47fa-8c2c-c7f7a76ed067,36.87917570966472,-106.22168377895065,122,130.7
9c9fd5aa-fbf6-4a2c-8d25-a8f5b5eb98d3,48.75712926462353,-88.35312899594845,82,85.3
18a8421e-21e8-42a8-9fa4-58042d13fa76,39.28354140619315,-115.30844384048319,159,137.8
dbd3fe22-99ea-413b-b70e-b7773776afeb,33.27434281480423,-75.08710374568523,297,342.7
f4bd992a-5dbf-4892-81d8-dbf6d622f8c7,43.30380069039595,-77.0682534421524,224,240.1
477b1ab0-87b0-4b69-bf9b-dd55d50abbe7,28.261562789541053,-96.88749073653905,70,66.2
204ffb76-1aa7-4612-8ad8-98afc73bc70d,33.612895342656664,-74.68893204856569,150,161.0
81d8241d-de0d-47f9-82c2-901933ebee66,32.67397375943965,-110.4184408682127,367,310.1
2baa7a99-4181-4b7d-a5cd-c9bfee42f925,34.79517737769443,-123.96363811346595,14,13.8
73195504-3d05-4f99-ab4f-6dc02d8c1cf4,43.54449564821816,-88.46673242324044,16,13.9
28c6cd1f-9203-4b64-850c-aef95689b320,36.104325804085185,-97.98334498908179,162,132.3
46b67280-82d6-4f39-969a-bfa68fb89d63,43.850361256649066,-91.53729176854364,204,190.8
8cceb0af-9e81-4398-973e-30bf8ca7af4d,38.412222578496646,-71.93897486791423,48,41.3
c96a9b90-4f1d-488f-b887-f64ba41f08c5,32.55173586643888,-67.77439115960934,273,287.6
b42d510c-927b-4008-be7a-37fd2e57a1cc,44.249468592086814,-87.56726475441943,208,222.5
99c04729-69cf-47fd-b127-9bd08bb44621,29.95724176382729,-79.92072019870614,514,441.8
be531390-ac75-45ec-a94b-a43edfa3e62c,29.609574494994888,-120.0553024242573,37,30.0
e4ea1ebe-cdaa-4a2f-a160-2cd129ee925a,36.6125731013709,-115.51778049140117,278,310.6
faf948fc-7b43-49a5-9cf4-1f2943fc8ee9,30.521231149052223,-81.74091650777439,17,13.6
54a8cd4f-e957-4267-888e-d6247292aada,24.227175873780407,-99.5494380731079,167,156.6
d3b1879c-d422-47b7-b9f7-023bf18c8062,40.20743818247004,-98.68804904614007,161,160.7
b8a14a84-c3c7-46c5-9ded-9768fa4ba4df,36.777345536809946,-106.79214678350924,98,110.5
7833bddd-69b7-40a5-96b0-4241fb8e060e,35.13794536232903,-89.16597337481312,372,422.4
7ea03a47-e3d2-4d9b-b323-ab23bf632349,48.17421286545788,-114.07526232044404,2,2.2
1215d284-4810-4dcd-a2c6-4054c74cbba3,38.279979599072846,-88.01193952048015,147,132.1
3b9ddb20-2950-4a1f-9616-a27905823a14,45.585789444734615,-114.74586742902086,49,53.3
8375761b-abd6-419b-8f58-4466785d538b,27.486255905129006,-121.2342639521269,272,244.4
5e1ee242-49f4-4bdb-93bc-257eb2cc1323,38.230161578235695,-105.50889636675541,9,8.0
cec4c342-c2dd-4e30-9631-272e54f60fdb,45.699490668272574,-111.36271982141899,356,362.7
78175012-58a7-4f2a-974a-3abbbfd375b6,38.57764393199745,-72.5494933251764,364,390.0
badeb9b4-e747-4ae6-ad51-7d64a299734d,41.95035445317504,-121.75774622175103,358,294.0
ede32ced-b890-4328-9f1a-82399ca2fddf,33.30108919530518,-114.57979213812675,33,27.2
2f02aa6d-c4c8-4236-9bab-7a0153ae9a85,26.311237925926665,-92.62554327060008,199,221.6
a769158b-046d-4a6a-907a-a5ef9fa2aff2,35.44750737817679,-96.61703573999905,3,3.4
d3095eac-91fd-4f9e-ba55-54ffb87db165,33.86198477097144,-122.29473091589261,377,392.7
268467a4-b0b6-4e85-8ea2-9a2d661f8d42,45.676504559473685,-124.57210674710647,257,249.7
fb4605ad-d30a-49f9-9e4b-298f8ce2fc49,30.099882558811807,-66.70399142429216,151,171.9
197d06d8-2a2b-4391-bf60-26ceae8e5ac4,48.1683556883777,-86.12875267882855,262,286.0
60719b8e-2f6d-4bef-a87a-e93f47df7791,47.9534529951124,-103.44103827680814,20,20.6
6a3c2242-0510-4ca9-91b4-7e0759933c20,30.190791076785967,-97.24449738786876,150,139.2
a0be3b3a-00f6-4a0f-8e36-4ba06b624aa3,32.70129888693301,-109.27354289319707,69,60.7
696216b2-509a-4625-98e1-5fa32c76dcd1,46.38889352184712,-104.65244676210062,720,696.6
e144a4bb-c323-45bf-b68b-0b6ac062c93f,48.165555522402684,-86.70637643117539,389,355.8
560cebd6-fa2b-42d4-8c7a-5109dea6f4cd,35.0859775709011,-72.91410386682513,264,247.0
95149e21-5587-4d75-be68-38d87b51b53f,32.02492614102245,-114.13632863821009,543,546.4
833feb15-12b2-45cd-8bd0-e5ee8f3fd146,37.15235033128855,-75.4186711822662,85,73.7
f148ae81-dc9b-4482-b1d4-58b8724f1aa0,41.19423015914337,-117.82815885842213,462,518.6
46c23b58-a816-4f97-ac05-65a8f8af60de,30.836862884374497,-112.31545880828492,79,67.8
a92f380e-fc2e-44af-bc63-a1fe9abb4d99,42.41182936547682,-122.80665800507089,264,262.0
f0cfd4ad-8716-4d4f-a5b5-89ea2e00dfcd,25.291433927866027,-116.69210013651303,267,293.3
73179296-6de9-4048-acf6-64ce3392e74b,25.23236231911041,-70.87911441762103,4,4.0
9fd2d035-3547-4a42-acbc-1f4635261ecf,33.65719262863863,-97.89311394951567,90,85.0
d8e8e00f-b8f7-4010-bb36-ec7b56554d48,32.836829801518014,-120.41771415507714,4,4.0
d3f021e5-2e1b-4334-b71b-36c49e18e819,31.890830384178805,-68.37611655570129,1168,1330.9
2161badd-c3e4-4651-a7ae-ede7845743b1,36.27549406672275,-73.13945384223965,26,31.1
d3ee8a6e-0329-4c22-ac60-81f0ba8d1428,32.01833955778928,-80.47373126877966,157,165.2
c6e4c01d-3d77-4998-98ca-47f3dbf73c13,28.806447961702297,-69.9251052750941,313,349.7
859f12d8-905a-41f0-8ab4-87733d71c781,31.736738727215023,-112.01236417068992,45,36.3
bf367294-2d73-4e74-babd-38c69aa14617,48.372606820255875,-75.6542117124049,133,153.2
20d3890f-09bc-4a22-9438-f392e38e91c5,34.27783542487121,-84.29051941509593,187,221.0
731e34e0-5b85-43cb-892f-def6703dffcc,35.11781942145839,-73.68420427550639,35,36.1
ca764822-2ee6-42c8-aefc-2e9314ed8ca4,38.4136247487785,-77.98221762118484,302,332.7
fdf9d16d-49d3-45da-9737-d1de88849ec0,48.58351921035566,-104.55679127256732,71,71.4
3e4c980f-247f-4f1f-9610-353e6c01f5da,30.040031910894076,-79.31048631598192,47,43.0
473c4194-7c06-4bd0-b95d-35a4c7768b99,41.032052763310844,-109.51507812389147,163,186.0
5fd3cc89-d977-4308-8f4f-11b754eed346,41.8996173385431,-105.61306238134476,106,110.1
a4962ca8-ddc5-471a-8ddc-f7436e221695,39.18311041982665,-118.6335626838444,506,522.1
57cb56a2-b0ac-49c3-aef0-7e84d9a8646b,26.2144584909161,-69.83047965715235,424,451.0
6a23e307-49d9-441c-8f3e-1e1a06d87947,40.921806895689414,-107.83080155938339,132,150.8
7f5229cb-f3ab-487e-bc41-3a8493ca353b,25.602367775904387,-94.28327455488434,89,97.3
85613b98-06cb-404f-977a-cf18acdba34a,38.90356623874742,-101.91136264849463,79,69.9
e7b6bf4a-576f-4a30-af38-2d91fab6b407,42.48952943054357,-68.36424088557341,62,61.2
cb4d0d72-0ce6-40a6-81ad-1dced76576fd,29.27424726549876,-105.23209891462955,157,187.2
f395441d-ffaa-4c1d-9676-0ea6652ce785,45.040550188569355,-79.06579653606136,327,334.1
8768f6a5-1ce5-48c0-bc51-d86205fb18bc,24.758845138325107,-74.53044687676038,74,87.0
d0a3a58f-17bf-4de6-a676-08c59695f847,45.09532159145765,-99.29921664862302,42,47.3
3818e6aa-3f37-4599-ae9f-7e61f5d649bb,35.50822626606913,-102.68786294727705,129,137.6
c7ca4dcf-fdb0-47c5-8f48-28e2d967d483,29.43969849829111,-80.88299656497495,14,13.2
e9187671-4302-4058-a417-4ec2250d811b,27.3444536248492,-71.13913716193218,242,223.1
e2e91321-304c-4ddf-9ef9-279e0f266005,47.832679189559315,-80.45902774873795,146,154.4
f38552da-5b8e-4816-85dc-a2dd0097db54,25.81663968952892,-111.59954443007993,137,133.3
40734d48-5754-4134-931a-ec76e06aa651,28.97733549839814,-72.58984290117539,71,79.5
7978713b-2e59-4d91-860b-bc11fe9413d1,32.69555868582615,-102.13268162122685,470,519.0
45500d15-491a-42a7-8185-d39a4e176e3d,39.50587122402801,-91.00246470510189,19,17.6
8bc5627d-aabc-432e-a7f1-a846a32fc7b3,37.62002713190246,-75.94529846173005,408,441.1
73e3e9cb-ed67-4f15-bbad-edd471397c5c,27.14108731030785,-113.88470872337096,95,94.8
0e8aad11-29e4-49ff-9f53-92c202dbe0f3,31.243199593455365,-78.71390199502437,425,395.0
0e284ed8-ea04-4d2b-978d-ac2be7b069d6,29.9687942771506,-89.82639492327003,261,251.9
40a0b158-8786-459d-bcfe-59e5231e5bb9,29.338571362258534,-72.29284313217111,22,25.5
95709d68-f83b-4e6a-91f1-9ad2b819b4de,34.27860841199968,-114.85374629123096,356,336.0
bfedb304-f833-4594-82a9-e60744f00763,41.60078631479142,-100.17974801458521,229,209.5
7cc3d5e4-6ab7-4ebf-848e-3c64b7c8bbfe,29.436323305430896,-75.86225752085659,7,6.6
934044d5-96e7-4813-959f-7f6111875106,33.16697199257453,-123.86532949605115,29,25.7
fbf92365-6e56-4054-b2d9-d7d5a877876b,33.77293567102906,-118.38011936082707,202,205.6
1415677f-f87e-4d78-8c3c-05d6f4075526,48.411413235885256,-66.55665244735266,217,186.4
dbd4567e-50d4-41e3-9bed-cdd3487030da,47.86665892197672,-108.45674346316932,275,309.9
9257feab-0eee-434c-b3ff-e299ba15a19c,44.003439568801895,-67.44295157028675,255,227.0
a9c7d213-ab96-438d-9a14-fdaf66b54b81,30.04147302047963,-114.23063849048825,215,223.4
e2a3214d-1a04-4ea6-9b52-e5c2117654ae,25.700932852291743,-103.6954278625672,291,247.4
e80732be-2202-43ee-81af-530b24578df6,31.922603443015618,-80.58070277428934,171,203.7
8f8ebe7a-0349-4d18-bde8-2126d290405e,30.669863735845773,-86.19107397294746,60,58.9
65a0815f-fbeb-4998-89d7-6f1c58ead0e8,36.64814500365985,-90.71377840418572,487,549.8
71f67423-bbb2-41af-8b1f-ed85eaf17257,43.443197751694825,-93.73594862750456,4,4.4
f2187df7-7693-46a4-9178-4304c2e8475f,45.458073471971446,-75.23701382378033,91,98.8
5f55edea-6305-45de-81de-d1a2a5725e8e,45.12160213526271,-111.13803479282983,261,295.2
816c6252-b7ce-4f12-ad9f-ec1e54defc09,32.991889030576694,-98.89421530738241,111,93.3
8cb99d58-2532-4408-8c58-34523bc3a776,41.180858586517076,-115.82831476276903,5,5.4
d86af229-181c-436e-8ef2-9f68a7237bd6,31.8208549381055,-89.83944585188844,14,12.7
ab11d836-344f-425a-9ead-d7fc2ce8126b,25.52263858087957,-110.2178789679921,209,232.9
b6f9b7df-b740-4c63-8914-9c6768e4fb6e,41.539131640073556,-105.30331820374023,670,792.4
6b7b90ca-a16a-46f6-bbf8-95366400e3a8,24.245688814244698,-97.19620771921184,161,186.9
41742239-0137-4001-a044-85a3c963449b,34.22956468646221,-123.42053544351546,141,119.3
c780d239-676b-4d8e-b96c-5cf03f2e9ba7,32.23448173255189,-119.57566178067057,77,73.0
e89cd5c4-155a-476a-85e0-aa662156162c,41.334438462971306,-84.53017597821504,59,55.8
6953537f-0f51-45a4-91ad-3d6f8ee1a870,43.156136819009475,-99.69077113766707,4,3.4
54a48059-8d1a-4748-b4e5-a56f9550a977,31.602365899282095,-73.97737690200617,64,53.7
beae5c3f-2aa4-49e1-8111-e9aef59fe3fd,44.29067536112134,-84.01435178499223,119,113.5
7de55cc4-1ec0-42b3-b574-119894ea9647,31.347919012623343,-124.52204444280798,44,52.7
5d75d972-08fe-49f6-adc3-9bb1c0ec80b1,35.15815899966403,-88.61397248473904,18,18.5
7d930667-de2e-4efc-af27-050449d1b36e,42.17546317535335,-119.47023290247674,1241,1301.5
a9f6c23c-31f6-4181-b39f-5216ac8e2df6,41.32300573061971,-78.92494239236083,450,444.8
215b2a5e-da29-4ac2-958c-0eab0f9fb863,48.684211807805,-66.50104639156838,552,587.8
87c5a4a2-4eb5-4471-bfa1-ed458d89b59a,29.629025605398297,-93.65927113975081,192,227.1
9cc6494c-1146-43f5-9ae6-c23d85cc4acc,40.557947838489554,-84.7160094885463,11,11.4
1b094141-6cc5-4c64-a0f9-fdff4e1a2296,39.24204770689444,-110.99846450720966,270,223.0
710673ea-d6b8-4222-9d58-ad9435a42be0,46.87746136225075,-99.18173311852618,23,22.9
7741ac65-31e7-4f35-9aea-30431cbf5f8f,27.909053541121878,-74.49037539805337,222,265.8
da9a9f7e-a1ad-40b7-b353-3d8f03470d76,42.794954089673325,-115.12204608297118,1626,1552.8
5e2ba90b-afe3-4f90-89a8-2aa14e412b13,38.20671540671921,-109.33339926878804,259,268.7
01d65737-5ca8-47e9-b4b1-3b5140fef848,30.866646744697636,-98.71941315812421,607,511.5
0ff99e65-7167-45e3-9a99-d90fcc4c81bd,35.86087285367935,-82.97731538120317,268,229.5
4e8983ea-3bc1-4c6f-a461-9111a2a1f4a5,32.344414926744946,-102.82284666705525,236,271.4
7b8dfb3d-2597-428b-9b65-7841173f8d28,38.48283506971152,-70.26379549280277,61,56.1
e7133eeb-44bf-4527-8b28-5b1d1f95b2c1,46.22501527036665,-119.42703397514556,517,476.8
5ae681c7-decc-43d6-882d-bee652a08255,38.23262461030505,-103.122552344854,40,38.2
ce0e08e5-f696-4aa3-9c62-c3cf8cbcead9,39.793060458164604,-83.17170671772311,471,558.9
56bf5232-538e-4dad-b9e3-ea1001754393,36.968696177867734,-111.66678082597194,75,62.5
b1492013-edbd-4192-8d74-07ab27c9470a,25.279137661136897,-86.2716250804493,28,31.6
6224d390-7147-4d67-8e91-e6e5f50e9aae,29.821463921902357,-115.3111994645866,351,328.8
f90f9c29-45ed-4b03-b242-42e616f3a623,36.300043235802065,-121.6971631931605,0,0.0
b8f0c554-63c8-4149-80d4-2c2644969f1c,31.75588209361762,-117.86007271182972,357,427.2
62d128e6-12fd-4b78-8220-6514c24eb0ef,28.544089944029857,-70.13089779508606,61,57.3
d2ddb17f-b4eb-41f7-a57c-490090bc2e25,36.60332104796096,-92.44669790656647,432,368.0
168c106a-bc5b-4e19-ac5a-568c45a66768,32.07024483619626,-78.0155992467007,235,201.6
8dd075ad-3eaa-4b0b-a502-c9cfdad2971d,30.452691079335366,-105.37338444660197,219,241.7
2e876c05-fb4b-4a2d-af71-771eafde7aed,35.59963543600952,-90.03313977475864,91,78.1
1299358f-4015-4795-98ba-c97e1748df2e,27.33210645205433,-95.7978241114055,12,10.9
8f626062-1773-49cc-9a41-2f71f269f003,47.19364332688518,-69.20146039526466,354,312.1
6554c1dc-e606-4d74-a5ba-036a9aae0672,45.69255244798097,-80.89309647280749,37,34.9
576ee993-788c-4daf-b5f3-f14e80aff70c,41.69051464351338,-81.89798474170183,93,77.2
a9c03a45-d996-403e-9c3a-06f39f24aac4,26.655345689711407,-122.2651571033775,183,209.1
5fe3ebc9-ce56-4ad9-90a4-a3b695081f72,43.396931361742325,-92.56948952878223,132,151.0
2aa616ff-4a5e-482b-b93c-52e340118710,44.19893320272547,-97.44750421979293,44,42.5
63b6f648-fd28-4df8-ba48-b6693a636c3a,43.19411544285845,-70.25730627023452,30,31.3
07e8eb4a-b5a7-4321-931e-dad6f97a75d7,26.849147177981028,-109.8168226968176,26,27.5
5a840b11-3906-4f6d-9558-2fcda9606ec2,40.09769892669412,-109.07982625582544,398,437.7
e7424b1d-c894-4420-9cf9-a9db1b308ebb,44.858119893734965,-100.73057131599148,6,6.0
f41c8c03-74c5-4a18-8861-244894da7393,38.43383503049169,-110.64118690902382,755,758.1
ace81214-9204-4d5c-b055-106f88b00b1a,40.160184380702226,-117.37814884928378,44,46.3
edf1d2f6-ed40-4fd6-b353-f0e605ec28b1,35.459086985657656,-74.41252404760274,23,24.9
0fc0e031-df74-4741-b4b8-33d5bcb6ad38,37.21768299710131,-92.06168506016897,172,161.5
72bcb508-31c0-42b6-9384-389aec94b35f,24.85942145879313,-74.17959958156256,17,15.8
8ff1f73f-f915-4a40-a8db-c3f89b4f4d86,39.97407554933211,-75.96304884118194,184,167.1
822f0ae9-394b-487e-8291-a039c1c37ad4,26.03618032227898,-108.35950106740941,380,387.4
8e5719b9-c9dc-41fb-8b9b-4ca478ba6a78,34.875364858505584,-92.68349078486784,10,9.4
310c05a8-2a33-494c-a578-840b1292c6c2,31.316377441685198,-120.09015553833584,322,327.2
b768a095-5752-4361-89f8-c2005c036d8c,37.63569875529283,-71.00013884218525,100,96.2
581777c4-119f-41e0-abdc-12de19443996,27.335408388080175,-101.14849981115597,35,39.7
c4f01446-729d-47a2-a381-7af93d23ed09,41.291085049332956,-101.77310515054774,39,32.3
8e6dd25d-0b4a-4d89-8673-18449ae96918,43.87528842321176,-107.13743313354075,502,516.5
fcc2b806-99af-499f-b690-cb0231f1d2cc,28.083861243578912,-97.82083906206847,23,23.7
2d262087-46d6-41dd-83b6-d37b0aec78d3,26.607827183797053,-110.14619619381857,403,384.3
906e7ec7-9896-40e6-b09e-0dd3cffa65d1,27.637887069683977,-102.88371590498853,157,152.0
ca2875fb-5705-429f-93ce-20e114733bb9,45.92818904746254,-77.80312413349196,8,9.0
3054799e-0c57-4501-ac4c-b4c854ddb11a,37.204731543908906,-75.77892528847485,125,114.0
d82af20c-eb5d-4e83-8756-06231d2196e7,35.68152490018757,-107.05323381991755,340,390.5
c7054e1a-f90f-4a3d-aff9-f8088b94b959,26.667795477558858,-97.3281485973855,259,300.1
e3973c5d-0fc0-4ac1-98b4-d0e3f8113ff7,40.23890016892405,-73.44463319947693,134,142.1
de877fd0-1a2b-4919-8b53-1e7799f9e7b5,45.69998979737725,-121.89227342204786,393,435.9
54286b2d-f1c6-42b6-a2f9-acf525a8cb45,44.70464673308632,-72.54044724224866,26,27.2
b38d5053-7595-486f-ba4a-d73336bc2db3,39.65136772452003,-112.06812360651243,481,485.9
f4de467e-0c89-4a49-b176-dedfb0562e4a,25.881967916291842,-84.96618459135183,375,445.0
4e3c916f-c7b4-446b-90fa-4efd9d1f0e86,26.809925679400322,-90.62944991330858,246,224.6
efb95989-6cf5-496d-8b39-c6871ea31d62,25.232724677745615,-92.37649585683413,341,293.8
50d111d1-c7d0-41ed-8c6e-b916dc4a363b,30.436980412311733,-74.29774673958354,157,143.7
f8d7b11f-681f-4931-82a4-361c5effa561,27.391536679009445,-119.00724352496499,225,235.3
461f6319-1854-4f69-82fa-bc7189b3d5a5,30.501201006310847,-104.52534650578747,164,143.3
4e248c3d-9bb7-416b-9ba6-be9864e1af40,33.62645139297404,-93.24308796565883,88,102.4
aab996a9-bccb-480b-b1f6-a11d991cd0a9,47.57456960177839,-77.13395761718365,168,162.0
93db94f9-e4ed-4eb6-8754-696cede9a084,39.2594014945423,-112.22985807871137,60,68.4
533a8cb5-843c-474d-ae04-adbf7f6313c6,44.87434464207406,-77.6271393589177,116,104.4
6ba7e464-7bcd-40b9-a556-1f6c0c0acfc4,41.7587875178083,-101.42132953285778,66,61.1
e1054da4-1dcb-464b-861b-d7413d802fb8,26.812578263165793,-113.85408247041197,26,21.4
d7adc6da-0c72-4e28-9905-82659800e06e,42.39801015934872,-80.21980001383452,359,324.2
292ec81f-f18c-46c5-83d1-69ea8e5cff58,30.877472038978112,-119.63696481300168,382,380.5
356043ce-9a5e-4b54-9d95-632ca0ee6896,39.97769617486766,-94.62872492954887,96,113.1
7e6d191b-c406-45bd-b3a9-8b3989b61308,32.524049341074715,-121.23132875214858,276,263.7
e7a62c05-c830-4dff-8507-931f3b658535,48.941806581616476,-103.97134654569054,39,41.2
4f963d88-1c40-48aa-a615-860800880abb,30.588786987419446,-89.53646885862284,110,106.8
a4ed206e-f6fa-4342-8f12-73984402347e,30.97826176935674,-92.18918305225444,24,19.6
f9176c46-7e30-4776-9116-eebf0855524b,47.26680638905996,-101.12533034362468,30,30.0
ad615753-77c3-403a-a282-de700b79f0d3,24.616110115908068,-99.68616835564518,192,158.7
092b821f-a4db-42e9-ab65-5128088425f1,41.41722469682992,-111.62059635230477,187,215.7
2bf97b22-acde-4425-9dc3-337ca4754003,42.13315976839695,-98.10292728297793,48,52.9
afa22038-9580-4657-a503-fcd3e2ab3813,44.909464435259984,-68.75796351247078,129,122.7
2e2bec56-0d61-490a-ad1f-34ba534a17b8,48.36098276596188,-74.82327785075637,398,420.3
1d6fc06f-bb70-490f-ade0-b5e8551f3a65,48.390047978916314,-116.43126072449571,38,32.1
5d65be0a-7c03-4bbc-9ca2-0d10c15ada3e,25.631918939161597,-123.24293354806566,4,4.3
8edaf8c2-a9d7-4dbc-92c6-9b90e28a85d6,44.545983068822565,-69.9220655497188,211,238.2
ce935e81-0223-4526-9795-0a20df43bb2b,40.157748341434534,-93.92176475703589,11,12.4
13aa88de-9e5a-41b0-8c8d-afa5f041600d,40.18355335932728,-93.26756843419085,782,714.5
e1cb9b33-6d9b-4aab-9645-b728b7f6f113,27.20874816536737,-78.93763825331519,188,170.2
e695224d-a7fd-474c-a52a-9d2f877aa5ab,40.25467916114133,-106.43335054159174,127,128.1
918ed72f-075b-464f-b12a-510760e69ee6,48.562064515031196,-96.56745343867587,112,133.0
11217d85-2402-4f7e-9d4f-632301279be1,46.795464238486176,-67.84888812434248,170,198.6
6b04c5d7-e3de-46ab-b96e-f0988c40df4c,34.97826652012127,-85.34322747098798,19,17.9
751877b5-0e2f-4eb1-bb66-e8f3bed7cb73,24.99869933215236,-115.92904311224864,532,591.5
33dcecac-c203-44d6-9a6e-dac427e16fa5,33.05733725000512,-117.13962186892316,197,230.2
74bc72e8-7eb1-4329-b203-38564ae3f5ea,44.659757790013884,-112.94837925835269,41,37.1
61a9e62b-a425-4334-b10c-c0cd89a8e37c,41.537477536629154,-79.76401120917767,165,186.8
edcd4a14-cd83-48f5-8cf5-6b8e6a5c118a,35.48359138984891,-107.57275677340365,29,26.3
93b7341e-c52b-4690-83df-b8eded2578f1,25.377538378970776,-123.7380580461703,4,3.7
f87019c0-5006-4f82-8cd8-c90cf86f92be,34.672368195582564,-69.29371255316596,199,175.0
07cc1df0-b985-4877-ae17-0c63b97e0e01,35.725623492947086,-114.98690843270028,209,209.6
0991a9ca-07e0-4e68-bc80-c5acbab51bf1,47.2138883223534,-124.43606701726395,175,199.0
9b94eb9d-6048-4181-bb5e-edf7f5a4b2b6,40.027152589553985,-111.00923545938394,41,41.5
60ba5a13-58a9-4e72-b594-c515bfb625ca,31.791322916366223,-111.1333015600301,185,157.1
6ca4d30f-81d9-4c84-9f88-860f9651e820,37.132956611268035,-100.10169020010234,12,10.8
08d031ec-18ae-4e36-80da-a46fbbf8c781,25.651382695554002,-70.69699994149784,188,192.7
5166c824-22e3-4abb-a6e8-dffc2b0bcd60,48.31420589124342,-73.12808985103322,161,166.4
452e1cb4-1924-4782-a777-9812a06af0c8,33.00149754826815,-98.04322125603676,213,219.6
b40befd3-1411-447d-b7de-e23a2c873f01,35.946683872828395,-100.75690560548341,452,375.5
866831a2-cd3c-47bc-a2ed-db4a32cf6e47,32.88209935592307,-92.25446389798378,380,418.6
c79734aa-71f0-4124-b360-79e185ce778d,41.062793252905,-110.63621329366582,789,918.2
d64d5536-5246-4bdd-951d-2c68c891ba2b,40.55580395823982,-121.92108547398459,748,751.1
44a2b149-cd99-463c-ab69-839c1dad7c00,41.88305776322839,-69.5857759658988,296,321.9
f22dd565-d354-405d-ae31-2d7e35145fac,30.703580740298023,-113.98475989224681,2201,2565.5
673feeba-1004-4851-b9b5-b1c3d3a381ee,31.891712029101647,-113.29435697450273,404,427.0
65852434-ab37-4674-89c1-ab4aeeebf6fe,27.1312807774052,-97.1248405976171,260,278.1
790a3894-2804-4f4d-8e52-32878b91f9b2,40.38774929615282,-95.99481265442049,16,17.4
e3d3ad9e-e7ac-40d4-a050-df3daa3423b0,24.994928183391313,-123.91238162765623,10,9.0
3ae47efe-865c-4fb0-87d6-e7ee984a6866,38.94205838808648,-116.27067041233573,364,376.0
c60d210a-868e-4762-ac35-901ebf1ac4b2,45.74239712129085,-102.68886570491624,135,153.5
66c8c3ba-6d2e-4c26-81b6-cc4be42b98f3,46.27080370724084,-84.6598890828782,337,309.5
dfff5952-b263-4626-a8e6-d9f0a2d23e1d,35.22594400924904,-111.52331104691578,75,86.9
6820ee75-abd3-4039-94c1-787070c686e7,35.482592205326846,-100.042147671736,101,105.9
51025846-ffe5-4a7e-ac32-d6fb960e34ec,25.924229575200435,-92.11664118172845,241,233.6
8d2c95b6-ea86-4ba8-9eeb-721059397552,40.7691256360759,-72.57304281722577,494,518.3
4313ed66-a46b-48f5-acf0-a65da7c78c9d,44.531485509321136,-105.76184036269973,18,17.3
029bd3e1-9af8-4b7e-9a4b-dff60f32f018,30.116376365117826,-117.12006231405448,395,448.4
44739857-8b56-479f-b17a-7eadbcac93ea,34.53252204083412,-96.13293867204112,315,312.8
04627b7b-a6f7-4e7a-95a3-5393a24c6db9,44.970983419131755,-80.94342550064033,76,88.2
11b78cae-1741-4b82-8c88-f581dc8595cd,45.9280116915572,-118.51827433388873,88,88.3
a3509b03-e7e0-487e-a199-d0cf04af8055,30.07949950660565,-99.94367398987933,10,10.6
51ef611e-eb95-4698-a55c-ab661efaf670,37.764265863534106,-123.95067666551348,3,3.6
554d2226-45d3-44a6-879f-0bdc87f576e5,28.81232876589568,-123.02000828281219,130,111.6
eadb31ef-564b-40ee-b4b1-55cbedaaedb0,26.546969103488912,-96.50575157021673,20,21.9
9293779c-cc18-4850-abf3-96086e97ed86,46.77801253479894,-107.40635940909516,43,36.8
1ea559d3-e3be-4abe-84e4-968e05917743,44.512687605802725,-75.13866935868069,375,425.8
4d6730a7-a017-4186-9d33-226ae4a6bcf8,43.000872545079346,-89.4728959385392,169,175.5
42d8877c-c60d-4c0e-83ac-407498dd7761,25.21915797032851,-98.21795525716357,201,236.2
1aa46149-b6dd-4ef8-8e3b-4f95b0c8b137,45.093219817756435,-100.93181310779651,42,48.1
40bbdbc6-5948-4aff-be2d-a93800978540,34.951101897634594,-95.66251666881577,353,293.0
6ce9a0da-9845-4b9b-9d03-e456c7efaed3,32.559878082396494,-122.61410895845299,405,346.2
b2fed0c9-bc9b-413c-8e8d-5a39d472ae69,37.661909025634415,-72.32519197118106,148,154.0
066da19b-fb63-40d7-bb06-7dfc8d142511,26.283831068088894,-66.10011381169646,487,490.6
ffd19a77-a484-49b1-aac1-287d0a3cc716,42.91616373380997,-114.29225963333678,373,323.5
17d5b2f5-2285-4f83-9ad5-5cf9c679a899,38.5608769222074,-117.89740507829744,263,224.0
a7a17950-3a4e-4282-a00c-db3da0e5443b,28.66475242182919,-116.52892965653288,265,271.8
05847bd9-6b4b-4c0b-aecb-50a30726d959,28.705804994226142,-85.99940356417234,22,18.0
6ac6981e-8a2b-4425-a4f2-7b0d2ec6b12c,28.606216289316855,-85.97499053140429,63,72.4
065e5cbf-d772-4896-89fe-6959d2fff864,25.42505968879835,-74.97247442557375,14,15.7
af4250b6-aee1-4a89-a243-d428dadc52d6,38.69496123429212,-80.64224308285105,2,2.2
82f16053-f2dc-471e-9bfc-c9dbae1f2fef,45.0087044397127,-98.46830927120895,34,27.4
b7671f81-4440-4f0c-b3ba-9b3d63c700ea,24.437455349684715,-88.84153366764619,425,348.1
d5772225-d331-47ab-a09f-fb007f7b02f5,25.22511612428184,-84.39120444828754,123,125.5
4e1ead3d-c645-4285-89d1-c24a591ce79c,38.31925691717365,-94.74854825317172,702,840.8
8176cd8f-a067-4e0d-83d2-40ac48466c22,44.48739213465131,-96.93659191735344,182,170.5
2c48d483-e4b0-4e9e-a7c2-a58525246dc8,32.168472264215836,-86.93925070708346,54,50.6
f6e57b46-38d1-48a2-855d-2dc0d45b080c,32.740359970193055,-92.10900161043642,137,117.0
1177c908-1390-42ef-8d90-3b293844ba92,38.908662437419395,-87.0074039851813,49,52.4
b39bbd8d-6e58-440d-8b0f-0223659a2c1a,30.855322228103674,-88.84156833616153,827,875.5
4bd9a752-e35b-49b8-bf4d-c9fd077aa29f,24.665209151942104,-82.56740292969437,376,316.0
6e531e69-9feb-4abd-ba5c-ffc7ffa5ef50,42.3807129525399,-87.07459298181031,5,4.9
e1f419f1-3b7a-4930-b1af-5be6e3073ef8,39.641247823536325,-94.33519330020123,590,629.4
3de3a885-d898-45d3-9967-2cd4b3eb2122,38.51889997639148,-84.7739881342212,255,254.3
3faac012-a44c-4137-a728-ada611e1d6fe,42.54210322479558,-98.48056405405974,17,18.2
a080af19-0039-4e65-888f-a84c7d7c5be1,40.88077093905093,-110.74139766761654,222,250.1
111a60ff-35b6-48a8-bb02-d376e735b184,29.147049704458027,-124.916325012099,208,223.5
e68ed906-b995-4531-8ca5-29629df5ae3c,32.812026173583774,-91.96211531839525,49,51.3
6e9687a1-d37b-45b2-be09-d53f89eead2a,27.152753541965623,-90.15134163009017,284,324.2
8f994759-6d53-4826-ab4b-59426eb5f86b,27.246425335447025,-67.64911107823286,18,20.9
4438c0ba-3aa8-4be4-99d1-fa14fe63f42b,40.90489365891348,-103.67277828843774,134,128.0
82c4387b-2a54-4732-8ad8-4f2b03b2c82c,45.465002674562456,-101.74613867312961,2,1.7
6874bfb2-e58d-4bec-8dd4-2db842637f38,48.06831459652848,-113.09382470081077,693,781.1
4034c139-b04f-412b-9169-caf2ccd6444e,39.70867793873611,-120.838476580998,279,247.1
c9709a61-1fc9-4bd6-b673-ec33e846b6d1,28.602533084023925,-79.4045349211573,35,41.0
bfa4af84-eee7-49df-8e0a-d0bd9b51bf8a,26.641258636223267,-110.26881720397982,84,68.0
fb64881f-f787-485f-8d4a-e2504a9c2ae0,44.32127428841895,-89.07461319922777,35,40.9
baa53d7c-5f62-4226-a6fd-658bb6457fde,38.468911908999985,-84.4213909028166,291,301.4
d1ffe1d8-4be5-4504-af08-57db3d3e840f,39.457125525342995,-97.19703544979279,12,13.3
3232df9f-e5fe-4022-bc4a-060717852828,43.536552218867726,-73.2952253313957,367,352.1
3d9f9288-9eb8-494e-a632-ae0cdb3352e8,41.58193069331129,-98.816104382196,570,682.1
727218f3-5a3e-4b9a-ab28-2eace472fc8e,44.861456321402414,-108.19039124053586,226,201.4
9369bb1e-b2d9-4bf3-bc69-ef86e0d6bed3,25.405347636496963,-72.13508414526427,48,43.5
be3c98d4-1bca-4ba9-b6d6-24bf70f32510,42.68801591866262,-74.16770722925257,89,73.0
a61aafa7-d447-44d0-8a53-b5274a125955,45.271318933052385,-115.32164312249164,130,152.9
a0b37125-ff36-402f-9435-e6389b73bd96,31.15337606145786,-123.46829991711867,186,182.7
4b0c8177-2d88-4898-8b82-d3822f41ead3,40.01118184983132,-119.69085217537238,221,236.5
8c298eb1-6057-4d1f-b84a-758fd4ce285f,31.854051595924304,-108.0937034853248,162,174.1
61292ec4-ac4c-44ea-b9bf-51c4cb7f2475,47.94927666206135,-67.63667169723908,87,100.0
f78b5c64-6f5a-48c6-836f-185fd26b5416,24.835589310887595,-92.04754696351132,443,472.2
30c0e3c5-25b7-4f5e-8120-5b5ca795d7d7,38.49482109582388,-102.97755781027314,17,17.4
80876f63-0a53-49d4-b0ce-086cac13c0fb,28.162588676237878,-72.56575041784797,126,136.6
eef97ce1-c39c-470c-82e6-d67bcaf5e868,41.805505129428965,-98.26495644276852,299,329.0
08589adf-e6e1-4a65-8104-55fb0e080eb0,28.397257085466553,-106.40092092433976,13,11.4
777d06c5-580f-42af-bec3-4046312fb5f7,29.88458154745894,-69.4680478040062,244,205.9
5470f49c-b197-4cb3-a23e-d65615340cad,36.35927027614395,-74.878457694632,343,284.7
632d4448-9cbd-4391-acb8-be15ec416cc2,46.870873749921955,-75.22356585025298,216,205.1
3855633f-be40-4626-96b3-eca88b468996,29.29285930369927,-94.77520016003743,3,3.0
48df90b8-d0ef-4578-8947-d7910efc61fc,27.606000527952588,-78.42313446988815,40,41.9
5fa4b2e7-7ac2-4018-9364-bdd403ca90d3,42.97442079635077,-114.41815180339144,84,99.4
ec774c88-8eb3-4de0-9b55-8acd47dc01eb,36.515488308348274,-91.17984550418163,53,49.4
7bb59b43-e0c2-40d0-9768-2556d76413d6,46.79462780954428,-66.9530905519948,2446,2701.2
2ed4b1dc-1e5d-408d-94bb-31696a1630d0,27.665363928996058,-107.83345259944026,211,213.6
65b5bfdc-1134-49ee-8c63-9a2bb4d15a01,40.14819732557598,-78.13321257438716,70,62.2
8f207b35-63c6-407f-a1f7-60e9496c1663,29.821978653795377,-96.06177397472403,531,555.5
d8bacf8a-df59-497b-80c1-7008f5054cec,27.919010716290984,-122.65146468989684,270,320.5
cc8a7184-c23d-4143-ad7f-468bc6f196e3,41.08573537893176,-79.98185552887563,67,56.9
87c70794-811a-42ca-a914-63aaddd5c7e8,38.84211549771833,-115.05442048086535,95,95.3
69ac406f-c811-4d28-af53-917651a876bd,42.87068645905828,-87.74305953916775,44,36.1
87a9f884-ccb8-488f-9e3e-b91ec5830f6b,31.73656441115456,-119.9458125512286,709,658.3
a7be1353-43a6-46b9-b57e-9cdae587fe4c,35.199291409554746,-69.13482354773808,146,153.0
5d45c99e-8ed0-4232-ba87-233b76c2487e,34.13679190826046,-107.78829065635871,453,514.8
624adf04-cc50-448b-83f3-d8332e318962,48.60223659916285,-111.6385831910337,85,92.8
07e8ffcc-57a3-42c1-a3e9-d9c61a544c0f,31.306223918484697,-117.38095216008628,394,388.1
f136e2a4-e07e-4e5e-8075-74de30bc324c,31.37043095866917,-69.18587059299618,11,12.8
6585171e-429c-4491-8c31-c22e24f96ee7,32.86370522071518,-82.997679195963,804,740.6
f1e6246a-e7b0-4270-9d2c-47f9bef946c5,38.114852032258035,-81.24200756563278,486,535.4
fedc285e-99f1-48c4-924e-93a85cf2ed27,30.30806860659363,-95.53513087856557,90,89.1
08d893a6-06a7-4c40-a6f1-af9ca3e30edd,46.88224850948185,-96.99106066904147,298,345.5
01be891a-0e4e-412e-b03b-d09c901c561f,30.642139121656587,-118.50874666350288,279,312.2
98e18295-16aa-4fa7-84d9-bf98a8aec6db,46.39539328900487,-91.96937536054449,463,537.4
5d3f774f-65f6-415b-a283-466ce7e4178a,26.586876591164618,-110.43192678858136,73,64.7
50d26883-116d-485e-8fa9-1973199811d5,40.41406755999131,-67.34842536477606,125,133.4
cc18e6ee-5e4a-47ad-8490-1e3aa23f933a,46.67463796095609,-78.0017245391063,400,438.2
18b09382-cccc-4164-b8cb-f6154d771646,28.218735959955737,-100.63346844861962,302,331.3
fe032fb3-76bd-420f-8ce3-56f312d1e21d,48.20817400248137,-116.07086573719955,100,100.2
4073c437-c531-4b9b-8dc4-519a097c96d3,35.32208401038779,-78.66543022281175,374,300.9
d801fe67-91c6-4477-8d2b-16f5e4b448c3,47.64287771102561,-117.79882774220236,10,9.0
86a7fa75-65b8-4112-89c8-7baeced8cfde,40.92050109075117,-113.82930854367284,305,283.4
18d18a0d-aea1-474a-9e62-3b484ada050f,31.53967174683879,-112.52028945309058,46,52.5
9f2f82b0-70bb-475d-9abd-64837a1f392f,28.70756312292766,-92.14345234188744,67,76.1
85075533-083e-4128-9675-667eca99f249,31.593376155627485,-78.56365741456838,136,114.5
47bcc97b-0e22-42f2-83bf-4b37196e4d47,26.325435231566875,-106.45542215524316,119,140.4
6d9acc0b-69c8-470b-aa56-2d89d3140ae8,27.596699158583245,-120.00448095775792,147,128.3
4cc89ded-de88-4227-a524-ddafbd1d959c,26.61651100866203,-97.59223065205927,157,151.6
a23d0345-3ccf-44bd-98f9-d9f3ede98a2c,34.57358859353894,-80.8614957715638,81,71.8
d9da850d-b302-4220-ab0e-6e194c461235,43.889459406439656,-111.92183325784409,39,44.6
659c5cf0-a85a-4808-8b28-e74c6560e93a,27.534588855408504,-112.02445166567692,293,322.2
41b00dcf-7aa3-42a9-9142-c897b0fe3c0b,27.258010829308397,-69.11360538654407,102,96.0
0cab784f-a1d8-4b0b-bc61-1eec034c1b25,40.085723737933264,-68.70493009996851,141,151.3
bcb02a22-dcfd-4689-93b5-60c883f0520d,28.929574549201657,-66.562521808367,207,180.9
d414566d-329f-48e1-9874-4c76811568e8,26.44025095272479,-77.34808350708798,481,458.4
a6aa6ceb-f5dc-4bf4-bb48-d6ec6f92b026,28.17121445513944,-113.89713401909121,246,233.9
dc5e993e-8f69-45f4-be3d-5d0c1fb6e217,47.0932848969194,-112.49309027284357,9,8.1
f720552b-a263-4053-acdf-6bb2fcc1d4f7,44.53678131940477,-104.92671075017887,365,419.9
9e3236a9-8d39-48b5-ab0b-01996d99e42a,32.85161405887735,-106.23018065132405,909,974.0
a20acb9a-8a9f-4fc1-92dc-a3272b236bf8,40.39551918318482,-68.56486280439746,128,116.7
c955925b-01c4-4ed6-97c2-17c7f911ff40,37.43189184170095,-78.44463500998008,699,626.9
3bd0cd0e-a37a-42c0-95a8-d5f07f3451af,40.9281065870641,-82.28348126246831,159,128.3
8be64ce2-38f2-46f7-967b-ebab2d97e824,41.06677881156898,-114.02816978057022,123,115.5
da13dd9e-aef2-4a67-b295-8dc47718b2d7,39.71835037649983,-71.33799199762255,81,81.9
46a6a701-c074-467c-a331-f25ad164ce2e,30.652534213432716,-76.15564760913574,214,195.0
308469c2-8c7a-45ce-8c3e-095db8641588,24.975160519070453,-115.3451313616525,52,56.2
7ad7d8d0-821b-490d-8f79-f374c7eb78fb,35.38916954975272,-73.60095041430262,22,21.2
415e6e13-a29f-4193-a162-3f88d587343e,46.274347117267595,-108.9373953541422,6,5.6
d860f32b-46e9-48ec-b19d-f27ef7683105,38.237431462964395,-120.22868499590574,69,81.1
4d96cd6c-f86c-4cf4-8171-f52ff794390a,44.809776042547696,-86.2474839156616,101,91.4
05739f7d-f223-4d99-8223-43791e375b76,48.7906085740307,-86.42552509632449,161,154.4
e873ac7d-a8ac-40a5-bba3-ffb0080ae0ac,28.090405103456906,-119.39901143562854,69,65.8
408b0561-a0b0-4412-a670-95c48a81fc1a,41.29444097854956,-106.18774327274164,828,742.3
0940f3f4-1d4d-4ab2-b43e-96fef17e470e,40.857339342500616,-66.42394672692322,69,61.2
116ddead-4360-4f3a-8715-fe1851550fa3,48.49888618395696,-84.97282664648452,116,106.8
4cc7a617-b00c-47fd-92da-7a3c6a4a86ef,48.64001834882001,-81.92556517040359,22,25.2
ec2f5db9-d114-4ee8-8242-9d9f1717e514,41.16696529310323,-112.43788014934597,60,66.4
a99d7c9c-059b-454d-bf8b-9392c78a0244,30.090369799554857,-120.35185781076906,10,10.7
5ba51f4f-901b-4665-972d-1c495794a110,43.96389595326498,-108.66280030528468,164,161.2
56e15139-c5fb-43fd-9c11-907c4670a264,26.675728355275954,-110.31499527360168,278,278.9
1778a296-16f9-4597-be33-ba2ef33f7c83,43.51748260429072,-111.16189805586487,44,39.9
00f058a9-3bcb-4d9f-9301-1710a605bb62,46.75490310361741,-113.62749500866467,92,76.3
be6ea568-0ff1-456a-bd7d-039afe7dd62e,33.570834869210884,-91.08941425133114,3,2.8
c45159ad-503c-4227-893c-18722c359db1,39.76588237457701,-105.64189492533251,366,365.4
2fef82c1-872f-4da2-968c-cb6825d2850d,34.75356830242066,-76.5996441121957,303,249.3
71a663e0-7889-43c6-849f-7b55c351a1a3,34.94412637470321,-114.14710234700435,13,10.9
724c2912-38d0-49ac-a2cf-7af172c416c6,31.759272227703,-97.58700281875588,91,82.4
18254a5d-bb22-48e3-808e-458225af278e,43.05324051125811,-124.19418765086128,621,588.0
f5a06c83-c5b1-4747-988d-0131aad15826,47.404414104162626,-96.58074297514366,100,95.7
c9de3a2b-c3a4-425b-b1ef-c4db48685e95,47.51877148086153,-121.70554496828801,149,126.2
a4d3c923-4d75-4695-9367-3e5060589ab3,28.369532121873345,-67.31431279951403,88,78.3
f0f2f5e6-4b39-4f98-af4c-f2185fc6e8d3,45.86859124141415,-78.35506440962564,181,163.7
b0851021-7a4a-4a3b-9a14-d89bbce3c44f,42.43578603567805,-96.08342287844914,765,632.7
296f6e2f-57c5-4e30-8dbe-7278c1cc1de2,30.32093501725723,-119.89134586741834,1198,1114.7
2cdab670-941c-4b29-88c8-80debefdfe35,25.682115323037863,-90.04571899336555,298,247.0
310b5fe7-6ab2-4b22-852d-58f2d431871f,30.69993167210945,-80.23293870858922,104,112.5
a3feccb8-eb3c-4bef-81e1-8fae37e544d7,46.80520591953814,-113.74768207272002,136,129.8
a9d751d6-1e65-4a34-bf50-fb58661096ce,39.829466872394306,-91.47570789353804,88,81.9
a134ce75-1899-4fa6-99b8-05adcf7e0f5d,42.02636652244679,-76.96155699541079,848,721.3
653ae1db-d103-4417-8c8a-a3777c86a4f1,30.428808777727397,-79.67338111886733,246,219.1
19b5f55a-cc72-4bc0-9ffa-b8f6e76c34a3,41.98470388937051,-77.62347094583798,119,106.3
8e835527-cc9d-43fb-a596-3691dea783de,24.703037656948094,-73.11991793268653,2,2.4
26d78e0a-128c-4588-97dc-5f34caae25f3,33.383033644325344,-69.67675597259125,147,166.7
9325d640-a493-4fed-a0a4-eee8e83d5af8,39.66883371355828,-101.07425184299137,826,665.8
e2f3a7cd-030c-4abd-809b-a3513050ebff,27.652414138533004,-91.44262295115024,148,154.9
a663f31c-ddd1-4f69-a137-b83fb68bfae6,44.57508936117337,-78.35108796330897,40,36.1
37ac52ce-d22e-4855-bca9-3bcea4687b95,29.875782470297967,-83.8687509771988,4,3.4
787de170-fd0e-4bb9-a018-c2b7c74991ae,40.30702782046116,-66.26430653240165,88,95.2
4ec498fb-56fc-4212-a4f1-d557c34ec8a7,34.12992856438324,-124.19301858482599,501,427.2
fe99fff8-aa0e-4e3e-b127-6ca01911cef0,38.90108988694118,-104.04714029636835,1134,1108.5
b4894456-65c4-4f8a-9ff8-7b67c5298dba,26.686263815722704,-108.41935235005806,581,611.7
f2f2d245-2fdc-4871-af08-fad11bc259d7,24.422819998040183,-109.52336484023346,261,266.7
1fca5567-0a3a-4220-98cf-61c8f4708e85,46.73911068450753,-111.87074283256574,163,194.1
c470cc74-1e98-4aa3-bf36-0e84ef6b74db,30.74075021917957,-83.16169339190148,179,199.5
c9a08f0e-ca0c-48f8-8e1e-863edda4f6be,44.49192506951148,-119.999191076756,155,172.0
8d8daddf-180b-4835-b293-28b3541e8347,48.98375751180501,-81.24507879734304,246,231.8
9e184db8-e7a2-4647-8147-6909d5c75ce4,29.28578144997278,-84.08787532103986,109,87.6
99a8c2ce-51f6-4799-ab15-27586db22b74,30.62926852958389,-110.20255618244711,221,241.7
2bd7a8f1-a6cc-4ea4-bcf5-0ae2593d9726,40.57149469086664,-110.08280679325549,26,31.2
ff99832b-01fe-4b4d-a137-c645d5fceddf,48.13621586501553,-87.89722546467436,62,59.7
a5310b45-97b6-4c7b-b450-ec109cd2ff44,46.8953587047686,-80.03190477646301,362,432.3
50c00ac8-4921-47c0-8c80-219875c8401d,36.57188800163962,-73.28734882784543,468,400.9
cbb1c2a2-f420-401b-8a0f-be0b58fd5e81,43.87775706316812,-74.72376573258593,155,142.4
72c67c71-a63c-4c34-b682-fdd74920167c,27.393646327497528,-68.07190334433267,6,5.2
0bca5d83-404a-45a0-b7f0-402351f91406,48.43595460510031,-90.69829117514584,523,517.8
514e5c1f-d873-40ac-8ae7-76dc5fdfa2c6,48.108830850899665,-71.38932188091877,242,270.7
83eae630-6da8-4811-b152-6e429f3f9a6b,28.093223946979272,-77.29771687763576,107,100.2
bd335904-b5e7-4126-8c05-c3c7a4f2aa62,31.485578120077665,-72.2146101654732,182,211.6
67800eb7-4c7e-41c5-82b8-224938bdd1c0,26.503874937669174,-124.31403052416337,112,114.0
563370b3-c476-4b52-9a0a-34c451e6f22c,30.79293997245449,-68.01172347991715,125,123.3
785a5f82-e34f-48f0-a5a0-23d1b3a7b51c,44.39889473538017,-97.06172039205778,436,486.1
b0b11b44-3140-4858-a86f-591247f34e69,33.45789017913149,-77.90720361508427,35,29.4
4fa6c641-91b6-4b78-923b-c68e19b6cf2f,26.20992417866896,-117.49495695907093,22,24.4
34362d5a-cf50-43b6-a9fa-0a43d87eb3fd,32.55563811947261,-101.63947534697553,1,0.9
cbd78755-e65e-41e0-8c50-6b899615c0a9,48.534583356032,-108.98382088176153,75,68.4
80d8908d-0b0f-48fe-bd69-542341994578,39.74208988148007,-107.79213254044471,32,33.3
ee87a911-f0fa-4fc1-8922-5801d2816928,34.404023660153946,-117.72791842289797,50,58.0
14dcc92d-05f5-4bad-9def-cfc1f548af6e,28.16346283743175,-77.45993387996259,2,2.1
169d9ac3-cbd6-435a-b28e-583c90ef5228,48.65441993209237,-124.45470343971638,52,55.1
a2a36151-21c4-4816-a885-20eeb8532e60,44.521225231578214,-106.56217803787305,81,90.0
c0fc4fcc-204e-473e-b7c4-0bf33875cbd4,31.036932561272984,-114.70977795023151,6,5.4
024788f2-09d5-44f7-aa7e-5b5445d9aff5,25.751717393029736,-90.2467025041079,187,211.5
11000b72-3350-4f01-80c0-793cfe38f488,25.415638934438952,-109.99910824574191,168,162.5
b95fa178-b9c5-482a-84a4-7a9fc4204d4e,27.009453737638346,-109.71909118284212,20,17.4
a6fbc1d3-4949-4692-94f8-999872613578,38.51921459036054,-96.1880495042762,181,170.1
e3b19768-1958-4d37-bcc0-c1bce30889ef,47.219085530137306,-86.49134667888538,1322,1187.8
afd995b8-38b2-4b94-86ee-0cf8e1817393,36.41858570014961,-117.84302243065535,578,515.3
cbc770e6-b4d8-4ed7-989b-c56ecd436c60,45.07363706140493,-114.64482430453573,1,0.9
da359b69-94ed-45da-833f-09c0fa272655,35.1471654964952,-110.41669006892346,317,276.5
e1aaa018-9d85-4d5f-809a-48174d88bddc,41.71458864419563,-67.54885536704033,87,92.8
73adb292-56e0-40fa-9061-2c0220463502,42.296818432162524,-101.5680025033677,13,13.4
2d272dbe-eaac-4aa6-a291-403eacaa47dd,28.34909264758347,-89.65958465276944,70,74.2
43ad09be-ba94-4e8a-a949-a12e0650e54e,33.03040147439529,-110.74897404975731,78,73.1
49f2c1ed-877c-412d-b6ad-2fde95a2fa79,39.9325539134506,-96.06288801570821,148,164.0
94e3700a-5eac-4d6e-bcee-790ff68d1973,25.767415204609154,-120.62696871122847,216,184.0
243ad064-c66d-4010-b5a6-43269854928c,33.038504694073914,-122.95021339058272,277,284.9
684208f2-b0c4-48d7-9fa0-4cbc3e334109,37.36998665702981,-97.34472191753385,56,51.0
7bdfcfd0-d449-48eb-8f45-6a493840e2bb,48.90561232611597,-101.47910203641369,78,78.9
499608c8-80a5-47d0-a138-4c11f28f0d6e,35.86333906556102,-116.92406113818217,74,68.8
2e885e37-0374-4df1-958a-05a786f69431,44.40141892785809,-84.43151569367672,90,100.5
83637039-fd74-404b-805c-6ac5b8184ba3,34.80168212666544,-66.4186940369434,1595,1844.6
0ba6b8f4-e6e3-463f-8ded-df72e4f763cb,43.90976806549273,-101.65683754939397,301,330.2
57eedcf9-06fe-4bcd-97eb-dcd1c8f4967e,38.88537004050271,-88.15104048087372,738,642.2
8f8f6fd2-4102-46b5-8e57-120fe1e92c04,46.16488603755996,-68.18441940049534,236,214.7
75ade89e-1d35-4f91-bea7-9d38e2a5e20f,34.27356380875275,-75.93943662563436,104,121.4
80b3e7cd-ac87-465f-90ba-e8bb13df7c31,39.107610495536974,-97.65041882514154,99,96.5
2eadfd6d-4a27-41ed-addd-f6210ec9a8f6,39.75046701547068,-81.48812041686476,134,157.6
c19a1107-fd1d-4502-b8e2-af303aebd2ba,34.43457354501183,-117.44003262521909,108,103.4
e33899a1-ed96-40c9-b972-0aa9b27ea73c,27.60780109218704,-94.78587252763585,352,415.6
2cd9990c-ae9e-44c6-b96c-7022bff73db6,26.33898517280839,-108.53544364638374,125,146.3
735f1051-df1e-4e5a-9346-6d4f2298e0e2,24.416788764990827,-115.49134241412649,70,74.5
5598b276-2d33-43d8-a896-84c23e44e47d,45.83835660613036,-99.84942653098244,298,239.5
c2853935-3320-49f0-8a07-2c2a623e86de,29.911872805967363,-117.27014128841675,385,369.7
8401f280-ef7e-4e5c-9697-3001f3a1f9f0,29.287668732044203,-83.75987861770535,109,126.9
7c55ed1e-43cf-4f01-89c3-ee3e2833da37,42.400885010651635,-98.0818374008532,220,253.9
d1740aeb-a38c-4af1-bfb5-4b0eddb5b4b8,32.00040282718479,-93.66246667868484,12,10.5
c415c6b5-7ec2-47e5-921a-5fce2adb7f82,36.651117310295916,-116.36381961857873,151,144.9
1b387f17-243f-4bc5-8784-02f1ac4b60b8,28.062776632436407,-116.75347199548382,9,10.2
7254adf3-9e2d-4473-96fc-4649ae7d3aa5,47.99364303654923,-90.57848931965268,6,6.2
f948f88f-5d4e-440f-9ba1-95650cc0954e,45.28953500043093,-66.88442487806267,190,216.4
5966b451-6437-4c27-abd1-2bcf5a3bcebd,45.59474057412508,-119.32121558897418,72,81.4
026a425b-b093-4b02-913a-225835a3b3a7,34.169343714300126,-108.14184571461891,271,315.2
2701fcfd-0275-4821-9426-88c40ca0ca7a,43.05903034267932,-73.70191212426464,453,383.6
37a5eedf-c20c-47a9-b087-25d281f4cbf0,27.596903884744503,-120.73595127694102,30,25.7
ffcf34ed-6f28-49fb-838b-fc727185e91d,24.215475064794507,-73.32274243934987,258,214.9
296e8a23-fc9a-459b-8f78-1c8fde6318fc,24.499323314450702,-94.06712698088968,145,170.2
a1bde1c0-348d-43ce-8340-7aacba463a82,38.665043435114015,-100.91226033834087,24,23.8
42ba1f77-a2bc-42a9-8cb1-8fba00c0038a,35.38487263119852,-106.72884670326411,211,174.2
49ff75d4-c910-4510-95ea-c69abf8be571,36.95038372271299,-107.47008767045733,188,174.6
62426d06-2df8-465a-b413-d44f1180fd50,24.186578510430486,-106.95764763548075,145,136.4
14ba5373-5f65-462f-b52c-b4ef3de484d4,34.567165491435645,-72.79661822334845,522,586.6
1b88c1a3-59e7-4c7c-a1aa-fc80e01cb64f,41.95170403002152,-82.29608141968765,147,160.8
fc5a69b0-ca2f-4215-a83e-89d99b6da7cf,35.067342549185895,-85.48634253796212,932,1002.6
3b5f55d2-23e7-42d7-bf21-e95bc9f1b2bb,42.30548015780556,-77.87380021183196,142,114.8
14948528-ce62-4415-a137-dcc0222c8f97,29.82547410992087,-109.83023488275545,25,29.1
52f41baa-57a7-45b0-a478-47f675629be0,44.32855011204313,-88.53547408717641,127,112.6
9dd7f9e0-96d5-44c2-8588-f9a453db4b12,38.71078101133631,-97.8560919014809,40,42.1
d51ab342-284c-4bb7-8b1f-16ebd2529c49,29.269077485747655,-78.83594352318859,182,150.1
3737c26d-3fcb-4589-aece-4140853d6046,29.918011896345824,-106.75388948207615,236,196.5
1061d8c7-aab1-465e-ab30-4a56fb78ff3f,39.700761614238424,-87.05246160467615,126,101.3
55145c2b-8c40-4317-84ea-2b52fd99af74,44.74848983031109,-72.9494677027785,21,21.6
04b33af8-5eb1-429d-8619-e3261f47ce1f,34.39069455072888,-101.2731219044992,126,132.5
08eb1dce-7bba-47c0-aab5-1e9e09055fe6,30.457510728189806,-121.06929684531977,17,13.9
5b99a172-1828-4f9b-856e-e7ad9db24744,45.67529017276501,-94.55300148183423,229,209.8
ef836a4a-67e0-41bd-923a-48237e6acded,40.731707293770874,-104.58762321938548,312,355.9
4b8778fb-4f5d-47d0-98ed-28904b92eb1b,35.20213718207691,-85.33870254771668,656,551.4
e80d36e6-6ad9-459f-a187-0576b1361bf1,36.197504881982546,-68.88905743983224,32,28.4
1b69d769-2c79-4b65-8fd7-5c134eac2443,29.10641169840991,-96.34910923818603,152,147.4
c060aa05-4488-419e-a53b-1ca98b0a687f,39.670065751621095,-97.4947764208235,168,191.0
8b62e919-781d-4736-8acd-fc101006f63f,32.968562763572216,-86.37949678870385,511,460.9
8da35ca7-3c56-4a3a-ac8b-e4504c33c79f,48.89112941685873,-118.8936472879795,197,236.2
f7d078c0-5414-4802-a48b-641848d33c83,36.004587881547195,-110.04313485342414,31,29.2
691a3d26-7233-46e5-b35c-1685332ff822,36.14714015474033,-70.78021979547648,115,109.8
85b35aeb-98b7-4fce-9a8b-1f4d7e6bc1d6,38.146294685266795,-85.47338581153778,213,180.8
cdd47522-330b-48fd-bba3-cfe25f51c7a3,46.91890007796867,-124.20680140497844,241,258.4
56478207-de8f-4c6e-81f8-4b3544a2d474,44.02045249649376,-112.92709711901783,398,357.2
d416593b-dad2-4f0c-96f5-aba0cb458a81,35.27825174494603,-84.71260130429496,40,42.1
25427d94-a742-4549-b8b4-b9753be34ca4,41.9674816493199,-79.90044704880812,605,538.0
eff6ec9c-fd04-49d0-996d-e5f3dd04cb3d,38.655887469519044,-75.44828521223153,12,11.5
5ce6f6b8-87db-4b60-9922-df831ce8a38b,36.309176217531224,-107.76156860045936,824,941.6
7fe35677-5915-4ba4-b931-7b92438a3a5c,28.807894319608764,-70.0693128196238,390,427.3
183d0654-c418-4062-b49c-8592037e4170,35.59840658637227,-92.37613327890435,216,186.2
5701f687-eadf-4f95-867a-14e0b4f59eaa,30.145464675564366,-83.90419767911432,266,277.5
f0a185db-9f62-42cc-8c62-f7b630a40990,46.871053746291366,-89.79240709598542,15,15.8
342bb7b0-1b73-40ed-970b-18d66c5501c8,32.385170337408674,-117.75833677419739,8,6.7
f75a9c42-f5e2-4491-a278-1044a0747b8b,47.80660036333431,-68.17623509629209,21,20.7
5c43119e-f532-4b29-b969-330de5e94ace,37.32638225236778,-117.75034078624499,18,16.3
532dd6c7-352b-427c-a56e-756b792f831a,39.788609466904006,-109.96196457174017,159,156.9
79903127-780c-498c-861d-5b5bcec08748,37.57351111223319,-76.99595506684418,49,54.4
88f4431d-51aa-4c89-96e0-8cecf24cd9e4,27.234515424167522,-88.50277927143502,394,340.1
19edc980-5648-4df5-881c-a86d3debc046,33.39553047519853,-75.54919924279494,118,100.2
8eabca32-537f-4c8c-84de-e7918c760a5a,26.478652806940598,-94.57156488593135,238,216.0
674896a0-e5c4-4be4-84ec-4d6a128c9c56,39.57385110458454,-102.75739911336854,212,250.4
08541a01-e910-4ec0-a117-21af194323eb,35.17185488001097,-70.61111552668069,77,84.6
ffdfca58-de3c-4ffa-881e-eb983a151ad8,43.449624289273416,-122.8611132666271,56,45.2
9d8b5995-c3e1-4680-905c-934d8c141b84,29.511762024984247,-74.4883169991703,84,80.7
117068bd-1000-4365-8dca-4418a0ce8324,28.114151460733375,-111.38175067392089,319,288.0
17bd348d-a9a2-4194-a246-280367efbdfb,34.158305774094195,-74.9245566625159,177,186.8
065efb4e-a259-45fe-b33a-915ba6e20508,47.16463458045953,-116.78739980840375,58,57.1
adf1c44d-9bd0-4fe0-b340-12d43f8b3ca4,41.76054537531029,-90.76708114225812,341,404.4
e73977c6-14c1-4f81-9224-25310ab4fbe4,34.47309061982297,-72.60163277832315,11,9.8
e8dd06d6-6074-4a13-9b2f-dee18e6040c9,36.93180424385776,-97.06116083296546,240,248.4
494ffc43-046e-473b-a5fe-60c5e2509b9d,26.105325279427458,-80.95256624559983,116,125.3
d6340e8f-51a9-4aec-bf3a-3134871834f2,48.61439740940283,-77.52437454652205,263,297.2
df5d5c60-73a7-4084-9307-72a5534bf422,40.660182617372975,-81.54684168571004,525,505.5
887aef8b-e3d1-420b-8cb7-11dc435199c9,31.135101711585563,-70.4055455243987,277,297.7
6973aa89-e799-4ffc-9176-c3905908caeb,38.64520985538111,-98.63678039932421,117,107.8
05ed4257-7455-431c-8a82-5813128d949c,26.73705915172485,-114.78559908925581,33,32.1
07714174-cc44-42e3-a75a-c667be55bea4,48.14591672018959,-122.1791472415537,328,379.9
badd870f-c9f2-438e-9c75-ddc927f9fe2c,28.36962469708415,-110.4588676913872,123,145.1
569b8d5c-5633-44ef-90d8-00ca7c7a4264,40.20075795138035,-116.55134727106571,16,17.4
c98db5ed-1da2-4132-9bd5-90be1f4e608e,30.136361563473262,-92.08102425536566,254,241.2
70b9ae95-1ac2-4c73-845e-0194215c432a,41.939034566213394,-114.08822510450781,69,77.8
0793fea1-bb87-4f00-99ca-a5dbe145430f,43.42053418100703,-122.7029112699271,10,8.1
431f5d3d-8ae8-4b60-b675-075409275eec,40.835493222785814,-122.87660009674859,466,392.0
2d5cc51f-03fb-4c6c-bf1e-51d5166623e8,39.36248650637981,-75.93739959647317,132,140.5
f8d44f02-8bbb-4ebc-8ea9-b79198e88598,46.31172734880029,-90.10445404486154,66,60.5
640acf1c-e5b6-4fc7-9cce-7ad380594d64,25.965667774743952,-103.87296718829069,252,297.5
d4f98c28-2fed-4c69-9ea6-e28705949aa4,32.27286914450488,-72.24054547832543,434,422.9
b9eb5975-edfd-4464-917c-9bf109076cd4,30.20718699077115,-120.8583999269449,0,0.0
61eb5d95-e05f-4dad-92a7-decb1e4594b4,48.70034905163554,-67.16099770905828,233,249.6
3eb40843-bcdf-45e1-9315-6caf3c1c0d03,33.73474449167183,-88.6387843749868,291,322.1
43d56cd0-f83c-4f67-ba9e-67d3eb65dd08,42.31531748100997,-114.17560901583794,47,46.5
fce22507-5ff8-4c6a-a646-da1c715b2c65,41.11812909702512,-84.93492316035886,135,119.6
ef070038-af78-421a-8e46-309d43337efc,29.302030936934443,-79.96050567276981,19,21.1
d5cfea90-8331-49f3-9db2-24f0b5bee465,29.97494200528878,-99.66877578112431,275,255.2
1972b6cb-4ee4-4a13-9106-03e6e4c073a9,31.032114088825853,-74.16367623151271,376,327.1
3a9043f4-ca18-44e7-96f8-c94c978543c5,34.27818195648448,-116.10678796950825,23,24.2
b8ac2028-5034-4662-bae8-69863438a4f0,29.85812664126317,-108.5485825689211,339,283.5
ba068340-5081-4a58-9a41-5e0517765fca,24.491287068671195,-119.4839506665446,295,350.6
68a2544f-054e-4ef7-b0b1-1ef9c4c90f1a,45.984826420179886,-112.55820740416623,85,89.5
1e140e20-49a9-463f-a517-2a0466ba2ab1,48.1402457845221,-110.91500009724244,234,279.5
d3d0119d-5534-40ff-86e7-4daca2f105b7,32.5392596757892,-70.8596417356191,0,0.0
69acc717-2b1f-4a99-b0f6-2020d82c9fcb,32.462671985636824,-120.39152836368179,537,638.2
c946b1a8-921c-48a8-bc33-6db54dcb1b89,24.177295319359274,-99.78250790892514,160,137.3
82a3a058-870a-402a-b39b-149a8e7ac13c,41.00626720825935,-93.58847745361214,194,158.4
de2b7df1-0ed5-42fb-9c6d-866ed9944b99,44.63599739371572,-71.97710982567251,219,178.1
7884df22-0f48-42ba-939e-0ddead497187,27.66520750900008,-66.1359230989884,165,162.7
a80f0abb-ac08-4d18-bdb9-ae1b77c02877,27.99165873417877,-80.5501012197297,389,324.1
c15162d6-27a6-4018-bf8e-bd84ba99efcb,43.75208124928594,-67.72333155642727,188,188.9
ac503cc1-9f8e-48b0-a52e-d7e330efd09f,39.407268708853614,-78.56103318038345,477,444.1
3b8e85b9-a392-40b0-b9c0-ad29b3a26968,25.121513940692925,-68.17104418268642,175,163.5
c1f1bb68-b389-4d20-995d-b9c7ca4defd4,39.56367476155704,-83.27102716927715,38,40.1
b99f546f-ffba-4071-a948-36d814efab17,31.72294307109415,-120.29395789838681,490,424.0
ebdcac0a-eeda-4001-b691-fe10ea00a54b,33.21812888677115,-101.28670896743209,229,253.4
ed7963b4-9200-4a7e-b897-6f94c34c4997,43.243285457422004,-86.85076025565425,240,247.9
99e7065f-d5f0-446a-b9ff-695fdd87e51d,44.273379816815265,-104.30760794219918,846,986.4
326e3800-3759-4615-943c-9988e4ee0a3b,34.00891567099576,-108.87034883128706,16,15.1
852ca759-0170-4b68-8015-c323a8fdb00e,47.67882340015887,-90.93344323914764,112,133.6
9b2acc9d-92f2-4068-ac05-24121c39dc80,34.1615679488018,-69.92338927455634,55,56.7
c0247efb-951d-471b-88d1-4e7131f0f00d,43.29590088075275,-122.93606946254694,199,236.7
285d834f-674d-4993-9892-43c164e7dbdb,36.09693161410648,-79.61535899105517,329,266.8
cd2d5863-5f78-4a6a-9a78-a60e666c14ad,46.4383081630521,-82.35909059536701,678,739.8
7ddae94d-da8d-4391-8e8e-fff8e5822725,46.694031091254466,-68.12674790209107,121,136.3
4934936a-2cea-4f78-9200-385532798d89,26.185420196777095,-70.08803788237992,309,253.8
dd1df8b8-3103-4cce-bc06-fe5a59efd732,47.41233328275564,-80.02827883939261,498,513.7
fc15f908-39e3-4a68-8a00-2dd58aea9768,44.63837103801039,-94.29588288372668,230,257.8
fb24203e-a51a-4096-a328-1c84d79f2eae,43.78276785781667,-112.94821435922233,56,57.4
f029d4ee-0d48-4cc4-bb43-9d1d8540b526,29.02278349213806,-92.8310926187911,187,154.4
150ef008-b0df-4d30-9e1e-17a6d5b5ec97,44.127980218866625,-79.84423235874043,701,755.2
3272d281-3af8-47a8-89da-de9974300e07,45.25331836712592,-72.1555164543643,877,722.9
fa5f5999-20bf-44c2-b9d6-def8291015a4,31.228758361353773,-78.4069914565776,206,232.2
074ead9a-e0b8-4ecf-97c9-5e18a89ffd9e,47.806501959058096,-113.47925082372781,436,356.3
24192745-0f06-4c25-bdf4-13d80d6572bd,25.246503659979105,-89.61850746054449,45,38.5
b21538ea-3689-4d17-9fd5-eb2e7c0a4f8d,27.747731331178493,-105.40176588764993,323,293.9
bd387ddd-0e3b-48f9-a5cd-1b6be93a2605,37.439528451287856,-124.45686562395207,611,643.6
3c353c4d-6b04-47d1-bc03-5a0db264fb62,38.39481177805774,-113.1869647884687,29,34.5
55629f06-b9ac-4932-9369-bd3d128f1772,40.12875208252258,-118.31998165392649,42,35.6
c9b7fe1e-b44a-48a3-81ba-28706c930653,24.424228232886662,-75.27957171117136,109,93.4
e2dd0687-0c49-47ff-9652-024e06f1a423,48.009169365553255,-109.7481311232791,178,168.7
b8fec3df-35db-458c-baec-dc2079248264,25.1147023183536,-108.20281983563423,185,209.9
f613cd3b-e459-4bf7-83dd-53ece4cd74cd,27.576548818085058,-68.36374226386583,69,68.1
23414fbf-fde2-4cbf-af6d-fba55fd3dbbe,24.350362938151424,-102.63388334011772,507,470.8
bc060518-faf7-4531-8635-ad29e5846902,38.171460832352366,-124.43444723148072,493,505.1
d11f95e4-9e57-40be-9339-08ea3a11b3d2,47.30667209802431,-108.25307724757795,100,90.4
aba9f49b-794f-4a52-9ff5-7516954b769b,40.64867915201161,-117.96132474449307,114,109.5
4152b1d3-a056-4e52-a9dc-600abc7e887f,44.566436712010685,-118.93429485758462,242,225.8
3d7b1fc6-16e7-462f-8b53-fd6482d4dd90,24.332030086464503,-120.42824988199078,218,244.5
5e2965cc-6f7b-4b1a-8449-b821f3936ecd,37.55038246199315,-89.99769125965274,96,112.3
ed96d582-6ad7-4072-b60c-80ec7a1676f6,35.489074437638045,-113.82848430583834,107,118.1
d1db14b0-5f5b-4ade-9274-f35989652197,36.474198605519824,-103.68667515158039,86,83.9
07a9ddb7-28ae-4def-80bd-3ec8136c8f95,25.8053296333797,-74.14095474832901,54,54.1
946c8e5c-7e14-44f4-ad0d-cca103b89ade,41.11088402673269,-99.96404975201973,123,104.6
321f5593-a527-481d-a613-ba783fcb1cdb,36.58051037146586,-70.97421034695338,232,254.9
d88aaad9-cace-446a-a5f5-d9efcdde9bc7,43.1287212465316,-95.62165484965922,271,281.5
cd02a07a-c0a9-40dc-9569-6cb023539849,36.13226585154288,-101.46863972445442,302,350.6
bc50fcda-fd3a-4d0f-a16f-2033a5b6e5ab,27.7345409056608,-80.7270533016486,94,82.7
53f51ae1-5e61-48f2-aa4e-76ad4339b013,40.20642385194555,-120.68266917268788,289,319.0
d8bc0be6-02d7-432a-89ae-783b5f92ff0b,28.309659052629158,-119.72077540403737,1,1.1
d75c8084-07a7-4d4d-8845-3bf5045ab1c7,45.80986408387037,-86.53355087854533,130,117.8
eb6e719a-95ed-4f9f-80cf-e832dca41595,39.32790597673104,-96.27049791888436,316,337.2
1e3b4ba4-c0f1-4d24-a6cc-251637d54758,27.930097088923855,-78.3655002311666,199,232.8
7b9a4a71-709e-4421-bc34-33b8a24c84d2,48.05845143703017,-70.94002059673164,129,150.6
73be3dbb-e005-44dc-911e-1735d08cbf2d,36.959136583383014,-102.0863542173787,207,225.2
2dfcb8e4-54c0-41a1-a739-9af63c883159,25.822461296791374,-89.81180843150588,475,389.1
06fe08f2-bfb4-4815-8f52-72009eb4395b,39.67082261037668,-95.45889896007671,167,191.9
28a482db-f769-46d4-8276-1a5362cb0b33,30.329972675320256,-67.08497131709646,322,342.3
94d1f91d-a61e-4c9e-a4f6-74804c81c2a6,44.09233629693256,-75.96601996596088,790,730.1
e28f00db-399d-46ee-85a9-5c7efa34d3c3,44.44555183915477,-71.20747521163614,245,214.4
98f58dee-9de0-42ff-9b0a-985fa1795254,48.473683896366545,-109.99393483292135,170,143.9
967f058a-63ab-4e54-b02c-8e3e83ee1867,36.5467382756126,-79.42094103340693,8,6.6
1693c535-7fc9-4974-b386-c0caccc7afb9,35.37392199319343,-109.33707972513872,248,273.2
c97d141c-6f72-43ec-8a9a-1e6007359006,42.83689013616201,-112.684190527725,167,149.4
299fccfa-c3b5-49d0-a255-fa0913262c36,27.311766408548163,-69.28829658032251,319,258.3
45ec130e-3062-4802-bad3-9af42b9807f3,37.672887844828104,-123.86103941364587,115,110.3
5662bbe6-b946-489e-9f36-19e8700bee01,37.65619000327128,-68.04206648385765,644,639.5
ef259a78-fae4-4ace-9837-245afa28d3be,26.23682807025968,-116.19354807766044,63,54.7
aeb5fbc2-3a40-4a45-a68d-8a58d5e6633e,34.44960213767284,-76.65315317419717,273,223.2
4c7670d9-02c1-4081-b513-46656b7289f6,45.33211996418005,-108.72056936898191,109,95.4
9b71d98e-9ce7-42f4-b615-d9c5e2a539e7,45.40384054986651,-104.30856268158709,133,142.5
5208b2ce-8b04-46cb-a2ae-690e658d4244,26.480941622992024,-112.21129503200288,324,269.9
fc87f2f0-32df-4f25-9aa9-df9168c7f01a,26.26802206869577,-90.4546714936163,70,71.5
ec8da3d7-fd8d-412c-818a-807546885ef2,30.567386925048382,-104.46236269703543,20,17.2
013ce7da-6c8b-472b-9531-f27fa0ed8009,45.86915156384984,-86.21381066981488,147,129.1
1dfcd177-fc50-4f0b-95bf-4a023978e603,27.222564626837475,-124.0768082414181,150,143.6
132f82b0-687d-4946-bfdc-8021d596ea5b,41.999920065686155,-121.20188187261266,319,268.1
c3bcdc27-5c52-4bfc-8ae5-41b8ef201b13,26.52914049032758,-119.11999198885633,690,599.8
900479f9-fdf5-495a-8cdb-1a55fe52d1bc,39.57844634369563,-100.27937256669637,11,10.3
3bee82c6-643f-4868-9955-12bbf38af3a2,32.90168247797862,-76.92702581306142,179,166.8
312ccf61-edad-436f-9567-f41b7aa5274b,43.72284907414668,-72.59750328767542,229,251.8
4474c5aa-3018-47e4-b2be-562d0dcd8035,29.84226122063409,-110.55616633640686,851,706.3
2126fb21-86fe-440b-9ba8-9bc225f04a6b,39.980045734749,-91.11218626989817,572,654.5
6c18dead-7636-4685-bfb2-84def4747848,29.892063364397124,-79.66646543113657,249,280.5
9cb32063-1cad-49b2-b1ea-0dd452b8dd43,41.84150707780384,-107.95906363474309,148,163.7
34e82f6a-f32d-411f-81ae-58dff5b666f4,45.84195086401872,-100.86854353255988,35,32.3
8dbcac39-1e60-422f-be52-ef94391417e8,27.170044978169003,-94.08552204154287,97,109.5
7e213d11-5d8f-4161-8bdc-a87b001b5cd9,45.66489221488759,-117.04238406192519,176,153.7
2a313ef4-2749-49aa-84a1-54596848efed,38.83938136035745,-123.46704467017896,258,219.2
ff894a07-bcf8-46d5-b721-be2eec205928,27.1777622716756,-115.98445725022128,202,165.2
4d9a5bd1-8395-4bb3-b8bf-b699605bd643,34.6885463839928,-88.01563634604153,250,293.9
af1b2ccd-ae7d-4f04-9721-d0fb507141a1,28.021507337127446,-120.65652256951279,112,103.4
fd0f10a7-21a4-47fc-8f80-3b61fae62a0c,41.508697221664235,-113.80791447384243,260,303.4
2ea346cc-c785-4737-bbef-b294431d2f9a,42.97170336044874,-105.06662074397708,31,28.2
6099e742-f1da-4732-b6b6-05fb665ae491,26.644913006819973,-120.40566620592439,35,40.7
1c8fbec0-9724-42a6-ac31-bf190f028d34,36.653496317366105,-113.68974300146357,36,41.8
30f2b2a4-f9b2-4b5a-8316-b11fd10efef8,44.365626400647926,-71.23508244997285,443,518.1
a0055968-32a1-4c3a-b706-6630691a20f7,47.40407603877492,-123.8613511986079,16,16.0
e3343327-499b-45bf-a527-f80134df44f4,36.83794666854425,-86.44751647371262,323,370.3
8d6dbdfd-5714-4570-ab4b-1ff9c4af1ece,47.75698059028518,-102.31987307600409,53,62.6
d982efce-7f6d-4be5-9ea0-a18a22ebafed,37.39222426140074,-85.3137243734901,126,117.2
724952a1-f7ca-449b-92be-ad2d64cc3392,33.8547623649977,-90.26718849855914,495,478.9
eb8d6e56-1e0a-49dd-b242-f8b0758bd7a6,45.20507821382239,-111.81357349307599,176,191.4
4bfdae6c-b0d7-4855-b060-3a9fb72e2189,36.32456776145223,-75.01464023317007,47,43.2
9919ac70-a80c-44dc-95b9-00377d4bb734,35.797562764113074,-95.97551742604796,67,73.8
8663f4ea-a897-41e3-b81d-e38fdf43c874,36.25781223524571,-76.47037488410517,506,419.8
e96d2ec9-4046-4fd0-ae79-da1ef0b38bf3,45.16962504674363,-101.04526036489507,111,112.0
df151536-81d3-452a-ac3e-4925844c8812,44.7985385422013,-66.9035523190009,177,150.3
718dbce5-8b40-4bb6-ac97-dd4540f24b4a,34.08799981100528,-79.54112784842351,123,112.8
c964a290-79e8-49fe-a0c7-96fb343fee4c,32.33249649676313,-68.00893789835817,95,85.8
a075fa2d-e2ab-440a-8585-e5e42a027d1e,36.298200600978234,-94.65473774431833,51,57.9
a19c8e09-7a64-41f8-8b5d-c76768465f1e,38.31931274342773,-97.05222319484866,232,203.6
8be2b56c-f61b-4996-8968-e8cc207b4343,29.958430265699924,-80.42822524980978,253,284.2
099d9501-8320-4087-a549-e9242c03d05a,43.84887711788977,-73.06281548220761,64,71.5
7d7a6677-3792-44e1-8db4-6e37adbbb838,36.162069143310575,-68.11539804393207,732,731.7
ba6cac2c-84ca-4c5b-b490-78b3ba406441,32.35113871049899,-105.85143754408251,386,344.9
cd1ad91b-634e-4e1d-95fc-b00b1ab8f548,26.670524824099765,-77.8764301432843,507,451.6
c60d5e49-d4ba-449c-8523-651cf9535c19,29.971129010090173,-112.57190973950334,35,34.5
ef342278-9685-43b4-aba2-69e918874160,47.73202929389959,-92.81111354201873,72,57.9
3eee225d-3486-47cd-9bf8-4fe9a60a4984,31.627492170488164,-114.38895924385724,394,398.9
fc41fc4f-65d0-4127-836d-909d9d441eac,28.221482234175884,-104.50355565673001,44,52.0
26ad67da-85e9-4c01-a9aa-1d9cb6e7489d,35.51681979137483,-70.04985633481891,1,0.9
b624b2b2-ea85-430e-92a3-fbe26281b07b,31.67719358400622,-116.38064871338793,409,421.0
99dabd3d-9543-4eea-8408-e97a840c5b55,24.878981256779852,-87.68834718702341,79,93.6
94a8a14f-5d88-4aad-aa9c-99bcf9a60946,32.07863043198543,-90.0156978972832,107,122.4
70fd9a59-5597-4d54-8aed-cf54e43290ba,37.60271559848671,-117.8764371901698,118,134.5
0cc3ae53-7fda-495d-8cca-467afe28bff9,37.79280930049917,-105.76723641764008,377,425.5
8dc7520b-8d45-45b3-80d7-a920ff25169e,32.913973029422216,-91.78409123359933,82,75.7
40555862-e837-43de-912a-6436f0e0d96f,35.18256890631501,-113.95646206967908,446,515.7
2d828216-67ce-4fc1-a2fc-ccfabe95d801,48.13794795586916,-77.7632042716439,192,225.9
7c2fea67-d6ef-46a6-90ed-03fb7128758d,33.43371193075779,-67.64276593744975,150,149.7
7a66f365-69d4-4fca-9064-0fe30ebb8643,30.455670331499576,-112.32919540221415,79,74.4
6e9bf27d-cf4e-485d-97a4-87fed4759da2,30.086676101669003,-113.97219407735602,196,189.3
c439204c-0985-48e9-98e6-0b8dff135b18,35.444115317603355,-98.15883076395076,196,183.0
f29193df-f356-43ed-8ea7-5354318e876c,42.988003717923604,-80.8818486487381,543,480.5
6b7458bb-bdc9-4023-bb69-b973f674105f,29.14970460471183,-108.38556399612017,483,505.9
5ad41370-8c52-41c4-a29f-38313c5e2ad9,41.732403178519206,-123.82708538686046,135,138.4
a2baff31-81df-41ea-a49d-dfc5192bdf30,24.528745583735407,-93.06798294605926,143,140.9
d8d524c2-c9de-4464-92ff-08efb04c06f6,34.47332444959865,-68.56056650172886,108,90.5
9136c031-0a9f-4d76-a0b7-6c1605b7da59,43.396626630069676,-101.91466553099022,311,347.9
06ca4866-7a1a-4f97-a10d-3b85f66ada4d,32.468323894360786,-100.21206130319707,111,96.6
ead6762b-e256-4c82-8251-f0ee9d76a25e,38.09342753613499,-67.83479869027175,63,53.3
8b2973b9-c48a-48fc-b003-9fe99fa50755,29.12448082064777,-84.01815091402302,396,415.5
ec4edae8-ed13-48b2-bbab-9194f3ef88ea,42.54988477815431,-82.56885655231461,182,174.6
24c7490c-cd2e-4ce9-9d6a-0e99959863c3,25.30697758171899,-91.80058168310701,179,147.5
6e254119-cdf6-47b6-aec0-4c432dde62c5,45.313566121887504,-67.49805655906874,189,178.1
fe507324-7baf-41c4-b6b6-f3d64999ccba,28.954909660541702,-84.3568774188922,254,281.6
ea165c61-51f9-4323-b414-b98d523076ce,45.85995079270827,-72.19306765529501,75,78.5
6ed3f6b1-b55e-4cac-a009-4d953fe335b3,32.81323103251293,-83.73664692173995,7,6.6
1058b5d7-2976-448b-88e0-1ae966ab5f15,42.067089361862166,-81.62816633441665,333,291.9
fa3a4f52-f80a-4fc5-a372-da22d24d1588,31.98063244465471,-107.86575559360746,28,29.5
bf3d56a8-7755-4533-9a75-9c9c49396448,46.647791780866186,-107.09475681718467,256,295.7
c040640b-1536-47bf-a17e-76c51f4daace,27.16592813795936,-78.80390567501428,17,18.0
eaf13fe5-2605-440a-9fd6-443f574a7fa2,28.462994731814966,-107.49432893897593,94,105.8
6b873966-ba2d-48ef-9f32-566427aa9556,36.32575312897006,-91.79656582270962,13,13.1
71e1177c-1cc8-499a-b37e-d5a84488a347,26.048460975953653,-110.28821365650458,148,160.9
fc046871-3d10-4b03-8a54-d35127b9e325,28.899504617544046,-76.79798053226492,212,245.6
d7d4177d-ab8f-456b-baf2-e91dcd97ee65,47.59415955530036,-118.4804202775663,38,42.2
4da443b0-d23d-47e6-aabf-bf88a8ef98e1,48.41224152869718,-76.0626482540618,93,108.2
6e0836ba-d38f-473b-9d5c-4ba825a30975,33.406483233260545,-89.43894177005149,533,518.3
7dd3cea6-0f1d-447a-9242-19252034bace,47.082150525348396,-113.97233744520244,117,135.9
c81cf30e-4285-44bf-a1d5-d1de06ce0bd6,37.620616891835795,-93.01991225513902,324,339.8
a6958b74-51b2-441e-afc6-b26ef66d6fe0,30.743561646844178,-108.33256862600692,524,601.6
2614b283-d99c-43d6-9467-e6535442235f,41.55996802701497,-105.9154272509007,733,597.9
e42c0f08-5948-4cfd-8270-6d310ef6c6af,40.472545164371425,-104.25984554578406,457,485.9
4a2e9651-eea1-452c-9c2d-c28de86cf49a,48.72813297771833,-121.26416442863307,76,86.6
acd37b11-06fc-4c6d-93b8-42c476352cce,30.626182185232082,-66.82826062031637,657,571.4
775a2aaa-f572-472e-a515-66c5a8ac67f4,40.801487566543386,-123.13945694025777,335,356.7
af96033e-df75-4d3b-b307-9cd4736de666,25.300593875736173,-85.91268448212757,363,410.2
c074284e-1718-4dac-ae6d-c0f822ea6dd1,26.841150967417985,-103.0975687823116,3,2.7
3f3346e9-9007-4506-a8eb-fd833f001261,24.097959373777332,-86.88539283414477,617,593.6
6a4d9580-a0df-4289-94f9-8fbd4878428e,48.986517026491825,-103.98135306783256,301,309.4
cd94dcc5-5451-446a-8b6c-ad2503ee5a18,44.05684242868695,-85.24871187072733,292,294.2
d2f13110-f1a0-4026-a216-6745c9e900aa,43.66807536833852,-81.97510494136671,17,13.9
ece90bda-a242-4b3a-b83c-ea5cadc59f53,36.743151882204494,-84.25739421642095,53,44.5
5ce91901-6125-4732-b43d-dffcc247988b,31.501677072636,-118.27624309986902,655,550.3
1f3516b8-b26c-4663-99d3-c4eddaeac7fb,27.7816071115669,-86.2432991553736,139,125.8
b26afabc-e2b7-44b1-a4c9-5094bab726f1,31.11686847116159,-108.48073458220826,101,90.7
ecbe5fea-7742-436a-a9fa-a769022f337f,33.399280548228475,-123.30071913640933,366,401.5
996a1f62-dd92-4924-b7b8-2f95ca8aad57,42.90775242450735,-100.52499035855172,18,18.5
5df330bd-1fda-4823-8641-3c5505a16b0b,37.49154472257881,-99.42095693457574,108,119.4
572dc76b-838f-4e05-ae17-9db32f495930,25.937090663887066,-97.43672613220565,94,77.8
d7c46c7a-48cb-452e-b553-0d05c1cdca1e,24.450725223972807,-83.41537424194775,86,85.5
618e1959-59e8-4b7f-843a-b13bede0ff80,26.558304488351578,-106.77821526059492,74,68.8
f3e61725-9853-4abf-b809-0afc497419c6,34.26246784243448,-106.39844972686856,47,53.6
5fdfb14f-19ea-43a4-b7e3-73821d7d0cbd,47.32982292622546,-121.42741688176562,38,41.2
68890f8a-a240-4bb3-95b6-4b6ab803b199,39.93506203023054,-84.47754825645454,205,235.3
d875e723-76d4-458d-9e92-b9124084cbc7,44.04564749688788,-91.49826060742456,504,412.6
2ae87719-f7bb-419b-b4e5-eda6c3132362,35.659364862613714,-104.38391835106651,142,154.5
33f2739c-e15e-4cf9-9e7a-825f56425321,33.04165207987607,-83.39385024387607,71,72.1
924fe6f7-8c2e-4c63-b807-f94ca8d4d2bf,26.710009317915567,-93.29589279561425,35,39.6
296fb778-d15e-456e-a02a-453254cba0e7,45.89832555465512,-97.31454819363816,355,356.0
444f8ce0-2db6-423d-b315-7e5802c79dd3,43.57900072569757,-94.83185192399354,712,723.5
609db2cb-0d18-41e3-a9a3-b7d3082eea72,28.20295243994313,-87.45546060924366,86,70.6
3e5d4abc-b21e-49da-a7f0-d10bca3879e4,36.80651409690651,-86.05984633009862,69,73.7
468956bd-feb2-49f1-ad1e-e2b309133094,36.18437019803112,-107.95148867069769,184,167.3
5ecacc83-17ec-4422-b9b2-cf2c5184f1b4,39.62728881716322,-116.69614155992195,299,241.6
b97a3648-2dfb-46a8-ad9b-8d1ed91d32e6,47.654672349781535,-115.75858330975939,122,100.8
72fccafd-9bd6-498c-89ab-d0b0e3ae38c4,38.494286044061994,-87.2759377317229,199,235.4
9b1b5819-daa5-4bd5-b8a0-088ce78960ba,37.505431669465466,-73.50047613973956,252,236.5
616f5073-ff86-435e-9733-c8bda1ebd901,25.2580733233666,-100.83971957761244,647,742.3
f8767873-5701-4820-8322-105202eb4038,25.5726869004506,-114.99831054056172,109,129.0
6199b248-d8f6-44e9-8b7a-89e13cb06e2d,28.683669783169723,-80.36045260066257,1189,1399.8
a1d90e18-3a88-4f44-9011-fd3b6fe14027,24.811769292293707,-75.88312100925253,100,115.3
a15e324d-74a3-4944-a6b0-af6c93a18c35,42.58382238925031,-73.04563585586297,257,297.6
b5315889-3e98-4fb2-ba2a-324c37be6fc1,42.08325759984908,-89.19694569408975,170,155.7
fd32740b-464a-4bd8-8826-17503b2a6da6,27.401405860791073,-74.217014996103,133,114.5
a49c3893-3cab-4337-9a25-046dee74908b,44.90197251988202,-124.09051745154395,240,253.4
98ce72a2-395b-4007-b0df-c5dca482f8cc,27.8696508711528,-118.67308769559811,101,100.5
c88bcf83-cb3a-4507-87fe-65324c07d256,31.52938967493397,-119.53801204392617,27,22.7
6ec40096-c1d0-4e0f-ab11-0086932c9f8b,30.224422479034125,-82.95632362897075,134,143.5
f3765cd2-c428-4d15-8e98-33d07eb6f405,33.3076774643262,-120.89467477092884,148,151.7
c67bb861-752e-4739-8517-e684e60ccd03,30.366594147249046,-95.71450202448789,45,51.5
f374d862-ec3d-4da0-a5d4-b4e7968f77b7,36.2237731609613,-97.11029298045895,549,573.0
9b441949-4cad-4243-a986-eba99be0216e,34.185197033867134,-106.66849211006378,52,53.5
2fc20686-32d2-4381-b479-5d4b2cddbe52,48.664237269483166,-73.64609497341611,105,102.5
0416f814-d3dd-48d3-a696-abd920bee8a3,25.398158753205642,-114.94444108908024,34,33.5
98b41881-0c12-4224-8082-619fffc6f1f8,27.55453440968379,-104.20469572044485,153,180.8
800b23d8-9858-409d-9ad2-5f0d3fc90c4e,25.320647347715063,-79.32388149864718,74,63.3
3896a2d1-997f-4a8b-85e6-dc9c5b9cdc53,39.646029874559396,-123.20508345079622,134,131.1
e229bcb4-a476-4488-ac55-4b148479243b,25.36273193534299,-85.29592638546424,51,54.2
3663f502-5dc6-4f2d-856e-c08067c6e1d4,44.91099343440308,-76.83253414466733,11,10.7
65f028b5-a2dd-4cdd-b6ca-57cd7400adab,36.7984657670482,-69.99619750854814,302,275.8
edcd93e8-f277-4e3d-ad02-b78f5945605e,37.175190614538344,-73.2984982110024,205,187.6
1757c98a-fcf6-4fab-84a8-66828fd9d135,38.03986269280485,-106.15633710681257,83,74.2
df705cdb-b440-497d-9859-9a4ae14ecbf4,28.27034265765527,-90.4045156619458,10,9.4
0e05d49c-06f0-401c-99a0-907efd03ec25,28.94225757786219,-120.43968390412252,401,460.6
4085e4ec-4146-48de-8c16-b283a7b53ae7,31.970433071825116,-109.7856697906675,37,37.1
513bd543-7fb5-4eba-b053-88d936c54faf,38.837410395546286,-119.44087965389707,534,478.5
ec9eb399-4d27-4de7-b4f9-2cfb7b9a132a,29.252944398505363,-106.40394988091613,130,124.0
ae42176a-e79c-4d9c-9719-a90784864666,26.90829317833153,-73.36395440593499,83,69.9
a130555e-6200-48c1-8ef3-882e4871d764,48.252922160460805,-104.51715645921674,271,314.8
98d5944f-e02b-4687-858a-bc5cfb165d32,24.549545370240573,-91.84801192291584,419,403.6
c7652d80-bb75-4e97-bf5a-e20b8934ff47,44.06743513340054,-99.4305299612185,93,110.9
d0df9197-f4ec-4098-93e8-93f55c7950fd,43.700878739375554,-97.92392506637462,105,98.6
25af516b-aa8a-47fa-b407-840559732a4f,31.4303528461274,-67.79524894164305,114,129.3
97915894-df14-472d-a70a-f3c6bfa7b7ea,27.390665400182836,-107.52688637243239,511,461.2
8de5d117-4456-4b80-8dd9-106a731d5a55,27.640716167635585,-87.9878562981329,236,196.0
e1201311-9c44-4135-9ca9-ba7123a67c87,41.43579043092981,-100.21630249481262,57,46.3
fe3987b8-0a26-42ae-8fc6-9d056919061e,40.070164777154346,-121.39237531818651,41,42.7
b01bbd63-824d-4a19-b38c-7612295567b8,43.56864185628467,-96.12948093417008,52,48.1
512b1faf-dc78-4614-aad8-d5aa1858a039,47.43702930997762,-77.01274358633862,61,59.6
342a92a0-2f94-4b91-ad8e-0fbcda61e4d4,41.2981840816648,-119.17357484778039,52,58.6
720134f4-7860-45dc-84c3-6764cf7ae242,27.89628841378609,-120.89408100361777,215,193.3
aec93995-5075-4661-8515-456ceca70c83,30.086065419135267,-115.93574029679726,25,23.1
7ae42a1b-5957-4045-8472-9a4962a9cc61,45.05484327182786,-79.90039342803094,98,111.5
e914f6d8-805a-456e-b305-1a6265734bf4,29.232651895855213,-82.28427233546046,196,195.4
6ae10ac8-f296-445e-8611-1b488c84a6d2,25.813057923862036,-91.66395163453947,69,78.0
bbddfe61-76e7-4cc1-a3eb-647d47a470fd,41.58200135105626,-97.3746421585347,31,29.4
2782233d-ced7-4f5f-839b-f47d1a03ff6b,34.06315888725355,-72.5887769325453,17,16.3
5f4577ec-bddb-41f1-914d-0acff0f4151b,47.00100131364759,-79.76482839382453,27,23.4
41b71777-578a-413f-83b1-4516542a11cc,40.25637677734154,-77.0954071731935,361,421.1
72119cd7-d399-401a-8502-58af192508cb,26.26047444479152,-77.0175242203114,215,249.1
034b6973-3faa-4c9a-9a39-37ae35012142,47.69641418134152,-87.07968787001208,13,15.5
11425a56-805d-4f80-9a38-df2642b61c16,30.463931591006148,-97.9771371653592,99,95.1
3255abb3-b4d3-4019-b332-6e5bfc425349,32.430312260157145,-73.98401259744662,65,73.3
d79b69a4-eeb4-4cf9-b7eb-970b70895075,34.05651034208855,-70.36556236140821,173,167.1
d8b16fe6-3ef3-4777-90e5-5b318a05fa49,25.28060741010783,-123.59544344775776,148,145.3
461bc6da-402d-4de0-8663-7300e048b8e3,36.41288555576512,-121.95826247729117,131,148.3
f4d3360e-0192-428e-8e88-36e2ed7de9c3,27.082962276882306,-68.4341454824022,76,66.2
1a16c78a-6ad4-445d-8049-805854e9b937,34.02425816720879,-108.64752378319251,30,26.6
37e3c8f1-6194-488f-bd72-468d382d7813,32.76774469980211,-73.4712030606843,271,250.9
96dfdb5c-6901-467c-9692-824520761bb1,43.321002085662585,-102.06108798127724,424,472.9
dc29010e-86e2-4c40-8cb6-afe61598f115,44.07926279081828,-117.97309660104801,577,547.6
1e4d13bd-57fd-41c4-9b20-da54e7ead8b2,27.8353220597272,-120.25385118764927,12,11.3
ff840574-b151-46cb-b4da-0c7ff539830c,33.16377968448066,-115.76603395425306,269,322.7
2cac2ad1-37ee-4e5a-b440-8e9ee160396f,33.333829025795794,-110.25630150282548,259,247.0
0c9fbc2a-abef-4f78-be02-4b8fb6645805,27.785261098402128,-96.17741711808125,588,528.7
00ca30b3-8bee-43cc-88c7-bed5178e37bf,43.961337626279764,-83.61162386661877,58,60.9
c7d6a351-9d19-4ee0-bf29-3c08b99d7e14,41.68070820838558,-66.80248398736731,271,303.7
bf964bb3-380e-4ed0-a68c-1107f6cc873f,28.75954465742587,-98.9511021459389,11,9.1
add45146-78e2-400b-96a8-5082ae50da18,33.168047714844974,-94.42708840175652,200,209.5
23b78d48-f625-42dc-9bb2-3c05a207b50b,26.645125621412856,-94.21287361838792,86,70.0
8f46c5b8-9885-4a34-8a87-9d661a0d04a6,39.705164927326095,-93.17337302621178,293,296.1
b7ceec48-cb68-4249-bcc3-6a3e5a22da70,27.034298113715494,-94.45330123083673,398,359.3
5309b996-4f32-4ad7-8dc0-da2df95874a0,48.648354215622945,-124.48228945134684,91,84.0
b6d2a9ad-ca35-47e7-b6ae-fa385f108412,43.51705186719656,-124.8982354955194,149,147.0
f5a89105-c090-43e1-85ce-dbc86a74e853,33.75596373959988,-119.23768723055875,25,29.3
d81575a6-a132-4f0a-bfbd-dea32dd0085a,38.46409830698386,-119.00816039767845,108,117.1
a7bcafd2-180f-45c1-94bc-0d8bfbe6ef01,46.78354540541022,-83.41108237166704,90,105.7
bc33ab6f-25af-4110-a2b5-7ef5b1f13818,37.85248200989565,-112.90995408155601,40,42.6
a9532f60-2d30-453f-8f4b-f18455d97d8d,28.36246215994888,-72.21186781941884,450,361.3
3269326f-f708-4e0a-bb13-dc5c7e010536,33.46758388952898,-70.21222655495585,32,29.0
89c3a4d5-57a4-41fb-bd0a-82001841786e,45.07862162574364,-67.42229306414197,202,234.8
1eaf0c6f-e4dc-4b5c-aa37-24917b711f59,40.10532539974045,-69.59420301166581,442,467.4
641896ce-f1c2-4d06-815a-695ae695f783,40.26810960834501,-108.95858900680705,486,579.6
37d572d7-5642-414d-a229-66d3b091cd8f,45.670537142212225,-94.92316616249276,315,271.7
b374d5b5-5045-470c-a467-7de1b3149f36,46.34932643656262,-114.64815675838048,39,35.8
88766ddb-7e7c-431d-b10a-a9dab1a6b8ca,46.994814294485906,-77.43363034482644,340,321.3
2d326693-5334-4909-8d17-b41274c78b8a,26.371229831328904,-72.58252939649833,65,60.5
66685fca-d32c-4696-b302-a414ee03dace,37.60315004907752,-74.77395848144661,511,460.3
3feeae59-ac88-4062-8e50-78d591e9fcb2,42.51273803045797,-99.43135002688675,247,241.4
6c826a40-f0a9-48cb-8e73-ed21e75276b0,42.92317112817534,-80.23824080347993,308,325.5
c86e6bc8-a77c-4a3e-a36a-8f0d0125fe76,39.167905049250095,-119.24282899500011,18,16.6
5ee1746a-6118-48a3-a1f1-c63cd743ba0f,28.169683379591852,-122.62555853346421,175,145.6
7858f9bb-eac7-4836-a714-cb7c383a4cd0,43.9355138485416,-80.5590515557831,344,372.7
2545af71-d10b-459a-9f01-a128dfcb4a71,42.002783337873645,-99.90403881460766,396,389.5
f60099f1-b5cd-4c92-9f52-abdb1b97ae77,26.153394288725906,-66.26259338036542,6,6.1
4e324b63-c2ba-4927-a61c-8173f313089b,35.59524561685941,-119.26200126452359,560,550.0
f5f8728c-e652-48a5-8856-bd4929ddd79a,28.34943498804509,-74.51796678942121,9,10.4
f1ac899f-f3ba-4ce4-9221-5890cda45980,32.4369261428243,-96.68099913378948,191,195.5
c487647e-dd9b-4d7b-970d-889bca680410,24.452027305142135,-76.19813846527126,236,276.0
dfdec54d-0e6f-47cb-a964-aafc13868a88,34.008246710268956,-76.78949035196146,23,23.1
43ff80be-5a08-4be2-9537-ad068535086a,37.74692302890526,-70.95647191963744,10,9.2
203e6c8b-6ef7-4448-94a2-ca07e9a48a3c,39.489564820677174,-107.42684933411994,307,289.2
07c947f5-dd3d-49d0-bbc3-8552a754a200,40.587258628217754,-68.96183814574182,97,97.9
5792b5aa-dcb7-4864-a892-d3088b892ce7,44.9072828275615,-116.0516493389004,23,23.3
4e65cfff-86bb-4238-95e7-b97cbe8dfc2e,29.38657268189325,-120.16384212198406,288,309.6
2eed8b51-6f2b-4458-9895-99abbc01f2f6,27.0120455609617,-99.5346844750314,378,336.3
6f2d7032-0572-4fb1-a43f-c8dddf55ad9f,45.28842929744814,-76.12894485013129,177,188.2
c6b60432-86d7-4a18-9269-bc62fb517e84,27.91532037231625,-97.0681532926267,35,38.9
a582e31c-5d56-4955-9645-cde0e8e60495,48.36900203340488,-76.07208602569966,3,3.2
182f46f0-81bb-4954-865c-7e2e456a39e4,45.06345573496593,-81.948478458136,241,239.2
54bfd845-790a-4375-ab5b-432052529eb6,36.52191514723998,-112.64372521780292,160,191.5
582fb9fc-1d25-4851-bff9-af19c2f5310b,48.535535623050635,-69.01598413093163,210,202.0
4303948e-852d-439a-94b4-77bbddf7273a,26.434418227700107,-121.4139110508652,1324,1115.7
084e9618-1c20-40e3-8fe1-a07ea375138d,31.57664402937754,-72.0014972549161,114,128.7
3f830bbd-b8ed-4824-b5c4-25b1aa18baa0,39.95561037601529,-107.03783650956794,27,23.9
66d85006-3138-4e70-b9d4-013baf8878f0,32.750171711829466,-95.49126309330045,563,611.0
77e1f640-f3d4-46f7-b836-ff49fd2096c3,47.20931379951979,-100.08123951065667,158,137.7
a735ef36-06fc-48b8-b5bc-576872c24801,25.640652204445438,-114.86176114190195,579,467.1
9374843d-d43b-4477-8e09-62ea2320004b,37.73529580152412,-103.86933488230011,542,468.2
3fce5eda-7606-47cf-bfc5-cc4a264d2cc1,38.77165668487786,-113.61686825872508,536,509.6
8d528911-eb03-4fad-a848-9c13b460ca09,40.3182030944306,-112.9706979478291,170,143.3
b60000dd-58a5-4743-81f3-bac522642976,30.39165558329536,-113.96364667444357,249,218.9
6f2b21ea-d99a-48b3-94be-2844c0dd3d09,33.11416068799661,-96.14797455955093,1170,1293.8
74c4c12a-8b7a-4ae0-a879-eeb1aee2f773,45.09201324162444,-77.92204931683239,228,252.6
4b5bd2ee-c5e0-4003-818f-b80f8655669d,28.873569224253995,-91.43076800808677,105,118.3
ecdc0798-0f20-417b-8ea1-5303a411ee07,44.67169617933405,-72.30081127550034,164,186.4
35dc49f1-5e66-4859-a3f3-739b57b18492,38.066385572568564,-87.44387517397328,108,104.6
d0378844-7284-4ff0-a105-6c6cf4a6d04b,43.05468777985205,-84.32893317767633,438,502.4
9b42ca55-2065-46ae-99fa-1171281fb452,41.84018415658679,-85.61117344610682,132,133.4
877b66af-8c8e-4cd4-a8bb-12613b91f4c7,29.187787384621977,-98.48190760215927,347,342.9
802084b6-996e-47c1-9208-054d8bead81d,38.22031841084682,-84.32900949019512,367,399.1
8a60eeac-acae-4abd-8b38-9fdfc53dbc62,45.69307882012731,-120.88724295833129,348,308.2
f0da9da9-dabb-458d-b3c4-0036b48d00e7,34.80290592004823,-74.26876315697587,256,285.6
5a93bd59-ffc9-4dce-afd8-20324f8a81c9,48.16476925558292,-79.10908353680887,386,375.1
19fcac2d-f328-415e-8b6b-e0d296979e08,35.30537750254295,-110.53143246433095,98,83.4
e9d0aae2-5644-46b5-bda6-3d81edf17b65,27.569640916697118,-79.68608519900914,24,20.3
93af7786-f56b-4f6c-b488-ea5657aaed56,33.73586700194183,-124.2540865173989,370,320.4
5a586f6a-60ac-4890-b8fb-50ab001aa355,47.792560159763426,-112.18245222362806,138,159.6
5756e451-2882-4a02-9222-9188499344c1,31.993021233496357,-121.15690291841715,27,32.3
ff799d39-1d0a-410e-957a-ddaafffcab6e,45.70245399667657,-78.96661191954422,25,23.6
30f33237-fc69-454e-bd8b-d184a7f2812e,46.03126704204725,-80.40342508047516,35,32.1
0e021c8d-7c7d-44c3-9986-3da210bb32ae,32.75466310829903,-76.995474595692,278,246.7
f6595ee5-4960-4ff1-9b4f-5129d357211d,26.081441451265803,-124.7355800937938,248,280.1
d0d67d43-835e-452e-80fd-dd5498b43a82,42.11394772897046,-95.42726912597394,46,40.6
6a6ccca7-b6e4-4ffa-8ef9-1f81264e0dc9,31.787807475349652,-83.41466434647714,375,438.6
f920a480-e38e-47ef-a29f-2880c2f74b66,43.57309035643931,-115.8313334043981,66,70.4
24503c39-dbb7-445d-ae65-c42d5b8ad583,35.06637120651083,-86.66234707675514,315,365.0
6524e445-e31f-4d5a-affc-21b402322ed0,36.131668558565536,-120.03750414072854,134,136.9
767a6e98-d513-4c63-b0e9-1ac0ae33c677,43.44773516871342,-114.30177448984553,263,283.1
4350f06f-18ac-4df9-a917-0873766cbda1,33.5590832765407,-96.92798791531854,96,100.6
b6d743f5-9aaf-4f3f-8628-987a898fc642,35.07818363307286,-86.43965599181499,85,96.3
f8c603c9-32af-4644-85f8-9a4ae438947c,33.404761719240554,-116.39372150972014,368,417.4
ed11b707-30f5-409c-b210-1a2ca92df69a,33.183512881932,-114.07182348097467,7,7.3
52c4dddf-d9e7-4a21-bd56-5f4c90baf61c,37.148664422536484,-112.93766434312589,736,775.0
cfad7408-576f-4233-8d1f-c5f7ca9447b2,44.21998611252877,-110.91665252276027,209,244.3
e672a933-d811-457b-a8d0-e83290aa1328,33.04420779806415,-111.63332293694882,113,132.4
f5162da8-f430-432e-baed-2821f35f17ee,37.106368013443415,-101.68620259863943,198,211.0
e346d3c8-919a-4c99-8eb5-9790b4c16116,40.76818313606502,-86.42641060063335,26,20.9
e3bae394-f5ff-4ce7-a2e3-35730e4f1b6a,30.735986157591377,-99.15612479506629,144,121.2
74cf08c0-a309-42c2-9fe8-108ed09565ed,30.938070122559814,-79.2175393837566,841,961.4
f2d9d694-1a02-4c6a-94ad-a0c136945f78,47.33532817558637,-82.56315814903172,54,45.0
344ed293-6872-4e37-8aa6-7b372fe2c8a6,42.08836433327721,-117.53491207110453,256,226.7
edc79966-9a0a-4f02-8e9e-4cbf268a8f81,38.42966690558272,-122.11834422407611,114,101.7
343c4565-50f4-4e13-b741-52a193d43773,40.1930013605153,-73.20144772402324,211,219.5
cb0d9aed-7cf4-47a2-9daf-0ddddad71cf5,24.73248607758546,-120.28996707279046,46,47.4
8d060e47-f2bc-4d1e-8b66-3491b52af655,39.452574139042426,-116.24798833753692,127,116.3
d08f3d83-96fc-49fa-ba9d-eb27ebab2965,36.73772183060505,-123.69413674207104,783,691.4
ce994486-dd4e-49de-9e1b-f7ee07c2209f,37.64374199448589,-87.92815444737943,43,47.5
d2db2b4d-c5d9-4efa-b5dd-5f8ca5cd00a7,32.98559567077043,-90.64013677365743,202,237.2
90557eef-5382-43e5-a456-cb3ef8ee858c,26.036847442823547,-66.77268368031991,171,140.4
51630b54-6adf-4b60-8cfe-f1164bed6d27,28.833480840301306,-72.67098861728685,167,142.5
5e94ec36-5711-415a-befd-f219fe3047e4,47.76861783031679,-100.76025252862632,191,201.9
9d79435d-d9f7-4dca-8fe9-cf6f1a71fb65,34.217489056773346,-103.07643538616044,140,157.0
4720377f-2c96-483d-be91-a8d502a12e5b,35.6670788957716,-107.48572997748087,3,3.3
f0ba53a1-b2d6-4456-866c-22f7c76f83a7,25.317744746335975,-116.007991717765,461,501.5
7af9c736-c1eb-4ced-ba0e-e7b8e119f593,24.939155738599514,-116.85306426048146,351,405.4
12315f47-0db7-4018-8a86-9fe42c884ecf,41.92953617616894,-117.19526122743328,38,33.7
23697ac1-e5fb-4eef-a686-2a55d4a72490,37.452366603027784,-118.26722932598007,107,90.2
c3d37e43-7900-4826-852e-49c4be7a7ee1,36.71764960540666,-110.80978949807331,294,307.6
c2ed3a60-6e96-49b7-a204-8c9e89225671,30.078113260566717,-106.90655081152613,783,883.9
25775ae1-9518-48db-ad56-5c1708cac5a8,42.61876829074805,-68.26684070870397,604,623.8
f5112a59-bc16-4fdc-a420-9685a082aa6c,28.205914477712298,-90.87007819088873,459,544.0
486a93ad-4ee1-478c-b879-d41dfeca51df,28.7483685915255,-66.73184930371642,34,38.0
2c2ea5f4-f2c5-4ad7-89df-b9328ef59afd,35.51780428370689,-103.02445007828527,492,531.5
08ea9fed-2b67-44bf-881f-f68591677d35,31.156996552798525,-98.00002867722299,421,346.9
d7661af2-635e-4b6e-885a-6bff13959604,30.186574530828658,-105.84985910924853,95,80.1
11877e52-c739-43e4-b3b8-b0ae6875a2ee,40.13094111383329,-114.20962859710339,100,111.4
bf883275-54d1-4e13-bb04-bdcd182748e7,40.27429363046362,-116.55328224112283,123,108.2
ef361ca8-148b-4187-80c1-c18ffa60b9b2,44.612926744998234,-69.24032732933792,214,173.7
dbfc2402-10e6-4a6c-bf91-e5b26eb18560,34.442714174324394,-66.7781697738734,60,69.9
a9b5ad3c-58a3-485c-bb39-b734a0c2f8c6,25.827127275653755,-122.35033970598484,5,5.8
7c3409d7-0315-41ac-ae8c-c39def693e13,30.841659623036442,-116.12959339082578,30,26.6
7e8d42cc-4bee-40a2-9025-acfc5602a1b7,48.50013657992042,-100.01207855423966,116,129.0
192b4c01-c3e6-496c-8e58-8b06cc0e474c,38.90646438081755,-114.00632489567997,66,54.1
179c0b15-944d-45bb-aab1-bc16feb431af,41.74342712002551,-103.53105677601388,289,264.2
c2bae51e-59cd-4717-97d1-5986c860ce85,24.183945740635362,-117.38331535828164,23,24.1
93085e97-43f0-485a-890d-0f9cb2884881,36.95514330456302,-98.06580635341437,499,551.5
be01bf1a-9dc7-43a3-b1aa-a126a1562c5a,24.93821643829508,-108.9700176460137,451,362.7
b96839a4-40d1-4f1f-be99-1577ef6f0122,38.2307553022862,-104.237601710239,479,445.7
531a01cd-2e2f-4d3b-bb9a-96961efdb279,47.01927124090189,-119.4355535636979,269,238.3
6b5914c1-528a-4a08-9d1f-8acbd8d54210,48.21047826251019,-99.74044500810163,78,93.6
9f635b36-39ed-415f-9fc2-86224894d81d,37.513816884723106,-66.98780095326738,115,122.9
d191aa47-1540-4bcb-83fb-c446c391c241,35.4551201313054,-105.59885023400977,28,26.9
e852c98a-3873-44f9-82be-fe25ec7ec228,47.62542735621235,-73.29067278429633,880,730.6
6adc32f4-0521-4383-93cb-8afebdddeb35,40.840245799917376,-75.25125064420257,81,84.2
7cb2451c-2a8d-492b-b358-79957968983e,25.622481988460237,-68.82855332046458,176,186.0
712004a0-61fe-4147-ad83-0d6ea4cdd0ec,35.64313944168744,-78.38353877624142,302,340.2
68d71ac0-e4b5-46a0-b659-afb0295b5237,30.006125461607596,-86.08378720352991,507,464.1
87fa8f66-a886-484a-bb43-56f12cd6c3a8,35.74510803621704,-74.46151779058,282,336.3
9ac9ad42-40ff-4978-ae52-abb274acf000,35.38663930015905,-120.53696384121638,224,218.6
0ad22e74-7c19-44d4-8fae-b1c4a8d03d24,38.55362007036855,-97.69299122527033,125,114.8
71147208-6351-479c-a2ec-777305f890aa,32.91926225873128,-66.63388192171152,186,174.7
5e5c7814-039b-4930-a99c-7fcf6d3678b8,28.1067612363982,-79.5935910736108,20,20.2
fea7c8b0-242d-459b-adb1-16bb1431ce36,36.59298586474891,-68.23755269580383,1015,1192.3
4079cbb3-dca2-4a72-96ec-7aa261c4b5ce,44.75507210864405,-79.00157298812474,157,171.8
3102337c-85f9-486b-b0e4-1a9bbdf23dc1,40.60030570169006,-73.38196392091349,8,8.2
e600b7fe-ce50-497b-a3b8-f0b2a288453b,32.459196648130394,-83.31475169411173,505,436.9
b9a237d6-64de-401e-a17e-3d58d3fabd0e,47.38807556897143,-80.13038173938284,134,115.2
4a66373d-af20-4493-8b0e-fce37b625333,46.80518928122956,-94.13249741946946,406,406.4
e8849eee-7fcc-44c7-8616-3445b72b2eb5,29.23370998460247,-70.46997565196617,389,424.6
b3217af1-acc3-4d7e-bbbf-a15aa5f16ac0,24.985439628009075,-76.32270427322166,338,371.9
f9136ed6-b09a-4447-892d-cd772d7dd10b,42.532717708769056,-75.2107870257277,13,11.6
25dbf081-d016-4c84-8997-e63b359fc77f,44.69025653372883,-85.29246304317991,57,47.9
ed31265e-bf30-475c-9931-b1964e737121,48.19661414878388,-107.0297831218523,417,397.7
d8939a55-814a-474f-8997-f520088016f8,46.24590985220777,-122.89784207198178,459,535.8
e198ac5a-1d25-4fa4-b04f-8e5a16808fc9,39.01336920516037,-69.79634736483686,123,125.2
41bc785d-1a57-4d97-b429-0340f6dbad2b,37.25130848030952,-90.41889942047568,116,107.7
0a96c431-18bf-4302-9783-7c802889d5d1,24.696026281564656,-107.40956470225973,39,36.2
3be2af3a-a12b-4422-a213-cc4ad49e488c,30.166411171119446,-116.20102863699528,691,589.3
de35f783-9073-4675-9871-fcdfefe918da,35.49036879332316,-76.05813323545547,48,47.5
f0f2f625-7173-4b0d-9e96-c8e4e4469d8d,39.712597502089196,-75.64530852759285,42,46.9
cded5b11-72e1-4429-8152-09b6146673f6,37.93129583296027,-76.94402988029864,216,256.5
b75cbbb3-f7c8-4eb2-bb0c-55b4dd7c8cd0,42.56589974204226,-86.94012117395961,56,56.0
46e33619-91d0-415a-874e-4b69db0a2a53,30.99417327217602,-103.40509213207932,559,484.6
05423c8d-9c99-411b-8a52-f4d950eef959,38.123815191311834,-107.05985319796484,2,2.1
dbdf7191-4cdd-430d-bdcc-f3ec1ca904b4,26.203556084769804,-124.49526856302796,1,1.1
399cff75-293a-4a60-9cfc-a6744248f4c5,34.34163808958017,-75.81715403739382,141,116.8
cd4e77b8-6949-4b1f-aefe-a754dcb17a90,42.75402082386503,-119.8414708478751,657,749.0
466934f4-f151-4627-ba2b-22cc5fea70bb,41.3350213357261,-87.78545511559471,36,40.7
75de5c57-5024-4b2c-b0b1-e743d7cae830,48.766068429304475,-95.25957813643478,136,134.5
19694bbc-1409-4baf-bf66-e2bf1bf4332a,30.9472781496939,-93.92532782334528,106,108.6
32535659-95a8-42c6-aa51-d34967c67bc5,36.45473247934948,-70.32394212684137,442,479.7
8bcdd262-4cc1-456e-94ae-7a0d6d4c7585,32.23826034434992,-123.13471433499672,2,2.1
29a27ee7-17c7-4945-951f-f452626954bb,35.01507785147937,-79.36985874690242,748,603.3
42d8aa99-2a77-49da-8d96-35441e338eaf,45.423753246734705,-121.92890849632887,196,166.4
b11345b1-2e9a-4b9a-aecf-7c441e47609c,41.10522687971216,-122.74893724981274,33,28.5
335227c8-32f7-4843-b3e2-d295a5e4f128,46.06102978368954,-99.64075580965846,10,11.0
e7f28e75-9cbc-45b5-ae37-37f80a724d5f,29.08777770829716,-121.27856471376496,154,150.3
9f584d15-f7b5-4b9f-8d3c-4a350b739deb,45.834027946035945,-78.44050687371819,54,55.0
43b8e115-936d-4fbd-a3f1-8bcd0336349e,25.49405685445961,-93.7557774747481,72,79.9
a9a14d20-37b9-4640-b2f3-db8a05f0a1dc,46.21498201092881,-123.2867118230733,56,52.4
e29cadd9-aeea-4395-9a9c-9e6178f4e6b2,32.226844486518196,-122.61045949756675,210,230.9
68a7f0d1-22d0-42e3-b6e8-355038f6c432,31.864690835351663,-88.85255674537072,161,157.3
b00ccd86-1e23-46bd-a3c2-29acb5c98cd0,36.8022144174666,-77.4394027581541,16,15.2
b364d82a-5ff6-4fe9-a47d-1f87e0f3ec7e,47.517254693080794,-99.16982765478836,150,140.0
151ab9a8-d83a-44bf-aa59-5c23e8bdef42,25.194534117035133,-92.27974037939816,313,371.2
5b876896-ec8a-41f4-b504-6670c16b4e74,32.80577437676863,-77.81006221105581,17,18.8
24615a1d-ca89-42af-91b7-b4a2840392b3,45.414299717083395,-88.98013573153267,441,356.4
fcb39481-599f-4d0c-ba21-fef798b3f833,33.90136193588667,-111.73914597812966,173,204.7
10696036-b8ec-4389-b3d0-1a91f6b9ae64,28.978922439926677,-88.82993047370076,602,668.3
6053f5db-f0ed-41fc-9f89-af97db3e21ce,34.61985453328529,-87.9315119151524,32,27.5
aa2c4c90-6606-44d1-9cf2-273d882aad0c,33.638812537291734,-81.68768812801352,1009,838.0
d0667366-3030-4f23-9f17-deb9c7c97c99,46.885405036667585,-88.36842293414873,207,191.1
86bd7f65-1204-4fe8-9893-454483247f8f,43.04835939357743,-67.81471430297576,168,176.3
a5f5f8a7-5c6d-4f4a-9112-a8859b6ebfc8,36.62788889360016,-113.35998978569296,145,151.8
32c85c23-ff51-4c4a-a8f9-e0baba3903c9,48.709264168039276,-68.8856499055425,5,4.6
219f93ee-f798-4a76-8b6c-6ae264ef26d5,35.63193828189809,-93.23797006934905,561,548.8
a624e004-a6d9-4259-908f-4f844422bd1a,25.45594577050688,-85.35458771080019,207,183.1
494a10c3-2857-4c63-a3f6-2e04553653e2,30.55685804537462,-119.1317657503208,19,15.6
1c7e3083-c66b-4cc2-8339-659d69e94003,34.901762005482816,-102.54601945869169,4,4.0
5dcd597b-89f6-4079-8e0d-cf3d30d138f7,27.922565603653002,-79.60663035867282,10,9.4
a68f5800-8634-44b5-bc32-af7d7130eafa,47.68912815810107,-83.29225010915957,188,191.2
4b8215a4-4f15-4ef8-8b5c-915822e90a64,43.17122244544433,-122.6317760982408,190,223.9
d7f5c315-810e-44c1-8825-86bf0d94f202,30.707180010694316,-92.75093845366257,138,118.3
0cfbeaa7-2d7b-404e-a876-46c89db0be67,38.7701133379479,-119.79158661486385,73,58.5
74086bf8-e778-46b7-94ec-c26445c2e3de,42.0362289277393,-66.24447067848843,152,126.3
6e9e60c8-e766-49ee-8f65-38822c74e7e3,47.53197322266995,-72.05950127653561,145,142.8
3b797fb0-6cb0-4721-8523-8818b3cd768a,46.04088372938527,-123.75624103471633,4,4.3
47d2e279-eb65-48c8-afb6-d794553b8738,36.87980565345534,-74.33967484474478,66,68.1
8e5f6039-3059-44f1-8f0e-6d774197e33f,43.36631549482544,-70.75365356705396,11,11.0
5ab48fc5-865f-485f-b498-512b4fb4806f,38.05361884568963,-104.14065486875614,461,434.1
787a052d-2b1a-4336-bb86-374c126e7533,37.8175972511385,-82.54940235218181,258,238.4
9b2c38e8-afbc-40c3-8ee3-00c1c7a75ff2,26.8685489584548,-98.91587897374104,1110,1055.1
89ccf358-3434-486e-be5d-6d2da30c0da0,27.1534414504038,-86.3412834099957,72,75.2
e009e5f3-75d4-48a9-8ab4-8c95b86fe677,37.238340375561435,-104.9212731464067,422,365.9
53c0649b-dcaa-4c81-aa68-1a32dcdf1567,30.721538624475166,-105.96900503863716,185,205.1
dce9aa43-49b7-4ce7-857e-13192ff8cdcd,24.525922561511717,-99.95840055740284,121,124.6
d2f1429a-148c-4b12-b3d5-0254d2179528,42.070980097505306,-116.41150223950243,50,45.4
a675f224-4f5f-4c52-8a69-60700271784d,24.812164917254123,-75.96280109831243,268,268.1
6ba18da1-7339-4917-aa29-b73224f5fe40,38.881921027601365,-104.42682417366343,469,555.8
2bae52ac-aef7-4bc8-967e-66c9fef685a3,37.47984485318286,-101.39117631955514,54,43.6
6ef1bdae-3f61-4a70-9178-0a8042c4f8a7,48.220367264445116,-72.25077785057347,39,34.3
16972812-35c1-46fa-8220-b27a6e4466f4,36.10532848369104,-95.69919497027288,238,233.1
ab3e2515-4495-4baa-a420-41c7f7bd741e,25.590035909444936,-92.88901934829909,754,795.8
71fd8c30-62da-425c-b3d0-2241e638b102,37.792199195161544,-68.56661063815119,277,245.1
c37a946f-04de-4660-a555-a8a8376ab852,45.02740426540254,-72.68314339444564,67,78.6
9d64f6f1-c42c-475d-8c0c-e14f0c33c4f5,48.921232107036,-115.00146417558207,109,115.2
4e471847-9d63-49fb-8520-5e9dca32f168,34.75857934222681,-97.0803132348318,97,111.6
6694af0b-5983-4b27-89f6-138a1f4f5577,32.007468562418566,-67.69352258171583,382,355.9
4e58d657-ce66-4266-a6ec-60ac55d9efc1,46.66633242379997,-103.03038840451245,295,333.8
4070a90d-7b13-4d43-8ef6-cb47bb67f426,28.781053226903033,-103.0771865975442,178,169.3
d66ebc46-8c48-49b6-9499-abf1ff6bf852,39.38572287582316,-113.4932163244399,64,57.7
7c46f6eb-4bf6-4f12-8286-e694e2a75c2e,34.14286060452369,-118.25493626697161,556,647.6
b802435e-d974-48c3-b8b1-38a6e36096fa,25.027059123888883,-81.32201734539709,212,177.4
f3a1339a-43de-4657-9447-4064586d4329,32.68221185764244,-79.56820234661052,705,829.9
1fa767c1-8a13-4e54-a4cc-3e4afb8db204,30.630713062566866,-67.828235153323,174,171.1
237942f0-ffa1-41e9-beb7-af7eee63766c,41.15227884858717,-79.36832555658359,344,411.8
4fb497ee-2970-4190-8aff-f5ebc80fecd6,47.71976244229795,-110.64220285201768,335,340.3
7cffbe47-7ed0-451c-b0a4-ab5f1dfb7312,30.701179684465945,-122.63312188097758,82,90.4
51191340-55d5-4af9-934c-e69046ba1149,44.286648478792046,-66.85919432219005,665,533.9
047c1ec4-f592-4307-b9d7-8ec64aba1c39,25.383995423460238,-104.91340896292726,4,4.0
916889fa-aae4-4a31-8729-1bf84007a027,37.45302525099533,-106.59367899648717,293,320.8
49edf9ac-e3bb-4626-b1cd-110e7f676a05,25.763751592747365,-71.54864262478642,674,750.3
112ec0be-8493-4715-89f3-5056def134ce,47.35082477826599,-90.47910598584582,83,71.6
c33e5fb5-9f82-4ce1-be9a-24dd52a5a7e7,43.158782013934754,-112.32260074290106,209,202.2
be9f9df9-d26c-4f73-9585-35d4c88c8fbe,40.44874778011481,-72.54332167974187,165,159.7
f3b94bea-78a1-4c64-b0a6-8524b198e788,44.59740954061661,-66.39170955177013,287,241.5
a0f1d0f4-8549-4aae-a0e8-c168450fb03c,40.18799488925408,-119.88596489210099,402,392.8
bccae1b4-7c13-4545-bc01-0b81aa747148,48.22360992935728,-74.12715393015326,185,207.7
6eee5d7f-c88d-4b6c-82c3-31f66bf93a10,41.84894869661929,-101.95957383662076,338,311.0
671e97ca-4f63-4fec-be93-2b636c799041,47.11646523955617,-94.07972565610444,75,73.0
bb794b61-a392-44b8-9136-46cb34700320,36.92829730026595,-71.02585742986614,52,61.6
94f3059c-4ffd-46de-9bd3-cb49b913e516,26.926610324546566,-67.57062744926807,113,91.8
6539ce51-05ce-47fe-a5ff-bf8c73604d23,37.20444303557543,-109.53232928588083,226,234.3
5a03bf3d-9896-45b1-b6bb-867e1aa4a880,27.17182070157733,-112.44180451336508,239,262.3
9e79f3b7-bade-47aa-add5-bdb50a493112,38.81233697941013,-120.2495230431008,228,251.8
2fb077af-5bce-4df4-b341-fad44b648f1f,36.06232651319157,-91.85392669293387,100,108.6
7907492c-a93b-4f56-9538-961559558069,39.56438494581954,-124.19734066841058,318,346.8
5e1edc6d-506c-42e4-a217-f759f0bef25a,24.25117452637079,-100.69800044101375,8,6.6
e773d719-7f0b-4056-92b0-bb2445fe6aab,28.871012291384105,-120.6703430175315,221,224.0
286b3889-e162-4173-bef7-60a4461ec34a,36.28326079780327,-101.0916788071693,210,233.8
40dbc9a0-3449-49a3-94a1-138e1cb8ae24,47.76258903972837,-122.64400083332906,566,474.1
3008232b-2ad4-4df9-bdaa-6c6da69d4f61,33.59022600887896,-75.72218162408264,250,201.2
73c27cbf-98ce-493f-a068-7b60993a736a,34.60930065134087,-112.62539935762462,318,358.0
6c1cff61-dd4b-4592-81ff-03cb3648a0fa,41.867402225165556,-105.6297860888832,470,509.9
ffe1f151-26b6-4de5-839f-b4ea64e6c2ac,39.09481893215295,-73.66716820022287,225,217.1
1f6c118c-c031-485e-bd0e-06db74af5f92,31.47315375245833,-80.9703023813999,69,81.2
bbeb60d5-e88d-49c1-95d2-ebbae29206a6,34.27040988918569,-112.07673666311855,408,451.5
9bd41c9f-a232-41cc-88f1-a7d5910d8cf6,29.44249497143081,-120.75793429920773,275,326.5
ba20f31b-e26d-411c-a4b8-6f615c9aece7,48.15053647825521,-82.77524716553498,110,128.9
b4ddbb4c-5ebe-4ae9-9808-6f8fe62aa311,27.265859538933995,-101.94854950940154,248,246.1
740ce439-ca62-460a-afa5-79dc535117e2,33.29591961416048,-79.80128005202495,405,446.3
21d2a318-d682-41be-838c-591764a4d205,24.64597430550028,-98.72760842986258,743,793.3
502bbce8-9aa5-45bc-a4a8-b462ec5d8690,29.54448729833866,-104.58585763463569,609,684.9
b34e836a-0477-4839-90ee-84447ad88719,43.51177845950387,-98.37888091546861,79,88.1
ee827756-03eb-4af8-951d-57772b081791,29.029380807221987,-80.83501984543008,110,94.7
72a1225e-6ab4-42dd-bbb8-1597c571acc6,26.00158506322414,-71.76900309411792,23,20.6
039c6663-11ac-400b-84c3-42120b6b0cb6,35.861329496113086,-122.06373540127404,57,51.7
db26d899-462c-4960-87c3-4d64abcebe49,24.24923086836296,-94.07741906760964,428,482.5
832aab49-6558-4b25-8bbe-8910c2ba5d8d,26.11915386065833,-123.06270968405123,90,101.2
74fcd185-845c-44f4-99ce-9a1458cea8fd,44.19064673907438,-97.36383684356284,194,193.6
725a7a20-1d18-4178-8154-dee6e3624618,43.28683362149016,-72.76831308328288,219,226.1
23d5bcf4-88ea-463e-b11b-3f164c0affdb,46.8784705101224,-103.66617428120173,304,343.8
76714773-be62-407d-8697-eae586ee4a58,45.362885897768734,-69.98542515624206,40,37.0
66761796-cb49-461d-849e-6d6359ee5e1a,41.079389080995455,-87.79410017261404,73,59.9
64a78a80-2392-47fa-bba8-48c321a972ba,25.30832143251657,-69.88483471621262,119,118.2
c02c4209-e145-49f8-8854-8bf163d05c61,43.57121544966644,-80.32716910066134,91,106.1
f3130b15-8c5a-4d0c-867b-30cf0ede56d2,45.13777027101401,-118.89732516772303,814,908.6
e214497d-0faf-479e-b08e-b9f9258c0062,43.97705364429886,-111.36206931380205,360,340.8
2eb37979-2a5a-447c-90c0-ae6dfbaee2a1,36.71197588270065,-101.74394317957314,131,108.2
3f0ec1fe-6713-4512-b92e-bd979aa45c0c,29.82254596623704,-114.96369396128752,423,446.2
5c615570-5aef-461b-8988-753170e2d6ea,45.13324939221817,-95.80021531817704,85,96.4
a5f78497-0bf2-43b9-91a4-6c1ced70585f,42.17907024350346,-97.18927881361205,308,328.3
4e778e67-56b9-4b05-9e0a-678e0de5dad7,48.51902935972129,-68.5807073163845,51,49.5
4d8253e5-8d96-4bc3-9792-8d45215b3bea,27.892314943898324,-99.41005490913732,296,251.4
9a621c99-3ff6-47e6-bc43-e77f86530cbb,29.641614576301375,-78.64801854700812,122,142.0
93094f3a-953a-43eb-b45d-e2a4a5fa47dd,29.294953747037567,-69.42727785376269,23,20.9
c89b2d01-6220-446f-8f41-b37017486300,43.81349419053342,-73.25765897253486,64,56.9
48d67103-4fdb-4256-ab8c-a1e49540440b,28.672682411252953,-112.68861015381609,103,116.0
ed6b4184-6b79-4b28-b4d2-cc63f232cecf,25.66649574558265,-95.73423623904088,277,330.3
72e53375-bf4d-4fc6-a740-82f2705dcca6,48.964020164640715,-104.48335284454038,15,16.0
f3432809-624f-47d4-aa5c-3d092b9cc070,24.62043028612873,-101.40833698690429,215,225.7
0a563483-e48c-4dae-9c3d-ea6d6544b7d3,44.88110150397164,-103.71239725150068,252,233.8
f8fd52c4-077b-4b73-976f-c2b4be3e35f1,33.13417103876632,-76.24480659967475,212,171.3
45fbbdd3-83a9-48ef-a133-3eb73a559b1f,45.04038649394538,-98.3237957477756,286,250.7
9852c5f5-7816-477a-bd3d-9e4b83bbe3c5,37.86551228027862,-94.1020343975634,39,40.3
96d3fc85-f9de-44c0-af87-6b8ffdbc9f99,46.540780737159004,-67.03560593422259,659,567.1
d15072d2-89b4-49f4-935e-520466029bcc,47.15482466036566,-121.46122294070054,567,654.1
58d2e904-e64c-41c7-9c31-c009fd200e11,24.2274545320194,-96.21049925234581,189,165.4
b8978f08-af33-4713-a9ff-df34dbaa276b,25.885304399819706,-79.33035929017916,189,190.7
b62c1982-933a-4ac9-bbe9-357f6b74719d,30.258968239271386,-116.08144446689464,267,268.3
330e9a75-5817-4187-b159-c783aebc47df,40.732885409087544,-88.91963591772834,81,84.4
e7e26341-95ec-4e89-8984-b71beafb2360,46.206804912787646,-110.87157800746647,241,224.4
25acc928-2906-4b95-9a40-d5af690af308,35.49854878234907,-73.82315731975052,496,570.1
417e4472-49b8-4c79-89c5-6673c1986087,39.17432790685663,-105.70111974139532,2,2.0
70f8f121-e683-4785-b5e5-e6204d82dcd7,28.712496319889027,-105.58529380284634,408,440.7
13e95943-5538-4589-8afe-1dfeff9753f2,44.12417084704214,-89.70656116744428,49,51.7
07173b57-9727-4f7e-941b-c1f0710f775b,48.18320278383675,-114.16978842092539,314,265.9
faef02d8-14f1-417b-b999-62e2fb7239a8,30.714973322864935,-108.19157030471939,383,401.8
9835380f-4583-4172-9e73-cb5e02eca8f2,36.37064879001366,-100.41872084295471,347,354.0
4ca53b91-3289-48d4-aff5-3de1cd0f531b,26.152902762659345,-104.1353660747335,445,516.0
0b7c1734-2d99-42df-bf6a-5960879add10,37.97841641157421,-94.03224413767063,564,649.9
13f7d658-1fcb-486e-bec8-e450931f2c4c,36.56958604616702,-89.62123149993099,119,102.4
b274782b-da65-40c0-b229-0071b111298f,27.61091210387694,-91.56662022874029,214,178.2
a8588b6e-87c2-4c81-bee7-0d02ad3d949e,35.05165532795188,-86.40406959247599,99,90.9
bb489824-c721-42c0-adca-1df4c7c1cf3f,32.35261630216408,-106.84277852013861,86,102.7
39c1ccad-79fe-4e3b-adac-a50e7081a15a,37.04577188262974,-117.54085259785334,113,91.4
91863525-9e5a-4b3f-980f-84af721fcff8,38.64135838571998,-80.11235505556645,272,290.8
8c83cb9b-f173-44bb-b8fe-fb998f4cba85,24.212389465180237,-74.80395742478976,139,145.0
066cb695-aa6a-4563-a57c-9d42c4a7ecda,43.02514957373889,-109.8366322988765,336,355.7
80de68d0-38de-4047-9cbf-a901e8023f1d,41.825357296543515,-100.98157458667683,273,242.2
677a6f1f-0ae9-42c0-b93c-f7d2099d1765,33.157159655163056,-95.58441619915024,4,3.6
4c9b4cca-5c97-43fe-b9ac-8365003af6d3,25.323398389220458,-93.53371627757676,199,193.5
f5904bf0-4d38-4506-812d-9ae8245c12a9,42.87331349462626,-86.09007990582853,115,96.4
a5a578ca-c9d3-42eb-809d-3478c1975d67,47.87937901195331,-122.54540923203604,122,101.2
177d34ea-b123-4e0d-bbe9-b499dd978e5c,30.003789900550355,-82.432852118693,341,284.9
43b89b7f-6d46-46d8-ac47-55e8ebbe2f67,32.08811534342595,-121.34371058821479,159,163.6
6cb79768-dd6a-4061-8476-71510680f2f1,28.595322237045373,-97.3709745073008,434,416.2
15da98eb-3038-4eb1-a507-fe2f92c4b242,38.42340308362099,-76.16740300141754,250,229.4
d2420c9c-d75c-4a9b-b7ca-a0e4332b7a54,27.871034866186374,-98.37829651657462,161,149.1
66101b31-af10-41db-9b11-bdadce05ef9f,32.904848586534484,-116.20370482267339,281,248.1
fb202e4a-70ae-42f4-ba56-e158d8d12634,41.42532534835657,-66.88300314464837,8,7.7
13277649-7557-4e82-895b-376d0b86a88c,38.00289957523371,-72.53215773761846,5,4.4
a26cbd26-48a9-413d-ab44-61bb90937eb3,33.66156410819838,-79.49249563972418,17,18.3
a4849788-d374-4a91-9808-5fa5da99f76e,34.50624004518855,-100.7208154289466,115,97.7
95677a4c-351a-4388-b72b-ca9428e15783,38.05277206558074,-114.15310211353143,54,63.7
64f69150-1572-471f-837b-41b36b965169,24.146618197179034,-69.45674029630842,830,693.8
f43a5c43-0fa1-48d0-ab81-baec24b97b58,25.962746711340245,-93.5912835354888,156,183.7
de5f6404-819e-4616-b56a-854ffaafd3b7,46.03145169407529,-74.71102783713837,217,245.9
df61b9b2-26b3-4ae7-8f6c-1b272b9bb471,25.946974727282267,-104.81639466019388,65,69.7
e2c52191-d4b0-47c5-b76e-a2ec50fbd989,41.67008990526263,-105.21798929231123,78,90.9
6b5fa6b3-21d6-4413-9bb4-fd86d6e84f34,47.00095410272631,-66.8531116402317,305,261.0
bcbeb17c-cad3-4cb5-95fd-ac8f79279638,30.76709010754328,-94.21185013880387,240,208.9
05ca2b9f-c5bd-4279-b485-17de44828d93,33.262285926487856,-116.69896999221596,128,115.3
0c784595-d794-4493-9bcd-e3c5139bc2ec,38.22303514611791,-112.03919399831226,146,131.1
1688e7fb-e4af-47bd-87d4-13b49aa47a71,46.04272424096462,-96.56528751582948,179,165.5
db3c2df2-75fe-4413-a1e7-e58c3f2d4842,47.5476396815105,-122.49421628118372,293,301.9
86c30e0a-3748-4011-bddc-d62bb6d2cfa8,42.489081202781705,-97.71049486268026,19,15.4
3f5369e3-85a4-445e-b737-20650cf05614,26.16549402136735,-100.28249031727248,300,285.9
948b6373-15f5-4ae0-af15-8512da227de9,40.72885388837127,-79.01916034615027,166,149.2
e4b32d6b-25fa-4520-8851-ccb1f193719b,34.25759304681655,-104.05842409513474,221,230.4
674231b5-db15-4c7d-9cc5-aed5cb90cf6b,35.76752498727654,-67.02962306916365,79,94.3
65497e4d-2532-473c-a5c4-650d1b9b7b06,25.228709758629424,-114.33457476124671,105,105.7
65581d97-55c0-478e-a008-e1ae39ecb593,28.776553483658954,-90.13178558688004,53,51.4
3b9fc40c-8b78-4d5a-9c04-5f6732d42361,43.762840188341194,-119.70774147651298,776,735.1
59d99b73-e0ee-4175-85ef-e97c357d6184,35.34897082619649,-81.70202494435506,137,152.6
50106ae8-304a-4263-98e5-e9a02d4d0bb4,31.541556040778723,-66.30953240434368,1108,918.3
6cefc350-4f0f-4683-af2e-eb3aeed36b54,33.60047684912395,-76.67082037265371,135,159.8
a2038154-15bf-4b95-af28-1a46db646502,45.359987833142,-92.21349109750223,50,48.4
722e20fa-b752-447b-bf2a-273919afc99a,42.72497543512392,-96.40025991341817,142,131.4
fd4267c8-00cb-493f-bc02-cc1843795143,30.80788492952707,-75.73323228525604,8,9.5
2b8ce7d1-c2fc-4e6a-ac9e-c015e338a9d9,26.937546005309333,-69.77752900206727,470,551.9
d5b6b5dd-4fc9-4956-a497-9b6852c69eda,30.29995554110179,-66.63681497791251,341,360.4
9e194c30-8a2d-4966-bc7b-912725199c2b,47.01891127636834,-101.60418557369543,259,209.1
ed38f794-0f08-4a3d-98bc-86aa59a2c2aa,38.53972094624388,-66.53586898712378,188,206.7
df33fbb1-3c98-4410-98db-5e3851199b57,37.337005218619574,-115.80035112174394,173,161.6
8665b15c-eaaa-4c5a-9bcc-625e6ef411f0,38.90983999231154,-110.04056322001736,1144,1092.9
68fa0ab4-7e6d-4ace-bd79-ac9bf272c839,33.15070664366288,-119.74804864070012,65,56.1
2898d2b7-7bd8-437a-9719-2f571f860e14,44.177675507987814,-108.96742752741558,303,305.8
a4aa3e15-9117-4ef7-bfe2-65ab4e3061f2,37.08215623250624,-79.69168445453735,174,191.0
17ddcd01-6a1b-4ffd-82c8-c0eff6f9c8aa,26.918697569219887,-74.67746286747146,745,677.4
52060765-e645-42ba-a74a-eba02e5a690e,27.226628120726573,-79.04533393894826,352,413.8
296e5b75-f4d0-48b1-a574-36388ac916d1,37.42147866256546,-87.76711908810591,1304,1144.8
ad0549bb-ead0-4b38-be9e-8e73d05d0276,47.414255451770984,-94.67597576116391,178,147.1
b81e13e1-a110-490b-8d65-a61c153adc99,31.708803041904968,-83.18644693639486,46,48.7
32046e49-db65-4add-96b9-9849fa4a94ce,45.73852922148046,-101.94082059323391,140,159.6
074864fa-d7b0-43ba-b6fe-886fb2650ad0,43.102389664471985,-75.36280726151759,248,293.0
fc5993ba-abba-4b74-a3b1-ffe68527ac9e,30.195311072672673,-85.04578445536967,298,329.8
592b99d5-4dbb-4346-8b4c-e85f4b157cbf,24.90851870790606,-83.8295227888299,0,0.0
966d9ae5-f3a0-41b8-af00-4b031ae3e8ec,26.54618162855957,-93.3797764053848,141,167.9
464610a6-2134-43c8-9054-fe1b3cdf7e32,42.212348346186005,-72.77148993154083,54,63.1
06bd9c15-5d46-4620-9515-50d52caa8d40,28.991743451016166,-110.1311307129359,416,360.0
cfe097c7-c5a1-4d9b-9cc4-595777766a46,33.281773012634844,-102.51228845169801,33,33.8
d94e62ea-33bb-4444-bec2-4eebf40dc7c6,36.54247915016062,-79.11908838901635,220,224.9
7fa1f39d-766c-42d4-ab4c-4f5180644a50,42.13670421125407,-95.92781512836908,62,60.6
345e3b5e-f919-491f-99af-4b1d8dc60eb8,26.830780581478134,-72.53637320797274,88,105.0
ea442ff1-5241-4f72-b4c3-33c62cf8b30a,34.15916013193654,-104.56244013399171,565,465.5
71dab919-1f38-435f-b937-7f91f1b88260,36.12682272856738,-103.20952003964096,55,57.8
5f7b945b-52db-4266-9f23-b4f8ce96d3b1,37.52067659928849,-72.5645884261891,20,17.6
828248e1-082b-4114-a03e-4bd0e1fbdb83,44.45901603488042,-97.60215110925958,14,14.2
8f49c22e-a46c-4bea-8625-9d1c0a01ddcd,28.291954876080425,-94.54864953205328,140,155.7
9229278a-c9d6-4e77-8b20-f952e9b8d494,44.195786295665556,-105.36694079519492,205,184.2
1ab0ddd4-41b2-490a-a10e-97d8265ad5dd,41.321960692416305,-108.67647341143416,79,75.6
82869675-d71d-443e-b69f-2484ee008d93,37.89677035497398,-86.29902606053487,234,276.2
bb70115e-20fa-4193-b003-31bc944e4c94,41.4881967600643,-117.92940096906896,13,14.4
8c8d194b-bae8-445c-9b4d-ee51bdb40f29,34.30044347379141,-73.12291417020836,389,400.3
1187b350-5683-425a-a5f1-49cdd1e518c2,27.459939649203115,-79.02701493085863,339,301.3
2fbfd7c0-b4ef-47f1-945a-e9d7a1168340,40.64413100663418,-113.74585244135764,847,821.7
9a8399e6-668e-45f0-afec-153b2135c54f,37.116807667140556,-84.05282319635064,551,611.4
ec5e23da-c32e-40f8-bca1-075d23c8f7fa,39.98437001356939,-89.44465764414755,88,99.3
ffca6f07-da14-4330-b9e3-29a708b27dbf,32.44996952571225,-114.112432006538,102,91.6
246f4c18-7f8b-4f76-a1a2-27152c0983ad,46.6716644334959,-108.88099314303628,274,291.8
4c59214e-83f0-4f80-a140-7fc38b6585fb,38.684246714389424,-100.86979627970376,29,24.3
a90be726-4b29-4f3b-a877-0396090a8a78,26.135062107271846,-83.74467862051705,75,60.7
598334b2-b175-40b1-b9c7-e6270800074d,35.24509976761072,-87.31531887979665,25,25.5
5eda580a-22c4-4b7e-9253-8d2fa3a3be6f,42.90890136859086,-93.59814398707482,121,107.7
f9893d94-49fb-4bdb-92ea-6a4e19b61d5b,43.85336404330681,-79.66377795627199,161,133.9
8b3a6449-35bb-4336-853a-bc58fa5d18cb,36.36492631909397,-80.28167336323621,47,51.3
33c57fba-9b29-4e77-bd1a-f54d3723a042,46.368689270782525,-88.5463099103269,5,5.0
8e3a7090-95f9-4b58-af95-8f9fd8827a7a,30.69171092985744,-78.56758508029532,254,284.1
0a2b1927-f170-4256-8394-7817f46b053a,34.264967430956666,-105.27846088802666,4,4.3
c1d033a4-a857-432c-8867-729a19c4dff8,46.464922764224255,-73.00627782896626,725,791.6
75e9418f-21f6-469a-8805-df2c8ebadc00,46.406417911789475,-88.7203049376855,50,46.1
5c3f6df5-5cb0-498b-ae28-f4deab5b2a3a,41.14281922061702,-76.4805526850666,218,197.4
5925d58e-ac0f-4b3f-84b8-e03762d31fd9,45.4745136780555,-92.76953281737325,114,118.6
6a02d798-8924-4a0c-a92a-10fb149c3771,26.219331673905817,-112.11214354566786,12,10.6
681b2e37-1360-4e5e-ae1a-b8508ed384a8,45.624874405194404,-92.99780240797979,128,144.1
94e662b3-534f-4f0a-b797-fd49bf50ac9f,32.01549766375567,-103.1044118371813,145,146.3
ab707570-e880-4973-a5fc-07c3bd693c95,28.458287810705407,-83.84755687381141,386,343.8
b7310680-5574-4503-967a-326ccc944f21,29.98424590855116,-96.92816628765058,264,277.2
16c4390a-47ee-415a-ae48-9f91207ef0c1,34.449212700347175,-75.66934450926642,17,20.0
0066247e-7810-47a4-aaaf-2d89daca1fcf,30.27980011511168,-84.99372177300691,47,39.1
bf0e8abc-cac9-4580-a0da-338114040739,32.014189650412476,-84.61187845115188,75,63.3
dade0ad2-e4a5-4620-a43d-07558aa99fa4,27.37446215179105,-112.18783532402716,25,28.4
0d445f65-f3f1-419e-bc01-f837db0aae63,31.404419138974962,-66.92926377701386,122,102.9
170bc440-f15c-4e13-925d-e3e361a8064c,38.30709536355003,-75.34116265298216,831,677.9
0c9c0699-6ecc-4cb3-a070-f879c359d863,35.0463427022766,-78.44871181091901,145,136.2
e30ff5f9-332a-48f1-ae28-53192add59b8,32.66796903089778,-105.51730171555838,271,267.4
19b95f95-a3ef-413d-9a70-6af42e667194,42.66130322142785,-93.39773248201331,230,236.4
48d13a57-0acd-4b22-844d-eb7cb768433d,46.33774928483295,-116.9109119036146,379,380.1
881e850b-ad37-40e4-99cd-ab73f0f83780,42.91973057255993,-93.22991737690035,49,57.1
f24a62b3-4bb7-416d-9fa0-87b1cc5343c2,32.30001755294198,-116.39253445748605,280,310.1
3d47c934-f8f2-4fe1-ac0b-c76a54515ded,42.61105419593884,-92.37076720461353,426,508.4
23bfa2ac-5fcd-4f29-9d49-20a5e79c0689,27.79950456185128,-86.72540907086056,38,37.6
3d8103ab-fb1c-4e83-858e-1d002a48106d,27.25794970228227,-101.97843793225576,85,70.9
000f9a25-8aac-4e90-875f-6e736d73d32a,32.64067592590398,-95.5858521784537,702,829.9
798651b3-b6ab-46fd-98bf-9b97ba077704,44.19255922610142,-73.33645012719944,304,243.7
937d6ef8-12ba-427e-92bb-1c1237467608,30.158706181057546,-118.59477446253425,66,73.3
edc4bdc2-80eb-472d-9839-4d391116da6c,25.58133522246699,-78.28775931302047,166,134.9
3f4d036d-968d-4ca5-b6ea-b9c3bd3d7454,27.292738380158877,-114.92548149122442,104,114.9
f3fee301-3feb-4131-980a-f3bc3e5a72db,45.46862421323951,-122.83422901452693,135,158.6
015727d9-2156-410f-84f5-ee8a8e478258,39.84458211868219,-114.05109843804217,88,84.1
f014fb21-a7eb-46df-a81a-08a0e8ad3349,30.330029084249418,-79.86245179174111,66,59.2
de654c1d-b698-489a-a80c-e1af9a2f9897,37.88239563320453,-101.09756167312526,225,200.4
b9f56781-1b2e-4d56-99ec-279da93af64a,37.18949056063376,-73.52128950607526,302,301.0
3793e7ce-b916-4e7b-9f8a-bf3fda5b85d2,40.385899461016535,-94.04225507024631,414,359.5
e68106fe-45b3-4881-a2f9-eebfe1cfd372,29.829688860540408,-123.68722923634647,34,36.4
6bf8fc80-c5bb-4217-bf20-71f494f27625,45.61007467985994,-82.71389703348632,346,327.8
66b4e2d2-1275-4e72-adcc-0996e4e62b61,31.734214052000322,-118.49625838544728,59,54.8
578fa6d9-2460-45fc-b129-f6e664207c0c,41.35329134940592,-78.42660162574646,111,109.3
977b1861-2d5b-4e21-ab77-19904a5e7b6e,24.403116159305373,-115.08194956149438,463,470.9
4924704a-2b90-4b62-aca5-10635ab567a5,33.316428247353684,-104.6186632374747,121,103.7
f1495512-db01-4f40-b7fd-ec4835e03be1,32.79274544897021,-80.08498565210374,44,47.7
78de6e16-a834-4def-822c-c8d969474629,37.58711071457536,-68.70034990889113,35,40.4
4640fa22-10cd-4121-ac82-673f7dfc8686,25.818406544429912,-103.08539691184279,128,116.6
851603eb-5299-4cf0-b655-4bcdb7ca523b,43.75328434315271,-76.06538700826279,288,251.2
137509e4-0412-4917-8022-7e3d9e0a6517,29.44452004418921,-113.74325633692551,5984,6607.5
a12e7199-0ea0-4bd8-b17a-c3da2bc6388a,40.92594537205025,-77.37639355805302,310,270.8
0e0005ec-b149-4ade-9596-8f85acb47324,44.08030308110233,-86.20785050388119,419,342.1
38bc5081-6546-4982-be8f-3dc3a78cff57,38.046923906037826,-113.62813307447027,276,289.2
63fc2554-f637-419b-97a3-2fac08883a09,42.52208016804964,-107.15226633926672,452,404.9
8c72db5d-2e75-45f4-8ad3-1efb5f9d7bcd,40.54650780537514,-117.22551757277488,16,13.9
c1246eed-6694-467c-b9ee-ac480728d2fd,32.88824492880019,-102.40494634720551,532,634.5
3c41babb-be72-4e8a-a77a-3700ceca4112,44.22146347583913,-112.98473017372663,101,92.6
14941a9a-bf70-4a28-8ab3-db9adde6b48d,31.3675342471382,-87.00412073580206,509,591.1
1f7d8af1-7c79-4a93-be3e-a0c5fe234cc1,38.28032294378793,-66.32419885098705,16,13.9
ed983870-a015-44a1-a66b-ecdd210e355e,42.63494347853849,-124.29145937802842,251,283.0
c2866172-2908-4fc9-8873-fafef60c6b2d,33.47389774531269,-93.08573101604938,266,266.2
88cda911-6958-41ce-b1b1-0683e5e72aa1,31.569190190435627,-91.15367074460843,1156,961.1
98e8d918-0570-4e88-a244-fb769f861d32,35.483650254320565,-71.0616814088321,293,320.4
3e79a5c5-380a-4549-b6b5-30367e44f442,44.44908735872884,-95.14568524875068,96,111.1
c320bf77-6a8e-4b53-86c3-2cb5dd44d17c,47.24804407864162,-92.92161624094987,163,141.0
d5551795-f26c-459c-9604-d952a9c9c7b0,37.627085321497255,-97.17248472162507,91,99.2
100443e1-f454-4d23-9ade-13e4336b32dd,40.5366551330913,-109.1346460308726,44,43.0
4729335f-0e48-48b9-9bf2-f992600608b0,46.58184055597285,-121.6942811383141,57,62.8
d74f2ab9-78c3-47c6-998a-f3b2693d115d,26.46367128532356,-100.88919674961967,50,54.3
b16ca021-68c2-4fb9-99ef-e871dbb30ba6,29.801964446654125,-121.89710319679996,159,128.9
50cf062e-8fcf-4046-a44c-2537bb765591,41.72250015628956,-92.52094430151085,473,412.2
c02175fc-da9b-452a-b2e2-ae204556fd2f,44.59361154780749,-106.8696750487047,488,482.3
8f4883cd-5b50-4ae9-a227-e0ca7390a5a6,45.42572570826445,-93.51745830999977,11,12.9
f2157c20-6f54-47ed-a8f7-4f4f34ae22ba,34.377679421373315,-117.07647910068398,17,15.9
795c0437-6940-4d03-ba7f-b99f6218597f,26.233497557296673,-69.97483202137778,56,58.9
d37f0e03-b83e-4b7f-947f-a5d157ba6d0c,34.9445369324905,-72.22324663055383,59,47.5
8b8f92d1-acba-4a6e-b08b-c230c696032e,29.768364755176343,-113.79020595706521,101,109.5
20a3d541-d424-48c1-bde1-a9320398061b,31.279911374915606,-104.73678728565342,98,102.0
5427a6ec-e035-49dc-a248-4311e892deb4,43.306688920937646,-88.80392646073321,177,192.2
1362a889-d9f7-4fba-a1d3-dad69f23df64,25.888177150647174,-119.35451376895153,173,201.0
0cce769e-b8dd-4781-bf73-17383231ce65,44.68953043701755,-104.0804985541471,157,134.8
fa9f3b25-c27f-416b-a1e2-c8fb8f99c2a0,34.691727145604226,-110.18437507767864,83,75.1
6a92663e-8f32-4ef9-82e8-8c2b7c6db103,38.90159827751488,-70.98451300571489,245,293.6
3a87b3de-19fd-4ea5-9c65-c10e118d7158,26.241305780891974,-74.70187245893689,350,301.9
e9722b22-aca6-4052-9417-adcf6ac21128,32.43397695893199,-90.78986826525504,85,92.5
f4667ea6-9b32-4b55-96e3-0884f42708a8,26.242522975371145,-94.29956612457713,18,19.6
41140ef1-ea45-441c-b7c0-dceb209228a8,48.03859307202774,-70.08717812182157,70,75.1
3563ffc7-6ad2-48f4-b15c-516a38faab9e,44.18154123315626,-69.9867608042499,30,26.7
e62827a5-8316-401a-8f8e-208336a07d0a,35.49081885891151,-67.80952260425204,126,111.6
b476452a-ba1c-4e19-ab1c-05bd192e1cd9,29.590063708091776,-117.60264583761693,34,36.3
26f09151-7a81-488b-acdf-d40de25e3431,47.33637763124631,-115.52708916497295,124,108.4
af70c4ee-b91a-4346-b7e0-8ffea597fc77,32.614914893174294,-85.07253477788669,50,53.2
a4715d1a-8d92-4489-9b08-ed0711bc8b38,28.02461079218437,-93.05536588001915,268,267.2
54854e5a-3e10-4fa2-a333-1a7d45272cb3,38.07910971134887,-123.91051161129907,6,5.7
d307ddf3-f440-4698-ba12-627a0760cbef,47.5943530086204,-121.34347287661836,162,149.1
c2bcb1ad-e639-4c02-95b0-bc3f75901bd2,24.095757262508066,-72.6032574467305,37,43.6
e76921bd-b043-4a6f-a437-b35a33dc7940,29.95312108134997,-73.73662306317621,0,0.0
4772d301-7619-4649-a50a-1391837886e0,47.461191010260194,-103.92101560223334,407,417.0
7b078fcc-078b-4b18-86ff-3875d8c69aa8,28.277149171429052,-72.42801360109846,223,263.1
5bf10365-cc4f-40bf-a871-a1f3dc6c2714,26.831086290995497,-89.9731706105238,21,22.3
f31216d7-6901-49c9-9150-2a5b91c6164f,38.25468039499511,-77.45156682588478,218,257.9
6b51f391-c720-4600-b689-5462606870f4,45.54609558237075,-99.78156680154736,189,159.2
98983e3d-b1cb-4607-9d8b-01463ffe9fbd,35.927745442348154,-118.30949868665039,128,145.7
87286204-baf1-49c3-ad3d-ca378020ea1a,48.86410641711312,-99.41010330388504,109,101.8
b9f273b3-8d8c-4cfe-858c-b4cb583fc5ad,40.97929248844982,-98.01931191818302,436,490.1
43b5b634-1be0-4c5a-8a9c-ccc220403b99,25.851872680261195,-92.49429256340443,56,64.0
421e6d07-dc63-4c88-9913-54451f9f8a47,48.82080329204938,-118.77061993863875,245,222.6
ae7a6a20-b1bd-489a-a9ab-16533e04a6cd,34.19735591950476,-66.50729008007292,80,77.1
506a8019-4e59-4058-b20b-367ac4c71cb7,31.185063346137063,-110.59592757239253,295,321.7
14b578df-ea10-4e25-833f-d7fd69c56006,37.94697958944714,-113.28540819131152,496,416.5
a46124da-6e2c-4950-85b8-33e062cabc81,31.60768979552161,-93.91862778749974,379,417.7
77689153-b4b2-43ac-bc82-786b3f4d50bc,26.161437678003807,-93.30471741570157,320,270.1
6d2e8a88-4739-420f-ad4f-eb287de6a444,24.035708576979417,-99.0505764678386,865,1008.4
ad5e8f42-282f-4246-9214-4a7109da8c8c,35.239583823006555,-79.45836336680998,239,217.6
ab23fcc6-3a0d-4562-b204-8292faf1a87f,44.921585555664805,-94.51739035701245,278,286.4
d22651f9-b904-4ced-ab0d-674cb3cd0872,38.30787964075191,-89.02796814644594,813,688.5
914dd81b-4830-4587-9f11-21abe6a72670,48.98018247358602,-82.29896326094065,1,0.9
785bb8e5-049e-498c-bd40-4b38ffa96a85,31.17116614118,-123.52351900773186,201,193.3
20d538de-02f6-4960-a3c8-d3157001e231,31.011376619001382,-91.33199322984237,269,267.6
4a034c69-02a7-480f-81bf-72e914000bcb,27.993736505848606,-72.83252619752622,500,400.0
6a62a519-7166-46a6-92bb-fc85122857dd,28.10158970663338,-123.9740641673994,431,498.0
ea0584d4-a6a4-43e2-a63f-a2fdce38b8f6,31.129664900251196,-101.0942558757433,369,296.3
a8c2225c-7630-4ad2-b74e-a51ab4b8cb87,43.82100113183818,-70.35258043785603,583,646.8
410f2219-ad57-4508-98fe-15b918726dc9,46.64391976591119,-104.16389026533027,154,152.2
2296d30d-e831-44cf-848d-236f97d5a290,48.37717924269204,-97.93499937218579,1,1.0
e95a799b-5bf0-45dc-8fad-9825b077b43d,29.807241352411317,-67.08905781038555,2,1.8
f13e21b7-09ae-497d-8e68-4482e86e726e,46.0324386403523,-113.23989232191614,157,163.7
3cd0fca6-0278-4ccd-b198-f37222029ae1,32.20637723193343,-121.14994384162465,114,115.7
6729b4be-2bb9-42c8-8d3c-870b0fd18183,26.82101361292211,-74.29406713918304,120,103.9
c11adf58-a921-4e26-b314-b57cfbb4fc33,45.750623138004144,-73.76054486847025,102,91.3
ae219902-3532-4102-a392-64e9bf1f2524,39.902640866090465,-97.14740775387922,500,413.4
437de3c7-417d-4dc1-b3d0-877fda635291,28.11827240202654,-94.66177670584011,89,73.6
de69121a-f056-4e15-8bab-6d31ba3ce2f6,34.745781437825066,-75.68742419254767,388,312.5
7d8a8f3d-623f-4ab3-bd45-78d447eaa8ce,31.181442371926693,-81.42498961116809,466,413.9
da981b07-a2c4-423e-9593-5ec875193875,42.41986421775492,-109.35620886919637,138,147.9
212c2e0d-8750-44ec-aa96-921d2d43c928,35.3354057656067,-124.00329205078042,118,109.3
8e56548f-2956-4576-9538-bcf1bd5f50e2,48.73199862765962,-96.6976904105208,286,268.0
cf3f0a1e-9f3f-4231-927b-3d9887d7e06b,25.368624556489877,-74.32417276035716,246,209.8
2fecbea2-28cc-410f-9689-17f28b35fbed,32.875381653406166,-72.14575407528044,80,82.4
582503c5-306c-482e-9f92-e7fb544dc309,36.04750417774943,-68.58265437250692,22,20.6
69c99bcd-e4fb-44f5-b3a1-c71d7e5dda77,36.578338868707995,-73.10576898084591,62,66.4
d25416f2-b885-4b96-b7ed-e9db1d35aa3c,31.898395559640917,-90.7774302374122,28,30.7
99d44502-27b2-429b-aec7-e57c9cc21cfc,42.231006227439195,-98.76826964507005,70,72.4
eabc2957-3049-4541-b7d4-f6322d5bb63b,45.86867683722437,-79.28385905448815,61,55.5
5bdf788d-efee-47c8-9e16-649975ecfaf3,47.467982549446575,-81.35052357242981,203,203.7
6bd42e38-fbb4-4f8a-8652-c680e0c1a4d3,44.12733441998816,-93.2495376251942,618,556.7
cab6ab72-e44b-4cb2-be66-b12fd56abf47,45.264504932664984,-119.84768501905032,232,269.4
c356dd0c-7100-43d0-90e6-037430ead356,37.763632515499886,-70.3612005395718,523,578.7
bdaa4fc2-aa49-4113-b4e6-17decab0ba41,44.647205660670366,-98.11945028740193,307,306.1
56b2cb23-aa0a-4b73-89be-928221b1558d,31.587597728698807,-103.56330686694041,260,308.4
d5e7a882-f00d-4271-88c0-2bce7d4dcb48,33.96196905273036,-87.85552368504247,107,109.0
419a30cc-7fa8-4839-9e54-d645cbe3bc6f,31.922825345463608,-85.24356029114836,79,73.6
fb2147e3-87a0-45b1-8e5f-19294011da0e,35.68468338619814,-112.56941289521221,375,314.3
d04ecfa4-d612-4780-9ffe-781ac5475616,31.13949040596591,-75.62060815621258,472,480.3
659c9805-52bf-4d29-bf8c-69aa0363cb12,48.04028605636117,-107.89371147391971,120,137.3
e0192a84-01d1-4cf1-b8b3-ce3be5efeb4d,31.821115700141704,-113.98564837105532,2,2.3
ba6d8c6e-770c-45c8-874d-c18e1fb1ef51,26.451113452773495,-101.02240868158465,315,328.2
99f3f1e2-5a24-4d79-9c7e-7f29b70c6476,37.170429151260336,-81.89695522704955,67,64.1
5b78cbf9-24bb-4af9-a467-80e19f97a3aa,25.427476961129408,-68.0379674720516,2,2.1
8e3ea30f-f44e-4cf3-87a0-60682689089b,26.763579157714513,-77.25240540208544,327,361.3
4a74768c-5a74-4ddc-86c1-449babed0b3b,29.484734729906158,-69.5194457174587,146,140.8
6c0fc391-3771-420e-ae8c-ebd5c864297c,35.60875624705354,-116.70425755948492,231,228.8
b022d395-4628-4b56-81f1-78c4529918aa,34.831273307725695,-120.80056886704307,492,527.5
f65f4547-c6be-43bc-a6ea-3d239ebe7ea2,43.99229655006978,-92.0954190475064,156,179.5
b822631a-887f-4ccb-8a50-227bd5f3ca64,42.48686634710283,-107.87244850040197,140,156.3
2402ece2-0162-431e-8798-3ed96978538f,34.65795734976753,-76.14475659481289,69,55.8
08b1b56f-5a34-4dce-b366-67541ccdb6e5,32.342605189390746,-85.35271558726276,73,62.0
cff4677b-8d2b-40bb-a662-0e8eb4383427,31.911719601537463,-67.72703832483813,318,362.9
6d7676dc-cc68-4d6a-a182-9bdd1fa4876f,43.34987718235023,-109.96725101185305,119,134.9
c9d16bae-e2f7-4480-ad25-acb24b118ff0,25.301810155531744,-96.33873725304129,36,34.4
d3d41eed-4363-4800-98a4-3c071c15174c,24.320541237765145,-95.42681183190416,20,20.7
5f9265ce-8135-40a6-a3b8-62386863af34,43.8886097981662,-110.88856910341481,128,148.8
bcdc7e15-f3c9-4255-a296-cd83cd6a661a,35.92865939972623,-90.18448943020755,125,145.6
6f22cbf5-c393-45df-8b9c-ea0bc6838519,27.272028463839398,-98.84612682132487,212,236.0
267638c7-e474-47f9-b471-ab776dbac190,29.889148364862532,-98.64342819659745,127,112.2
7e780ad7-6589-48f8-acad-3249c9cc942a,47.31259882743456,-103.59853776962346,31,33.9
e709443d-443c-4940-96df-eaa24eda1cf8,45.48757439062245,-124.00116820689342,142,119.3
5f04cc72-74ff-4414-bd96-7009b7224c86,41.744626255599314,-94.19638102202745,475,549.8
c94370af-4edb-4cb4-9e75-527762c5c90a,36.05563075843317,-105.22037769368046,35,30.1
90a1ef8c-acf0-43e9-86c7-3222463c7c30,37.008090654784645,-124.92212772992455,234,249.2
f8fba17d-df9f-44f6-afb7-e2b0597d6a4d,48.38111338209897,-106.83132124794601,180,187.9
556ce912-ba54-4a62-a729-228006bd33dd,48.144261097107176,-108.56092834770433,276,306.6
cf5611c4-7d59-4c01-9e6d-cde5c1a29568,29.381726144645857,-101.78655895980549,33,33.7
e1496fbd-3b57-4d6b-9a92-376e44619132,44.277614157632954,-117.22073261103958,568,467.9
06e6dbd7-dd8a-40d3-8660-7854f01ca636,28.93106665417542,-95.04665434653002,194,210.0
6fcde1ca-274d-4be4-a6e7-e871da941806,29.338436947098785,-84.14601920143033,376,358.4
5e925792-712e-456c-a301-0ca5ab13971d,40.90232585411442,-87.81905142578023,57,52.9
a147aefc-d379-4e5f-92ee-f3d4d4e74ab5,34.12502746468871,-77.57845809341775,269,321.9
16f34828-07c0-4099-bea3-4b9c3b5c5502,47.288610177663,-98.33151100876222,304,315.0
55d0abb3-d670-4220-81ce-65a20029f7f7,26.22524337240022,-94.37358790995603,101,109.5
d5a5083c-3cc4-4128-a2e4-2fe4d41c686a,36.788141020237326,-77.18628548931999,97,98.0
ce66d59d-24d0-4a8b-934b-1278804e2a90,46.963038261078026,-99.76563092166492,214,237.1
41ae0246-97c5-414f-821e-388fafd7c661,46.60284151198763,-83.60563835592379,20,22.0
f2351f40-e6f7-49be-a73b-8bef0d116647,27.91323033539353,-99.35846024563848,266,282.7
0c1ed756-b609-4a3e-bfed-705a5ab68ed3,33.16594250241141,-100.35356452381781,9,10.8
34572c0b-fc04-4004-96b1-4b31065804fe,39.478035001167406,-80.14786815277955,42,41.3
73928046-7fdf-42da-bddb-87b9d5a58311,27.984872119285054,-114.68462198749354,218,236.0
861c7f17-c170-41b1-97ad-6805d1097d67,48.20055430114347,-105.02342765544716,21,23.5
67ca4067-f5af-478e-a028-49609b494ce2,46.86873321819151,-111.7738356719328,714,678.6
49296088-a169-4417-a2dc-62eadcc98550,28.173754475861728,-103.81251336491177,406,399.0
16e1e0c2-f2c7-47b7-b1f8-0a2d6b705d04,27.028886531524634,-111.40788548040459,197,234.0
ec81c64e-ae71-46a5-9f9e-fb3bacdd052c,26.135212070206634,-90.81506776588738,342,278.0
a0523505-d9e9-4675-a8be-d3cfec461b19,46.73609160091578,-77.90792264554713,437,408.2
17470659-514c-48ed-ab1d-36c5a09fb960,28.84059524488652,-78.58982938814378,60,59.7
190edf26-54b7-4be1-82f0-5cac5f19b9b0,34.40712321360887,-103.49444309162125,379,303.4
403ec3fc-5f08-4fa8-a255-82777796cdeb,35.221284141300075,-66.66313605223856,43,49.9
494ecb7d-5ded-4321-9156-3cf040a7527c,38.97527610533919,-89.96259248235776,107,97.9
6096cf2c-9da2-469b-977c-51de3e477728,25.793383593685625,-101.4353821950806,163,147.2
26dae1ae-dd8e-4911-9e39-34aada1bb5f5,29.6689654350129,-75.7031825247559,250,282.0
be29d5ce-4172-40e9-a1a1-8cc399f0087d,47.28725967297315,-81.9374332540842,6,5.5
272ab88b-7202-4a99-9701-d1e0c10cceab,46.71025268171424,-80.79275512737783,69,73.4
7261f060-ccde-49b4-b300-d81c3f603cf4,43.532266185142305,-113.42777836570157,188,212.2
8a7c8929-7f3a-41a7-a6cd-1f3aa7695050,24.485031140455387,-97.36886586525524,88,98.3
5c8557aa-efc3-4253-95c4-5a594666c646,32.17516921240255,-74.15214028134844,298,331.6
bbe953cb-87dd-4fee-8e9a-ae8a5d799685,39.69896838357269,-95.26175754990332,211,176.3
61461078-69a3-452d-ad63-3903cb621c6c,30.879755294336892,-84.67628813815803,53,44.1
fa24e9c4-557b-454e-9213-aab88a952e71,46.73966737634443,-90.3119097509784,32,29.5
ce9a9632-871a-49fc-9977-b9bf4a33fc6b,39.84723654581104,-75.30094952461545,198,161.2
cb1b0e9e-c4d5-498f-b944-2f8db14e964b,25.79766793291114,-108.21091045406544,120,120.0
7d9ed6d7-b021-4859-b98f-dcdc8c0be6b2,46.72513972089257,-91.04695860470447,37,35.4
64587bb9-aff6-4f9d-b22c-8ba00e9e6755,47.94416645440556,-117.72915458742156,79,80.8
8957a9cd-c1d7-475c-babe-75e1101d8412,25.942810459793137,-84.2775641747314,161,148.0
9c44a14d-55d7-4943-86da-ee658e29d23a,37.309005871532875,-81.81389753718999,23,22.9
4b527853-eaac-4831-9c9d-aa1411f5cecf,31.58410705535426,-122.4725980498491,158,147.6
39547c39-081c-4f9e-b420-d1ec47872aeb,33.82097691203506,-85.12833314594889,288,252.9
de2edcaf-1bac-4bdf-b5d8-01ff83983f1b,28.491280448883547,-100.5332809042186,171,181.2
b3615d72-b2be-47cf-b7e5-f3f0c4358e3e,38.45180255031031,-117.67828430952875,350,374.3
b2f05eb7-c90c-473b-a26f-4f42964e23b3,47.94948383122227,-100.22545468579041,92,104.1
dbd4214e-1fb6-4152-8a02-76536240be5a,36.57681500679023,-113.54025714796067,114,131.1
620385da-7d54-4869-9fcb-aeab38739d86,26.072864534862028,-100.48198760472432,188,203.4
88981f98-96f7-4ce8-842c-c21d85854fc6,39.50003333693521,-102.32399735044686,225,241.9
70219a1b-59c7-4bc7-8055-56486a5eb2f5,32.505574861281424,-81.43489342077261,238,195.8
91b4a86e-c34d-4ddd-877d-62d7b414cb82,45.39812973978245,-79.32128206818483,261,220.3
6260441e-83e0-461d-a7e9-dd8ceb6f1211,34.866953707911755,-89.18530939131175,211,237.4
1d776fac-0a36-4c06-a90b-f95849e7cc89,28.82099022355614,-123.66147631123559,20,17.9
7ae8ffc4-0b6b-4edf-b037-58a1a97f72c1,28.777640567278624,-70.06968553481136,238,224.2
d7e527d4-49c4-4bc3-9226-939733ec2e55,43.21910451802901,-84.51223647430959,258,221.4
aed81a6e-7cec-4438-988b-0c9185287daf,30.639689957684,-122.98246845464986,1007,884.2
2393f363-5bb9-48d4-bf9f-fe2a2ec65dcb,43.18083485398057,-76.68885894636705,236,262.0
0d302b85-32a3-4264-9cc0-3155e94d8af2,29.147182769164985,-113.18429687163822,232,209.9
f519876f-d2e7-4121-abe2-1f89b90f6e3a,32.042159217532735,-90.8259498153047,145,142.0
651afd27-2466-4254-8fa2-644d309e187c,35.637174310992485,-97.46857217293896,405,348.6
e5f9afb5-7c4d-4b63-9277-d62fdf6140ec,47.57989624233627,-100.22951184105048,1151,1232.9
a88304ba-ba41-4db1-a65f-251e06ff0ced,47.293285618845616,-72.50689051266055,302,329.6
92d24386-faaf-4940-8dc6-e31172f83232,29.171796885557196,-99.19568379780573,190,179.5
49450a39-9925-4d9f-857b-6cf8d6f7f44c,32.95547603107682,-120.55469706318411,16,17.8
1e97e427-9fca-4fb1-87fc-f85cda738881,27.734984711344307,-69.14831509431781,1080,967.6
080d6703-963c-45b3-ad62-a3a95639f2e5,36.74962698283743,-70.68842135686197,247,266.0
dbcac4ed-e279-4228-a12c-e9fec520cea5,35.51456376736667,-84.61847131468568,299,326.5
3a7186a8-66a9-4f94-bb7a-6c1a11846dcb,46.51900406126831,-97.39434084021053,27,32.1
e4504e66-0110-4db4-8f04-76a4bd29fa46,47.25013444477682,-119.52129109633225,212,189.3
a90a7c11-5eea-4cde-9250-48975e9d8e0e,33.589184775182304,-78.3458610039289,70,58.6
c480c419-ebb9-4153-9ebf-abcf77b3c857,36.293448575474734,-120.5468030489823,286,258.9
218a9660-a956-43fc-91d1-7c3cf4cc77fd,46.40590622865333,-120.9525418911864,55,46.7
ad99810c-a9fc-4155-820b-14174f35cd04,44.167695193626535,-93.29435329607728,230,199.6
8bacd1d9-df4f-4c65-b8b8-60d99632b6bc,24.091407783616233,-115.55243382910622,70,65.4
5d03084b-b98c-4cc4-bd87-b52fff297df2,32.00148910458957,-124.54391422691941,2,1.9
7abeb6b8-2d12-4e6a-a56d-cf6f7143488f,34.544356048403145,-100.03630757124861,201,233.5
80409b46-abe3-42af-a05b-68a05ae5fe01,29.74290709208079,-116.90418333500611,24,21.1
8be8f746-169f-49bf-91d6-ffbab9e7999f,28.98929039739847,-115.52959049843922,215,255.6
f91a3509-0f5e-4a5b-8aed-8af89632aa3b,24.94461266489199,-120.46227231461526,520,584.5
04845c52-7a24-4992-9bdf-7cbe1f5e81c4,40.08424312674401,-112.89946853030702,696,802.2
237f5b76-dd3d-4d6b-b409-db834e85ad08,30.562757262079142,-82.78643339331103,54,63.3
3377d905-0963-4c61-9caf-9ffc8bcad4e3,25.308679460782827,-77.27328887415031,331,364.5
3155a211-99a4-426e-a6ee-2064b7549631,29.77448276320159,-98.30051500227125,87,97.0
c7bdd7a2-c028-4ea6-b837-c9ff0f534e0a,44.04784882090316,-95.11332486299636,461,449.5
8b603a82-a166-4117-882e-197f59f59389,45.28722954116367,-123.07335295894205,310,311.3
926cf722-6255-432f-8d21-9fbf2bf70b3b,36.076656129832564,-120.9103405790923,67,78.6
0c4879c4-59c7-47bc-a5c6-540617c0e4f2,34.40176676021716,-109.80350418667851,105,99.9
971530c2-776f-4225-80ea-2735bf18c4f4,48.44634233754454,-92.90999317792429,82,67.0
dfe24660-58bd-4dff-aaff-553e1ea90569,29.01411648970175,-81.36648222463542,308,340.4
b47e3687-999c-4c9d-99b1-13eb9edb3d7c,29.38398207136521,-89.30481938105605,106,109.1
26f1d29a-9a3f-4850-80f6-206670b8ef05,31.296679425909993,-101.8644565557795,231,260.1
6743125c-33dd-4fdd-b256-cf55fcf1f54a,28.318932957027183,-118.01887969281485,184,152.8
c1d9cddc-4fc9-4218-8c66-792dd8651a56,33.484139955104666,-78.93437914165582,743,779.0
2f641ac6-beaa-4cb6-b266-0c0e3e6d7c89,46.77085567474384,-103.53662295565563,555,499.0
726071c8-9a3d-4056-afeb-e0e76ca8fded,39.38369601571436,-81.57281314551541,112,130.1
17d329ea-3036-47a1-a6f6-20ba60d66b86,34.29866371530659,-94.73424832705383,257,216.9
ed317124-c9d9-4b66-88c7-d88c22552bd2,47.36026986428037,-81.4189388398523,354,402.6
403b0a0e-7c98-4609-9782-33d819df7867,25.21160581189556,-71.46991587429827,458,382.6
d8bb7613-7b17-4319-a461-5cdbb47931f3,29.256904447546535,-70.65925855282569,14,11.3
18fdc068-c512-4cd0-9ee9-5d7c66b669e6,38.14721512754397,-93.42869997996439,72,64.4
17abab07-3489-4801-a2a4-36b8afb85e32,39.38881557982948,-94.82100647882731,77,71.9
d15c8ad1-7f95-4487-83bc-6e2d31ecb333,24.98893766406533,-109.3249705353326,114,119.8
e3b55d5d-2855-413c-90b2-86b5c822234a,34.075968947678305,-69.78780993977182,37,31.5
4a133b50-c10e-4523-9260-d45c88c36135,40.22884912077182,-97.98276913522237,137,133.6
fdedd296-fdfa-4ea8-ad11-fd20adf0fcc0,41.451763660085035,-117.47211688204474,218,192.2
83e10284-97bd-4802-9ac5-5c738387b43c,39.95349756290673,-99.47041003703356,138,157.6
4616ef5f-bce1-4141-8fce-30c8b84e95c9,32.01408060902311,-117.50385823595776,219,179.1
3c1af4ba-4f92-4446-881b-c293682197ff,26.338003089947737,-95.35063062883258,14,13.2
05325fd1-6629-422a-8349-a690a5066e43,34.67781116048335,-91.88474462348347,417,438.9
ffef5302-6480-4f89-9ac6-93787655d927,27.218860934201388,-105.07241007187847,3231,3764.9
b99f588a-9949-49ab-aab7-63b058e67f72,47.69059146301667,-120.77261376034241,192,220.3
fe211d9c-d628-4390-817d-44956d88eba6,35.879271650565705,-69.3332913976389,426,493.3
389cd61d-93bf-4fac-a5bf-b21fb19e448d,31.93147935892169,-79.37216630447764,28,23.1
175c49fb-dae7-4f34-ac9b-5f39dbf56cf7,43.1576017779725,-75.50601625019786,319,362.5
92f339c4-a533-460b-863b-eafa3a9ae72a,36.448714814556595,-103.35476473711246,25,27.8
59f90a75-ba52-4fee-b4c3-d4f09184699e,31.750850600311253,-80.11096922885241,105,121.9
6b218e2f-96e8-46d9-baff-97fb0d4a2f71,44.299193559770046,-96.36299918501754,78,72.1
fe150028-5463-420d-904e-7790112f77f2,45.67880377502805,-113.13607418404328,176,205.0
770b94da-4e2e-44cf-a69b-8b3f2e582fce,40.82520415721692,-117.65902076247441,72,69.2
df28dfcd-916b-4634-870c-62672281a7d8,25.174110560191682,-104.64199870999865,203,213.9
0f399463-fea1-4825-aa49-e1ef4ff2370d,38.1580720041633,-116.88442542296676,92,89.2
660db33b-7446-4117-a647-347df7afa975,43.082372799932045,-66.10213040395996,394,382.6
ab8f996e-7029-49e8-a140-8197376e8a61,27.412575302089554,-122.0978495763107,201,204.7
2fd7ece0-b2e3-4d7f-94ab-5059a6002fcb,29.716768784615084,-98.97252763722449,48,45.2
2b0017d4-d3e9-46dc-8378-3ad8bd477e77,46.06237762670341,-98.32648217896734,82,91.6
d29d03bf-9d81-4443-a6d9-6de5d5beba0b,24.50304304632685,-107.26271621368114,376,396.1
ed30de03-1221-441d-bac1-5c137527b2fd,42.8181784456494,-91.29025762329022,98,105.4
3243825b-dee0-4845-bee5-37a24fa56b22,35.84433231286057,-116.15135557505886,153,136.5
cd031aff-043a-4a6c-a551-d8391a5bf2b0,35.16930397099017,-78.74916954535321,209,248.3
5fce4d9e-7d6b-4a99-9a25-1fef674d97d1,24.17741331237218,-105.38558462338935,85,90.4
f2cbd779-14b5-434e-ab9e-1bff15419778,44.484955774162316,-90.11078720188013,70,61.5
2b3ee838-d814-4cf0-ad90-43d57026a90f,32.995622515914164,-82.77728507204941,129,141.9
b08b1fd5-3e3e-4b6f-a1f9-b11ccb571154,37.519140782513574,-72.5465150562805,48,41.7
ef27957d-e380-4d80-baf9-c10768fbf3de,40.93251715839149,-75.6885412493202,67,55.3
3b3817d5-c52c-4dbd-8a09-62923267f6e2,41.5657394109479,-89.10976734188998,13,13.1
700c2a02-ea97-4e70-be43-4c7ff9ce78c9,47.899501470651806,-102.08480235735067,72,73.5
66bc736a-2116-4c1d-a406-8392ecb981a0,37.28349883091523,-95.31092446557713,77,67.4
d5e84e40-e3e3-45e6-bd2f-1eef73ff91ad,33.99298877436069,-79.64464719065066,653,613.4
c045e93f-ecd7-4df9-bbfc-ad2b2ecec9db,47.84259066229269,-73.22481298899109,178,209.7
3271abe3-762c-4bea-ade1-0fade31102db,40.05275587563803,-118.87686623757637,310,283.3
307b5eff-e33d-4ea3-a8fd-e623bd3dd5d7,31.45375890691389,-102.29348051290984,9,7.8
b6034b36-774f-4bcc-8b4a-2fea89985529,27.16160613508928,-79.20912069360347,23,27.5
146bf85a-6aa2-4ea4-a83c-6cdee9cbba30,45.06386253662953,-99.5325460069563,337,310.4
27cb1ce5-d510-4d46-b41d-83593571ef0d,33.054540069853786,-105.39856192008925,195,209.1
758cc1f8-ad9c-471f-8095-2dc71f9e868c,40.51174303411078,-100.73196088742709,42,37.5
f16b66f9-11c8-4e54-b687-f58e2b9e2846,35.770410484147455,-89.4321599396053,104,106.1
207f7955-841d-49da-b93f-d7136ee2f832,28.973244494875956,-66.0114964961057,155,147.9
a8ea95b6-83b0-4401-86af-52941fbef073,39.04216521551163,-95.91344668283263,371,439.5
b5a2a8fb-bde4-4aab-bdfe-cfe65464175f,25.517076723767058,-112.69882597769863,12,11.7
7a4e0196-8e15-4320-a163-bac35e4fb033,34.33356149677981,-115.39205205853341,182,188.1
b25aa4f0-2f6a-461e-9c72-dcec913ca221,37.66537349159178,-122.50136489889155,252,296.8
f9ea7340-571f-4064-b908-00d85966673e,34.901174352964475,-92.02978313981903,762,911.1
ec827410-3dea-40f5-a882-a064ecad7a96,42.71680438127477,-92.87024660215877,329,276.6
395e1d6a-24d9-45b4-b4d4-f9f7633d9924,44.698123863632816,-112.89119831996176,65,73.7
0d0871d9-4008-4dee-b656-aa13aad4b972,43.28107685082945,-83.97556501929854,247,235.4
720dbe26-1598-4390-835a-3135c0a64817,24.970323695295054,-81.27468454384884,288,298.9
8f36e541-f183-481d-b043-4555bd738fb5,28.853219261149306,-109.71320588245544,262,248.9
5d1de34b-80e3-4d34-9b35-d80fd2ee2e61,37.41518773159436,-104.69811392224554,343,329.4
a861d1da-acb6-415c-826c-714983a31abb,47.37055101109503,-66.56217133151185,468,404.1
11ad46fe-621f-49f1-af5f-edd331ada9a0,44.87391937630292,-102.91839639680668,21,21.6
4e5385b9-888b-47e0-baff-979fd769d2f0,45.06336270879504,-80.11270136638998,22,22.4
dcfd0de9-2aaa-438d-beef-b0c17404bd5f,31.580204843991872,-98.28919982883355,318,278.5
a5ecd8f2-620e-4919-b784-6bc58b2349ba,34.736197426967564,-78.19265515620242,58,59.0
e77df9a6-cb8e-4136-8ca4-e814f537e3f2,35.76764868289844,-79.62762891182378,12,14.3
ef3bf696-7ae7-4575-b0ed-00cd530cb84b,27.93428958374776,-85.6023945132864,103,111.8
344d12cf-dbd5-4886-bdd1-bd967c70fadd,24.776703256111407,-74.56807756856082,343,340.4
4051e952-3d07-444b-8b1d-884c796a694c,47.67257248651292,-69.58610880221659,27,31.5
529e9f7a-52e7-46ca-82a0-c9b49d95be8b,30.01781464158767,-90.78098409332705,223,229.7
b51ce4db-c4b4-4f07-a9f9-795c7718e06a,29.998722593090783,-110.98933447385801,1,0.9
dec78887-f4b3-42c1-a9fd-dfd8fe461d71,26.084476344218988,-101.48089126299958,23,23.4
546d9702-5d4d-4124-b020-5123b21cd506,47.212693798594465,-80.2599629027157,86,75.0
282f60c3-3a50-4600-9e1a-439a5045603c,38.4934278734943,-86.5978743776917,17,18.8
3c3b7d81-27d0-4c5b-9b58-bd517bf7129b,40.67592142813385,-114.50989802465033,374,443.9
eed2b7a9-67a1-49cf-b3cf-ccc5209a3b4c,46.78942218157631,-121.97686707236095,399,376.8
f56353e7-d5e3-4c10-bdcd-34ba5688c423,32.64050422251974,-84.70526598101817,282,274.7
eb9e3370-161b-4c47-ae62-da70e51c57e0,39.5376827784521,-110.18633758226862,56,54.2
57f621e6-e690-4cf8-b4a6-a4541843b64c,24.969986368222187,-95.51945561998585,148,135.3
089ecbc6-6ca1-4e88-91fe-107dd4f858f2,28.669313205778234,-80.94194042175694,41,45.8
36344d4e-3d35-4c2c-9ad8-425a1848afc6,44.781145127248564,-91.80265994127635,66,69.1
78767999-13af-4876-b9fb-41776a8a906d,43.169208908458394,-120.08514759640401,145,119.7
042cb9c6-cd5b-41c7-ae65-4c9b3838237e,32.76606728642867,-114.05076602977023,266,302.0
63a1ffca-4416-4b33-8c13-ca57ef7b8d49,33.42026569435531,-112.05963714217577,20,17.5
269f21e9-257f-4a16-a592-71c05f07ecaa,37.33886083883949,-109.78600903495415,70,83.4
0a63be41-2a9c-4a24-b586-ec3695d767f9,24.006025117128363,-91.64119987492025,522,496.2
443fc0dc-bac5-4bf8-b762-644fd21b2cba,30.031108400950696,-95.26601899030179,112,117.2
47e6daa8-4f0e-47d2-ba33-ed5035c7b28b,29.205795215205363,-113.01355773651167,559,464.6
8bc12b35-4ef3-43c2-84f0-8557cac6111c,30.262073668744087,-121.01426423611446,951,891.9
5c0dd33e-d951-4082-9b37-fcbd230c491c,44.14764606333603,-114.88549993599163,150,168.1
0b28b6d7-4247-43e6-8658-5f93b00337d9,30.99184641366108,-66.9215025555024,68,67.4
aca12177-e2aa-489c-ba10-021bdfc5e0a4,28.788033051253706,-97.35572996230314,313,363.7
99915429-947b-41e5-914a-4dfe0877fb05,36.60658651982579,-73.82661522257536,35,36.1
39a1e201-ea9a-4515-8b84-b21fe17af62c,45.6411259093183,-74.92360446653825,58,67.9
3c0c650b-75d2-45f8-b6a3-38b3364b81f8,30.033742595937497,-94.82034610969045,307,366.3
8773bedc-388d-44ff-9ee5-29b120e234b8,25.963406069819968,-83.30542520082793,114,111.9
19769a5a-4e34-4899-adcc-36d4f509ed03,32.910118396241614,-113.62763138564998,45,46.2
bdd61774-6d5d-4920-981d-bfcd3bbb7df6,42.69129561412444,-84.38459440931241,211,239.3
62eea080-0cac-4e15-84b8-5dc43c61cf0f,37.76726361736986,-108.92930982346591,264,234.6
52b34c5b-74ad-45fb-8889-72caf86c3a8d,44.419834239358686,-75.9083362915051,27,30.9
5a0c5748-278e-41d6-a083-9331927d4591,47.98980369023085,-120.06027614657431,65,67.4
6389cc4b-acdd-43e9-b573-62f122d5f96b,43.81656191879043,-79.38481829976863,50,54.5
ed3ff323-9306-4f86-834c-3ff4bb538999,39.09507697109383,-119.10372251245144,96,79.9
d181c0ce-f8fd-4bef-b2c4-65b7afe33637,36.33353970130951,-73.00983502323578,288,318.7
c549b4c3-aaa0-4621-9088-457de21a8f97,25.001727158706668,-107.05193343003478,250,231.1
95a08357-79d2-4629-b904-0412e200b346,48.608049470351034,-86.39079147499609,217,243.5
e83d01dc-50ed-4430-858b-58d1678afc47,33.587028064376064,-96.2373655614035,1,1.0
914a43ae-02f2-49f3-bd59-be8baef097b5,27.80570534792167,-103.388114429522,31,28.2
4738b8a0-0e62-4c13-96f2-74fdae0adbf5,40.66772138491142,-86.9189318421737,51,60.2
1f261fbd-2803-4e37-aac2-40a6fc28fe2b,31.107207227386482,-69.09614414747696,63,69.7
839ba1b6-b02b-4a56-a1ee-812cad534f8e,38.64445677327619,-122.5650849048973,32,38.2
57070342-e3bf-4ba9-b43f-ecfcfe60550d,38.66919769611478,-70.78768150289685,106,100.3
bbcb3ec4-98d7-434b-a2eb-309b98fcd8b6,35.14324552257173,-89.0641823537602,16,17.0
15c348c5-1bd3-4b97-bae5-b42216bd7e09,44.902965388626065,-77.36845625462591,277,289.4
0c4f2e9a-fc76-4dab-88c2-3ada0ba9428e,30.624176538886076,-102.35137774737763,310,333.3
fa377b24-ae55-460a-acc5-21afe8f24cc4,35.21581479044335,-97.16126448458078,171,139.4
36446ca7-961b-4875-b3ee-fa20b4d1cf23,37.442303214774284,-73.73780564373132,19,17.4
70737c4a-8b21-4b07-86cc-ee4cc63107e6,40.590618019182486,-100.52396978122044,442,514.4
54865560-ceb4-421b-bafa-ca72ce66c2e3,43.59929626263974,-93.45508556180398,674,653.5
2aa11b08-14e7-43c4-b8cf-5881fc4337e8,33.8701820719564,-123.80849953802436,45,53.3
ee731ee0-d1e6-412f-82bc-965505144d76,40.1511736024149,-115.6427176555555,244,216.0
4e6edf98-1241-4a66-a463-52de3d272ee2,27.765273826712978,-87.14049602948681,369,442.4
9f2620ee-0f69-44f4-8292-17f19d73317f,47.31620251356196,-82.69836283723126,155,167.3
b59073a9-227b-4e1d-9775-8aeb92f38ad9,33.57647016052509,-90.62654472971454,78,86.6
7bf88dd2-8854-4f28-92d2-756014720d23,42.23803554941096,-116.54470785973896,130,124.6
a0632206-96dd-4e14-bae8-f73afd7bb561,24.508527047054443,-98.72107971390774,144,167.4
fd766a34-a9d7-48ff-a932-a3045343270b,29.129678572620175,-104.0494087845718,102,103.9
f87bf1bf-1bba-4838-a639-f279034fdba5,36.17706360808945,-95.75598070192979,531,569.4
ce7ec87c-5809-4e2d-af75-1307e17466ee,45.95631169330866,-73.65058696130845,272,227.9
40f759a9-edee-4c4c-81eb-f3427fa2fe9d,37.18137874876693,-79.22417511913955,55,57.9
ecf9cfd2-641c-4f96-8ff0-6bc920d36420,47.24676205734698,-120.04461941803962,176,202.7
9c6f6180-9462-4925-8517-24c15126df69,36.09492241456991,-72.47175733130071,233,203.0
cfa1b3b0-8fe6-4241-9da5-010f2dc534b7,36.26122741839875,-97.1657380821604,30,32.9
f34ca1c9-b19f-4094-afbc-824b7c96b9fa,26.993669712513295,-81.1121334517261,89,72.1
acc1d5df-8843-4668-a751-9c018a875885,44.06640610380549,-116.73768535540323,472,552.5
864170d1-940d-4c6d-a529-76a7d3f58632,30.17413531167656,-85.42754798328417,167,199.3
b8bbf1c5-dff2-4430-adac-eaf82cc49ded,46.49031223430788,-111.05676496104198,49,46.1
6282af82-3d86-418a-9a67-8cd3c2e5e988,46.770605508259905,-99.13552706868504,26,21.9
2d9e09e6-8ee1-4df9-8222-1678e50e8ba8,47.58275279685374,-124.00509066515583,146,155.3
1f5db478-72f7-4b9a-bc78-df748de0c725,37.00576222757725,-116.05497236210192,159,129.1
d08d227c-f436-4dbd-8b97-86c22361a3e2,40.92734461959111,-119.56725090570643,81,80.4
f8268885-959d-481c-86b4-80c4627c83a0,43.46289700154159,-110.85509379664275,199,180.8
baed8404-97d0-4ead-b466-e53ab7efd8ff,27.27536546626164,-119.09893268856499,14,13.9
7257feec-7581-4da9-aa21-cd2873bdea45,39.02392987493743,-84.17730842944584,31,25.0
f39a02a3-0290-4e02-a0bf-60599e87d754,24.857447532582793,-123.28664576965606,158,129.7
c241ec93-9b38-4dfc-97d7-dfbf0f0cb897,36.439152084718145,-88.55331046312511,13,10.5
836bb94e-d5d0-4b6e-adf8-4c32b1c061e1,27.871067040505686,-116.69823798129111,426,446.3
6d80d987-8634-4f4b-95ba-baedb337eeb9,28.573073149052117,-69.23547402650408,31,31.7
4af59bce-709e-47c5-8f0b-c42732283a58,33.12618916731504,-69.9474496865186,224,200.1
3ee7ac44-de5e-4548-82c0-d626aed7f13e,34.810929167912576,-111.69531695126321,99,104.8
9b2a9363-dbdd-4eef-9405-d8d25764fce0,39.579310613304685,-88.74914340484126,102,117.7
1948d9fe-be31-4ba9-bb81-e962b40cb18c,25.860710460962892,-123.34768615112495,290,264.2
74de078a-3776-45b0-8150-4154e47bd5c9,36.59229403093612,-70.02447595998072,138,156.3
3ac3f7ee-8645-4aa1-9239-126b101c2e67,28.56562825632753,-94.14374881668913,259,275.8
1ea7b311-14b4-43a9-9253-1c00e2e5498f,38.349379375793546,-122.44983406635104,141,114.7
c7748362-b4a2-44b0-9062-bb6e3e9c7dab,39.93511530652959,-104.7925004125199,180,171.0
6b7eb4cf-80f8-4afc-84aa-eeb867cd26d6,37.91773141382134,-120.46588175018718,286,286.9
a736d61e-e502-4c7a-8a33-c7bbc7d036dd,42.45738776195769,-101.81627807697177,187,204.3
c6d149f2-0876-40be-8b56-7c417cba95fc,32.39023110602253,-85.47434581248194,191,174.7
15231193-0e61-4fd7-af75-410ca299f00d,43.12766479082828,-97.27649542555505,311,371.1
513e0a5d-1f52-49ee-8ff9-31cc32bd3a9f,34.819177042704844,-102.3603916915522,596,640.0
f1c5604f-0ec2-4f36-9105-b2d335ac2c6a,36.10461245806492,-117.96973431311258,95,90.2
a60379f2-64ae-4f74-9f1c-c4f0fd4ffa1b,40.20255318152678,-110.54859630407428,172,144.3
714e055b-cdbf-40dc-a0b0-1acec226bb73,24.4589595999806,-119.09154602343729,18,15.7
6b1cd2ce-0810-48d8-a1be-4514d8a8ebfe,40.34985553550621,-77.35757483225701,89,88.6
2635fcea-4a3d-4d6c-bb6d-a8dcb6710597,39.464628726802886,-117.02085014890137,106,105.8
bc058ef4-a42f-45bf-80a2-133da82b3dcb,31.746177918831997,-89.87297137361529,361,399.7
e94e75cf-8aca-49d5-bcb5-9ee6ff3b5e3a,26.144857122487238,-104.77831559825809,144,157.0
74a2ae57-6283-4a63-b8dc-7a0d3cbc41d4,26.27338624782603,-111.66727530534418,263,231.6
b7884771-0d58-4ab9-9ce6-4a1aeb3be3dd,47.08059367463072,-87.27136206996587,4,4.2
4f039f40-9e61-47d2-8224-f3fb28c64bb4,41.23198303064593,-98.0368637467605,125,101.0
e9bec6b7-2c29-45de-85ec-e827baa73f7a,27.17756534426851,-101.391417430211,463,444.2
c67da343-0532-491d-9399-934b6cd3a43c,32.91807923272266,-90.02173171135892,51,56.4
ab7904cd-91ea-495b-8d65-0425b88dda2d,38.81207484753991,-96.01520991908995,6,5.8
69af7790-4c93-4eb1-bf02-65d1bf1d6460,44.889292627266215,-107.09443169545791,114,129.3
ab86444e-4722-4b34-a221-846e805c1061,25.091523217825213,-92.01538402185015,244,290.5
f988713f-58b6-482d-8669-4c3c0004f739,29.91582828675022,-85.49958398350901,121,126.2
a7680d42-4f7d-4027-9d13-7f781d8c6a89,46.2437247573845,-123.42510364337559,123,105.5
a548674c-a6be-4e3a-940d-4f7d60f0a0cf,24.22913875459541,-97.51356799444716,222,211.3
9639e512-a7f8-4391-88da-af5cb0c45839,29.034977569847186,-121.59668620957092,59,47.4
e0b90ef6-3ab8-4ccc-be6c-cc9d853fc39a,47.97560439932415,-114.00208056998144,719,748.5
641ce7c4-cd9d-44f0-8f15-3c97fa71162c,39.33504616305428,-91.92998468939959,33,37.2
bafa3ff2-6907-4e92-93d7-c55df8b2656b,30.541784165937663,-73.89485399933073,101,106.2
bea00df7-844d-4e39-9cb8-1c1af11b73f1,25.67477735989619,-72.9144649278794,213,237.4
36f28751-12a2-48f0-a0d1-c6866b201f05,24.704783511180555,-120.87330340182075,352,394.2
92b2f07a-d6ea-4f2c-866f-08cbc6784b3f,30.118626990923183,-100.27279990908431,314,358.1
b33b868c-6db5-4558-abcf-b7de57a1aefb,46.03714548972276,-90.60261750273148,256,232.1
84b3642c-6519-424c-b415-5fbc404a81c3,34.39784135743774,-116.32287563152974,89,102.2
1a336c15-30ff-4d8b-bed6-90c3b06d302b,42.008334229149824,-79.83949921205847,26,27.6
8e92fb1b-a8f1-4a86-90c0-fac27292866f,46.95712588449894,-81.09011975220291,49,44.9
b3a327c9-eb82-414b-a931-2a3d1898c758,34.20101154007041,-71.70288019129912,400,478.0
fbd89e9e-8a09-4d49-af7a-ea1d0d7effb3,28.781934275934926,-124.49932528707686,389,459.0
e2c7d7bd-a67f-46d3-a925-6f700617b326,36.92794827142299,-112.21562960464884,605,623.0
6490bac1-dc49-4f03-bf76-c1bbb74977a8,46.702092176496365,-76.19598385952602,16,18.2
3008a679-9322-4ee8-aeeb-284a1a1b0c7e,44.10936035344251,-85.43577700121081,154,139.3
7d7b7718-6295-4f38-a338-afb04dbdd0eb,25.645746084078844,-72.23099863178905,209,202.0
c7ab45ec-a39c-4e3a-8258-d19ab168f300,41.31432000193955,-121.62640038271428,248,216.6
b9a022ed-320c-40ae-9529-5a81c5a0347f,38.29743806147384,-89.77912602272987,206,207.7
50f0af51-2e8b-4952-be69-ff75ee656c77,46.686579408660634,-91.42625208127322,294,293.5
a11a3911-5e3b-40da-9a3e-893a21590b45,27.06203542125743,-122.89520943472859,318,281.5
42d3e059-48b4-4252-965c-429f4be96357,37.35090283011641,-94.70219746216347,40,42.8
a493771e-3dae-4a1d-b4d8-44bf00749fd0,45.98656733779731,-89.03830163271448,46,39.0
83705c39-456b-4331-86df-01eae96fb14e,34.25059466854358,-113.71370272207568,2,1.6
ab73a29c-4def-4fe7-b98a-de54fc3e1b97,36.049872943321674,-108.87355459564489,86,82.0
d22d2f13-1893-4a2f-89b5-b3b298043094,25.761516941673957,-87.21950656843352,19,18.3
9b230291-9cbf-4b4e-98b6-0bba14becc12,30.95359101122277,-97.37024409160246,78,72.4
507c949e-e13e-4957-97bc-1039e43e1b48,32.112666229223684,-74.37719420346872,198,178.8
ede890ee-3fd3-47e3-8df2-7c4460394a26,47.62806121862217,-104.79947580545789,450,421.0
a63617c9-9178-4cc3-82de-1d70f35aa934,31.066684013528977,-109.26708015509612,366,316.7
ccd77d60-3713-4904-93e1-ad6d0db7520a,35.5217183817413,-66.89290951965427,58,55.8
d6376dd1-1eff-4968-b96b-ac2972734233,40.782610589106994,-71.24298956232508,29,33.7
751ffa09-e1d1-4641-9c67-91f98805e233,28.054584310196937,-123.28942804506019,43,38.3
55fc53d3-5ee8-4128-a071-3cc024e17dd7,36.16105967854686,-79.52701169691261,708,760.2
27bbfa50-7f02-4782-b4bc-fcf08a630d61,42.46347598689769,-118.49024834431303,159,136.2
78d7dc71-c3a1-47f5-8177-c8d469b737d1,45.67138032567665,-123.37837350506712,40,37.7
c950c220-967c-4bf8-85a8-b134d8329391,39.65648186656067,-108.85196455798541,367,340.7
b80c9d46-5d5d-4669-9917-4d88b6e3b206,40.7263378829237,-109.10859313539484,101,118.7
21e4b1dd-b0e0-4084-8300-71300f970cc7,27.157086814614225,-76.66019302152908,459,445.8
285a80d0-4e4b-428f-88b3-9f17e7be5d1f,47.64441243115868,-83.07063248937273,60,64.6
141c36c0-a0d0-4b55-88c8-ececad4506b5,27.314351937112058,-67.08504378741117,100,104.1
0de732a7-b12d-449a-b3db-b54006bf0d2d,43.36682342954496,-83.02073888160271,141,120.8
b9dd241a-e752-43f9-91e5-d2a565f39ca6,30.62040804445797,-100.32292235789318,446,524.4
a55053bb-981e-4f94-a8d8-4f0447448825,47.33982859253129,-83.7632680042322,406,381.0
7a58f8e1-a583-43b0-aa0b-f4465af80195,41.99898848423699,-66.03191503600227,171,139.9
cc75b24a-2bba-488e-9075-f9ef69482fa5,42.84534282445922,-83.10162892881084,50,46.0
69a385fd-7a87-454e-9eda-bc598ddd54fa,29.476479326497085,-80.06079999716121,103,96.2
30b9fa51-5bc5-4c34-8871-a3d690efdcf3,35.07599941587902,-69.6364641037747,743,622.0
1f0c4ff8-962a-4108-84e9-3c426a2637a2,39.44532986473216,-118.29457558261068,187,196.0
5467b9ba-c0e6-4ffa-8302-2840cbb15cc3,43.249340455165026,-83.41772668658412,304,285.4
7baac91d-9bc3-4987-be94-d673ec57bade,26.59898439780974,-74.80244847992051,120,126.2
62a905ca-ac2f-4d69-b4e8-84ce3f8a342b,48.05913291136321,-68.69166258696731,152,122.0
3964fdf0-cfca-45aa-9782-d9a38c438bc6,46.255516763863895,-112.55281190700974,112,133.6
e1c1275a-ac11-4f00-925f-c9c0533cfcea,30.75871476238961,-95.26818854426959,243,211.0
544a0cd1-8780-4a80-b426-f4ef6432263c,44.5690060758083,-84.84726398897557,381,405.3
ba828165-c508-4f7b-ba30-c96097c6cc29,36.958098075995586,-110.3994039594211,142,154.3
f9b4abb1-c9a1-4484-8ffb-2678633eb974,35.54516203905047,-89.57210106823383,131,113.8
c3d51641-1795-45a1-a742-37863714bf46,31.860852645285135,-109.80285183261803,83,70.1
fe9cf5c1-d1ca-4420-ab8a-69daff1acb82,38.52421466578981,-105.32603578863281,39,33.6
dc500788-9a6d-4e44-af9d-6154ca9dbcf0,42.247227942589944,-98.95039690585897,560,503.3
bf7e2641-5567-4913-93b5-bcfa4444eb99,34.27332262406895,-93.77778417395254,442,383.3
b3605450-024b-413c-8229-59a48b62740e,39.730479825207304,-98.48741357411612,1061,1134.8
c1d5321a-6ac8-452e-8ae3-0589f058a601,41.48282302888259,-95.90146433251218,251,243.1
6161d00b-0436-4a46-b9d1-a84103080483,41.778045425382146,-107.38326337899073,313,317.7
b440b7ca-dcc7-457a-9f45-46eacc89d271,25.299152453279508,-115.6210594526648,552,452.1
c3d70f72-72ca-4229-98fe-0049c55aa706,45.49369514212667,-122.20635133771647,195,223.2
81c94625-18b6-4b88-a3c6-2932e1f50fc1,35.4563328691262,-113.4372553729916,456,395.9
467fa102-4f4f-441a-8d75-9d4c81006d60,30.56040204240536,-90.66532515115881,37,34.9
302fa982-8d28-49be-acd7-422f1c87dcb3,30.04411268699204,-78.61918857961518,197,163.3
fb7da495-f4a1-4037-ac3a-70a880b32ea8,36.07535282109876,-115.01439175086922,296,253.0
bb5bbdbc-6e47-4a25-8c7a-ec5a72e8d6ac,46.17078848672398,-118.59523389141374,63,67.2
3c2684d2-2f8b-42d1-a899-4e6021d1ed43,33.458689542066175,-80.79186872759423,270,290.8
f0b808e1-0e4f-4004-8d05-637be2248587,42.743143669588584,-106.9956584982999,1465,1568.7
d7b566bf-125f-4d29-a23f-7508f72d25fe,26.420468274680466,-68.8615330855862,356,363.4
58b9b385-4e2a-43f6-8518-0a6e43f3a296,35.90141755377655,-82.85523973398799,75,88.6
6cf8fc3d-10a4-45bc-b3b4-16374e283fce,48.79215350981839,-105.72139321266118,229,229.7
8eeba35b-bfa6-4940-9bab-d2e678c924ce,43.26094506980843,-107.9169778801714,73,71.5
49c0aa54-a218-4c1c-a596-ef10a8f93d89,29.263212211015325,-94.10179520999276,269,241.8
7b095851-936f-46c0-a9ca-9d6ab46ac009,36.53603684244777,-120.33046457158565,124,104.1
3fac50d8-bed0-410d-8fca-211c6ec888b0,29.840619091214165,-118.05708575392735,182,185.5
6068388f-e61d-43ca-851d-6718d1292330,34.23902318156273,-114.62438500234464,108,100.0
d5fd7ea7-2dd3-4984-b495-93aa41399b95,43.502100593374124,-79.29130799503095,35,35.3
5d5afff5-e60b-41b6-a159-0d250863a80b,43.280620382260096,-94.68241580312177,39,34.4
24a2cb8c-8bf6-4d97-a924-a0fb0a0b567f,29.702509447559628,-124.37653975630786,16,18.2
602c86d5-cff4-49a7-8e7c-f08214bae995,47.05558295387151,-85.26252487914556,193,231.6
1d51fb3e-eae0-4b7e-8536-ec9cac43aefa,38.81420456912067,-100.00227945903067,378,351.1
361ebbb0-4c84-4d62-8417-773a9f67fbef,33.49810727405036,-94.85971046713593,4,4.5
e2a0bf4b-4d53-492a-8811-0e1e891a3182,36.548389519521514,-112.36714163863681,14,16.1
cc0ac22a-fdf8-4279-b694-75c15cdf54ca,39.12678133594359,-92.44484852474788,122,146.2
c8709b98-978e-4c66-bef9-4d7928959f72,37.99726329614464,-67.22995885466217,268,251.1
97713fe0-1d19-4ab2-bf33-21c57fa54fc4,36.16012588840445,-120.66676323066008,34,37.5
28293356-490a-49ea-8d79-23fa8099618e,36.623320102235,-108.2488734197986,63,56.2
34919747-9eb5-43b9-b856-f492e890a7e7,28.410297760697155,-110.66314202121104,53,55.6
2c52b1cd-da00-4975-bc63-7d4de081508a,44.318322607616984,-110.3355906656804,102,110.4
447c1e56-aab3-480e-9a34-c6f70571bad0,37.54400799852539,-102.65632490364274,51,55.9
91cc3eb6-2b80-489d-a477-0ecccb4cecbc,27.276996542617578,-76.73152270009412,87,76.8
42f53d76-a7a7-4196-b06a-4275f9998b2b,43.15392753956945,-71.14133729210116,261,297.4
932535e6-29e9-44be-83b0-4418110e762b,47.31109945943377,-113.06930983992058,189,183.0
f765502d-767e-4013-bb17-949c7b382f87,47.682672480924055,-92.96595366106135,17,15.1
e16be104-77d5-460c-867f-e4dc929decb7,33.22544331027932,-87.42296064223666,203,206.5
bef54bc9-4bb9-47c1-b214-e152ebc38426,27.38792183901885,-94.21217901253314,130,148.9
0bcf778c-1956-4331-8aa6-f910fc048b78,36.95999066582663,-99.38949274238175,545,646.8
f273bcb0-9c7c-4462-bbf4-f599f4414df5,26.815230733730516,-113.67344515430497,68,74.8
bd9f875e-1990-4c04-b457-6834ec8ca5d2,47.34968546281543,-96.19505780724492,259,207.8
c4743042-1a3e-456d-8226-bc5048dea7ed,28.58949068387865,-101.3283251650316,263,224.6
5c418dac-5b4f-499e-9841-7e7754097eac,30.3191464987791,-78.0617616123661,50,41.5
255e9de7-a27b-484c-96d2-297b8e5fe330,34.16591317212426,-79.94734280938329,467,392.5
f33955ed-21cb-4c53-922f-f7c8429a8c0a,33.57911171397814,-117.09407780886542,135,128.7
b20f3941-c06a-43a5-9e2a-bce6d9dc94f6,43.86657230994723,-119.77737589877901,227,212.3
f89fb3d4-c986-41ba-9e80-1b320e3be201,35.40792051377406,-71.41891734957733,32,27.1
662101d4-2091-41eb-9b17-da2c29c45fb7,28.26920650008342,-93.40500505109463,60,69.2
48067b69-d3e8-420c-9f47-a0d68e20f91e,30.68024738715185,-74.38974470032716,176,184.1
8d668007-7deb-46ea-9d63-97334cb9a393,36.72783462968805,-121.56908388658233,77,86.1
62bf03f2-9f1d-46d6-b2db-f7dedd9a1615,27.686347935653373,-93.93557862522381,139,131.9
4b8447d4-bfa6-4a5e-b8c9-d9d462d30cc5,39.291391891150354,-93.17383564000205,94,90.6
9a1c48cd-deeb-487a-ae26-d809f3c81408,38.14368266377865,-74.21858008001315,205,190.0
aba4f2ba-f5bc-4ff0-bde2-4a80bef820b2,41.86755790955644,-119.24101010444726,134,130.7
177f8499-11a1-4670-a40a-62bbd6518d14,47.44261538448419,-110.81371174312135,1,1.0
9a12a02c-b42e-4e5a-8b86-dec3a12de81f,46.80636402752889,-101.01423948066622,210,209.4
80a75c7d-5242-4f16-bc32-2f07037b1b51,47.65189045172079,-73.91535295022342,110,124.9
25601cd1-0fc1-4924-be13-c52d67ad7cdd,30.11788992559252,-69.60588441083655,84,97.4
7e43281d-cc9d-4974-8d97-d4de9451b6ab,27.289132665983864,-66.42924744397595,20,19.8
50e3be74-f8f7-4846-aafa-a79e81c3dcc3,31.55691751241121,-68.40758429894723,50,44.8
542eacc0-9374-468b-a584-0ff2defe85d8,46.377129319157866,-124.6494364051831,51,60.1
b61ba043-8060-47e5-827a-7ac5dd86d725,48.3013368655872,-122.18520785422155,548,599.5
79c2e8db-e48f-422f-b23e-db0053d2cc2e,45.4831237767619,-116.29119766970227,113,119.3
03f4b837-ab18-4311-abf7-cacca293c9e8,26.75044302818859,-104.41713629055388,9,9.9
797da88b-95a4-41a4-9042-5c5f9c784cf8,47.685699951494826,-76.03483617176943,30,24.9
51722eac-9ac6-47ab-ab4f-132c251954a1,34.58395068376965,-72.33328447520665,16,13.2
875e4ccc-42fc-43a3-8104-1a35098c18f5,24.23275726905884,-113.9767700286196,178,153.3
bf9e0fd4-78e0-4316-a621-035d87037792,35.05984351870484,-88.43981505443719,41,35.2
b8723a34-89da-4b94-866e-d18aab07a80d,25.15172924188669,-70.87564288114868,138,133.6
57ac2d1b-679d-4e85-8448-48c3c37fcad6,37.59694802902794,-97.63982758005207,92,79.4
b430e32b-fdd2-4dd9-bc44-e9e71e0e69b7,32.46385068592628,-118.89092925478575,326,372.2
7ece1b2e-7166-4693-bc42-a84481ac97fb,35.83587333985122,-97.98899464500712,77,79.4
d30f1cee-22a8-4def-af32-ea27ebf4f6e7,39.32925901857793,-102.82810076500462,123,116.5
adababa4-f8db-4633-b9c7-0c714a985fdb,45.720027395445506,-90.91817823210559,256,211.9
3079b68f-accc-40b8-9a23-af9aabe6af7f,40.54753941179821,-99.11913761998088,114,118.2
9886dffb-f025-41d2-a219-427e9c0802f0,34.851221711954516,-123.97659031563065,315,266.7
47f14711-4878-491c-b167-5a9545eb1fe6,44.48569634175912,-66.35413372859341,217,238.1
8f3734a0-74b3-4029-a294-a485d0b7eedf,46.63955343932831,-92.93112597389631,106,118.8
cca1b5f9-9cb5-4cb0-8e82-832d82422076,26.99399916080493,-97.05578542640804,140,142.5
c1bcff26-33e0-4dfe-b511-fb2c6b02ec25,37.29832443881979,-68.67757508126081,683,587.3
4a5c55ef-84c1-4df3-a1ad-51d25f1241b3,31.112798993561103,-115.80423831236246,217,241.9
c82e16b5-239a-41a9-be90-d2e5f4f630b9,25.176529946923687,-113.83498144983035,471,434.8
19f2458e-eefb-4176-a840-5fd848c1db97,40.71366737784963,-77.32712980529578,39,34.7
81009d67-baf0-496e-b086-ddef76210bb5,45.56926943648064,-109.61096627852449,132,130.4
e325355a-4d8c-414a-bf8e-2306c03e235e,28.07256636193485,-77.84560072879991,479,560.0
ac6d073d-b4f3-4475-a688-7a1b0bc1b579,44.31034144059751,-108.97952450839836,78,71.7
a6357487-c610-4f7e-8df2-f4351fd2f645,45.33489333842354,-123.04192981672492,686,797.3
5f109f6c-fe68-456d-bc01-68381b073db6,46.85851106666209,-94.49613129068376,20,16.4
4dc8d7ac-c2e4-4916-96ca-078b250b2ac4,30.63212722715131,-113.39550038651518,1636,1363.5
82de2214-975a-41dd-b2d4-ffa02b8bd723,46.598826629747236,-80.28706871698421,118,127.4
de394ff0-df59-45cc-8ef5-3a5aea968e2a,32.01656886841081,-87.16922163930326,15,13.1
df2e979a-f49e-432d-be37-4a96cc37ca2c,37.80845033638757,-70.50744258930285,423,392.0
f4a7f9b4-7599-4496-9790-9195fb3b9481,25.262686770807054,-78.80368692132159,58,49.6
60ddbd2c-d468-4bc7-98e1-7b26aa9db94c,25.09702720921859,-114.33421866439711,5,4.7
f231d5a6-f496-4a7a-8595-bcd43de38a18,42.009330318305075,-77.79066403677702,29,26.5
261da002-7691-4aa1-b2ee-e2a93b3df09b,35.111999449444774,-87.13751435597263,215,235.3
1ba04459-b7fd-46d0-a819-0c4aee57c213,30.407309384230437,-85.53185313612313,762,823.6
b8e9a4f7-0e3c-4bc8-b154-c8454269b39d,28.760337400622756,-75.89648972776122,24,28.4
fece177c-62df-490c-b9e4-e7c3936e8f94,40.748837271480454,-91.14437991785252,124,135.1
4dc94fb2-6d17-4780-bc8a-7906ab5bec8b,24.010038600633496,-97.50579265317224,40,43.1
499db492-baa0-415d-a50d-5a00165e661c,44.14727922992135,-87.43817891383506,273,294.2
264b3afd-8b4b-4e29-bc62-299e2c35147e,25.98124015324822,-107.42051169145681,25,28.8
5f3c4900-4a72-4712-8cc1-8eecd24bca70,28.787240372702986,-114.22676926586114,55,50.5
3e881861-2dba-4555-9fc4-3d3da253df91,33.65590988247724,-88.62131755379647,44,40.5
30c3a828-7b39-4b0d-ad5b-280f99128694,36.12146849290259,-111.20294622395681,161,176.5
05b81759-2b12-44d8-8b96-b9b8bed678d4,32.87487789534855,-120.28500854855021,413,368.2
286b94f7-81d6-444c-b99c-80f3cfb4873b,32.017804124607345,-124.96730310947002,143,166.6
cd255e14-318a-446a-8ffb-5251053b59aa,48.09790030182971,-89.10915531739604,12,12.2
71838837-35d7-4285-bdb2-cd0d991ec621,40.039492031084855,-103.63322177466603,166,152.7
5ac38636-df65-466c-a01d-1b33f1684d6c,24.585823884184705,-80.6136527302661,319,354.2
94787b4f-2e29-433d-8cc0-01e966704b2c,34.75439771110783,-102.86459249952696,28,25.9
efc3c39e-c7d0-4856-a05b-7c07eb313356,45.87521749359925,-96.32579655394463,15,17.8
05d60ff8-b6ff-4260-933d-d8f021624bc4,31.536404660266697,-100.9819866038923,42,50.1
799a021b-6954-4497-9688-9bbf57a4fe2d,26.363908619359705,-86.61608732454857,274,292.3
a890ce0d-519b-4b7c-8a14-ddf4c4719787,42.95961928974795,-103.98778944111687,179,151.3
6a260f44-bae3-466e-a8bd-6a953d493c62,39.15034579840203,-68.13770865340378,156,141.2
f87618f1-dce0-4710-b33e-8241504bea49,38.257812695662594,-69.76732779068672,57,57.4
1b97d0b6-578a-41c4-bde5-d29b1427f321,25.3394139901852,-74.9663537432204,81,92.4
2305411b-35d7-475d-8581-b52b6322797d,27.512475244887934,-70.70228403620786,676,590.8
b1370189-365d-4d77-9f5a-64f3f4b6ae63,39.56373490532785,-98.50075838089593,180,151.5
ee7aa69d-eef8-4f7e-9856-015e228179f8,29.195596036470896,-93.35060658941997,464,385.0
28ef6601-24e8-4c58-81f9-0ad6b379e53f,36.60175199371061,-81.21653703906358,174,174.5
5015a72f-62ec-484d-88c8-ace980cf4705,37.622042150734835,-83.92739042862607,26,30.0
f9672062-6e21-4460-a9a3-63a1b47bb496,31.087679756773486,-72.44996285927722,126,102.9
2c97720e-cbd7-43a6-b59a-ffdad55460b6,47.71062888853732,-82.73646939185497,593,524.8
40776294-8bf5-4436-8229-be3eba22495c,45.06160267088938,-66.12480221452083,108,116.3
5143015a-b133-484f-b25f-a83f98eb35c2,42.05933769081996,-104.43815780993613,398,449.9
b3fdb1b2-569f-490d-a674-bb04a01134a8,25.949846660235227,-75.85313320787435,59,66.3
500950d1-8fa3-43bf-8de6-10b9ecec432d,26.653250482725486,-83.83954545287281,169,188.3
991f035a-16ad-4056-b6d2-9f1dedc2856a,36.319533646623896,-84.2081997323139,371,316.1
6d770e1f-72bb-41a1-8a4c-62a3e504a950,28.017833729774644,-105.77569990414506,507,486.2
b23022a2-1411-4fd9-90ba-89487f414c36,48.45663658823685,-78.64949424704167,133,158.8
acb0601e-0a5a-4393-9599-d390d82533b7,27.963005850685235,-71.87781468149166,204,243.9
f5626597-5fe3-48be-966e-147fedca7a1b,36.18669588659935,-112.10564077028678,1,1.0
45e80e4b-6255-4436-a37b-1df16c8b498a,33.10302642103763,-88.09568661011446,58,62.9
4c7c5468-64bf-450f-8ea8-98ee29862edf,39.98466053635245,-101.86404508293626,65,76.7
b94c7a89-dd08-4758-aaba-0aab02024f97,27.225910222235623,-66.61666096160225,20,19.6
81521377-0191-4cee-85d1-83a8de1487dd,34.75791070105977,-96.74886386593079,66,56.4
26d1a57d-9cc1-4926-b036-b3cc1ae410f6,30.867625820178592,-111.52910974598038,77,82.2
8d3719bc-ee8d-4e2c-ad41-ad30e25a1ff1,46.193788116792206,-102.47040011191189,693,820.5
cf28716a-f8bf-4fcb-a376-90c902c518a3,25.014642803367376,-86.42353500081904,221,238.4
746fce00-ba12-47c5-9a65-ea0c4ed7cce4,46.843187350161486,-120.510727090375,111,124.5
79e32b84-25da-4f08-b712-1a685f0c9275,44.82485346382501,-89.38748670694699,885,857.7
0217f86b-8001-43d8-a83b-dd79f027a43a,31.439267911020387,-70.05773920844501,33,27.7
0fe7992b-3dfe-4ffd-9aa0-766b0718ccea,43.73226636692762,-74.82859552818682,129,111.9
46b55a04-754c-4f1a-8e27-576d78a397f7,24.78033900846869,-121.00726133717899,208,248.2
a5a4315d-fc29-483f-8907-18eacf44abc0,48.17163875733484,-66.38999715439498,11,11.0
68730d48-99f6-43cb-bdc4-6f9efa886df0,37.16487356474473,-83.77511150147113,252,202.8
162d8009-f164-45fa-9c80-e4f05e7bbcff,31.58202565163613,-115.4254313654726,21,24.8
dcb7ad37-345a-4323-8cc5-0ed2585587d3,33.06458031486693,-124.26745073900402,30,30.0
e27493aa-3480-4050-92d6-22e4c344b821,25.660133836512433,-114.89432445876307,106,120.3
e4cd4394-6ab0-4c16-9c66-0d4b418602d7,48.733737851050975,-75.54762067954142,529,539.3
30d9f13e-87de-4b1a-9c56-26fea34a0309,24.98229862876731,-123.72327982823533,230,193.4
48512a03-6bb1-4d97-a4cb-14bcb877de0d,40.37267807869648,-111.2443090865329,213,222.8
6b21a76d-23ed-4075-b46e-f56bc1f2bc81,35.06839819266146,-80.31896987524235,162,194.2
8b620ddb-ea58-4b59-a2f6-1d28d5f68738,47.722905454717875,-90.41947838201003,69,56.2
2482ce9c-823c-46a5-83e7-33e514638976,30.14999350766988,-78.81859308874868,194,220.5
459ec8a2-2d9a-40b0-94af-8c20c80bc323,37.30217059845028,-80.97712027421952,106,94.8
8d8efaf6-8f1b-4714-8ef3-6c27ec717fcb,36.058905214568824,-122.01451815981352,31,29.7
9fe8ba8e-c599-47da-b065-11e8ac9fd670,41.57166110125253,-72.34182627344506,234,222.1
cb5a0d57-912f-437c-a851-f94b3c45add9,25.700255798810513,-111.60512177734614,28,32.5
a31b9c9d-f6a4-499b-a720-3578a6ae8321,28.84472825058387,-92.34984602644394,42,42.1
994c06e5-801d-4c7f-8680-7ca9694ced8f,29.364120502321246,-86.98699876486106,340,332.8
f86c2614-aec2-476d-8a14-8a6ada74d969,42.45376887104224,-115.05093555777937,1163,1310.9
d4afc1c7-f25f-4bb9-96a9-01bf8803bc9d,28.728467408168502,-67.40235585464251,199,163.1
7df23b00-c769-4894-ae23-8e278c989de9,38.337294097274416,-96.19879859084877,108,90.1
48bc5051-4de0-4992-b7bb-714882b0489d,29.381095512523842,-121.59908095975379,101,81.7
dea9c247-de65-47f9-9d76-ede5b02f762e,45.540623752099464,-69.70153935810742,234,251.6
b886def6-f8f1-4e94-8456-917362b5d707,47.55463636224096,-90.41019725159718,269,271.8
4fd71bca-bab2-4ee8-9b92-e4c979093fd1,36.962324373556015,-83.74760131909879,143,164.5
09691206-591d-4c98-95fe-d4cdd8d84a47,32.80772210522946,-94.01462839388077,696,695.6
2c57f6ff-76c7-47fe-a216-37b99fdd0ec3,29.851444375437477,-75.75046066815892,623,553.7
1fea4e51-f3df-4e16-9741-30ae1f50d1bd,25.244525038076095,-123.04512573060056,106,118.9
ea0b3f85-1350-425d-9cab-a94a4210c505,30.712501904937383,-109.16567644864828,344,315.7
a54a236f-7cf8-450f-a2ee-41f0bab6dcf5,40.35589449863295,-97.29074697224115,157,184.4
554caaf9-07e6-4916-a1f3-a135c35754cb,37.34042328273027,-120.48038663749111,143,128.7
bf6cfea9-a7fc-43d0-834b-f41b63ee0ec0,47.60103195702318,-83.35150650972716,11,9.5
f43f32c3-fada-4297-a857-b9fec26b52c1,33.90693156229251,-101.7738585707172,171,170.5
4371b831-d54b-4a14-a92e-14ef8af28638,41.346583558209865,-108.9125885741795,462,378.9
1219ac50-b871-4ac9-8295-14fb4b4e8dbd,36.233068686878035,-124.80064803830368,303,246.8
88240f2c-6dc4-4eea-abbb-e89d4b1d9861,36.81440539810529,-82.53001160675274,309,308.5
6adebaf5-954f-4d6a-ae5d-ff2f60e03c4e,30.694357865102937,-75.80525077650115,35,31.0
4ee52a45-851f-4f97-9edc-8b1f37b98900,35.37376942104999,-101.69260839479159,89,71.5
2ec05442-1cc6-4fca-acd2-aed876a34321,35.769624925317686,-91.71113935503143,53,48.7
c6c805ca-3f45-454b-9879-4cf23429e2e0,41.66606304372335,-111.5664890701537,76,75.3
52b0eeff-dd8e-4e42-82bb-a6224aab53cc,47.51599997965285,-88.29033886947215,173,165.7
73164d05-6671-45c1-9584-d3239d2a7bcd,32.233031937062606,-124.28388995940317,91,77.7
038287cf-b6be-4c7b-b15a-552e1b5ab514,25.055011714532462,-96.17001007117325,165,170.3
08a3cad2-46b3-4ebd-8aa5-eff7ded86063,36.40737813751599,-86.99187657139916,115,124.7
77e319df-bd45-4ad8-91eb-286ea9de6747,37.61153330372922,-70.82668537944569,68,72.8
8b6511dc-7eca-49f4-8f39-2f8658f382c0,28.211013778297882,-102.50118678978524,20,19.2
361bd207-050a-49d0-8f19-0a0384f1a9f9,43.01161515690167,-79.85377802411924,445,380.5
141ddfc9-225b-4c43-94eb-2b527c3ee67b,48.62322771103729,-89.73646523333346,2,2.0
c1b240b7-d079-4c07-bf03-cac6cbd0be6f,47.644367925211526,-70.30628533742025,0,0.0
40bb91df-4a8a-45d2-9662-abed5007a926,28.927650970591305,-101.49571713609359,351,346.6
715a2532-5f88-4492-a6be-0751359343f0,45.88408099751902,-106.17337494749371,1150,1010.0
7a2768f2-1d7f-491f-b797-ed98058c610b,41.61234091029212,-72.65862207704552,260,217.7
928f47d9-df8b-4d75-8d3b-455ab8552b07,35.34616409517279,-122.09458031691094,3,3.5
3b70dff5-e4ed-4003-a144-1cdf94074a57,37.515274858118225,-116.95326181691307,51,56.0
a31ba0e6-0aa4-4942-8b2d-e11ae9a65b17,45.24000437456145,-120.13813835954137,714,660.6
691ed849-54d1-42b6-a3ef-86a0948f30ed,36.00337349095933,-75.25651256199225,331,303.9
ba8b9874-2596-4289-ad11-02ea6435319c,33.33018422762817,-124.37416202115115,167,193.4
702cdd2c-b39a-4906-90fb-f2e908537433,36.331187325649644,-74.16222782567417,54,47.0
af77ffb9-5c8c-4ea0-87e6-7eb7ac82e1ab,38.47824510087623,-98.37520007309526,3,3.0
b83890ac-373b-46ed-a65e-b8fd9f8b2ce9,28.726941344458723,-124.76250854761572,4,4.3
15ddd5a0-6f0a-4220-a51a-3883426ca4c7,46.52269325667477,-101.30293454448953,189,181.2
68ddb080-5006-4f1c-8c60-37981e12aed7,40.85467372074035,-113.9787503783429,4,3.3
60900dd0-abf2-429c-aba6-687073498cde,39.83172293343722,-88.16037123914238,1011,900.9
322d6867-8ab0-43d3-bdef-9d7aa73b8f55,26.487405654515953,-84.91783139462285,41,47.6
38a2dc12-4d2b-447b-8e38-285db76dc7f1,39.104348454314795,-96.23587334610501,248,250.3
941116ca-a04f-4e65-9812-5eccd8906357,27.02401655596231,-122.60934799905947,121,136.3
ca49db2c-49f3-47c9-b830-7f1f202bb108,25.967441879884976,-86.2884005423351,155,158.5
11667bd2-c5df-47a6-91bf-db0154b2de5c,37.182772391059835,-75.31971176727424,17,20.0
008e01ba-a374-45dc-ae9c-05706ac3d2a8,34.069638351162375,-82.50086763774232,291,338.6
3be00596-1d0d-41a9-b790-78c3d531ff86,38.72025675390558,-76.0324827816362,176,174.8
caf44692-b4cc-4659-80aa-108226b1495b,26.230554201430966,-113.16993811049764,18,16.7
77971534-a00b-423b-ae44-75317236af23,34.774576571181456,-72.55561156026752,378,393.4
7bc48e69-37b2-426d-a421-4f65814049aa,28.36966787612895,-105.9905864117702,158,169.1
dcd89486-52ee-4059-a310-8fb9eb5918b2,48.67750214810292,-124.20911595913253,509,508.7
2653cf52-8fbc-489b-983c-7c9f101e5392,38.02875531087936,-75.23989286658482,497,561.1
256749db-17b3-4b07-9aed-f70f291b353e,41.185921523521685,-69.43254513108113,506,441.9
2e5b5c0d-540c-4d20-9a0a-46029cb246d4,32.13545701706519,-86.32206635237642,16,14.9
748f7a96-27e6-454c-b8b1-baf169ea601f,26.368472869483604,-111.34523880265795,26,27.9
2e69f7f4-4b67-428a-927c-09d699d3b685,48.39677156958842,-110.1470766073307,880,790.8
8c125ba7-e1aa-4254-ac3d-f48a2b2d4d2c,31.156475884579578,-97.47102046729844,134,130.8
1bf0a796-d144-4d14-9df1-215165778e10,34.59520462933936,-72.02796630351625,54,64.0
33bcf9a4-4146-4af4-abc3-5beb05e4e1ec,40.24659804256437,-116.17373828729406,294,308.8
b66405a7-152b-42b3-bdb6-5112718c1973,24.617432442152783,-76.26755349457427,61,72.0
391eb1a5-adc7-4a64-8bdc-421243246700,44.25647826293218,-107.81313428639612,260,283.1
5638d2aa-7a15-471c-92ce-abc919a7e4ec,37.41445475071551,-77.29341600368323,363,395.6
8525376c-8cab-402a-8b84-7f15f8783246,30.955429676720556,-70.70399934150922,307,318.3
9790bfec-341f-4340-878e-b964054fea86,25.540199632311733,-99.77786155233511,64,54.8
b99ca13e-d855-4310-b67f-315530ab9f6a,28.062460386861037,-103.46201140777367,103,103.8
9b431120-f43c-4b2e-8aa3-7812d2d1dcb2,46.37584647133592,-77.6689421806932,107,96.4
a1ba72ab-d0d1-4310-8afa-9915b746c935,41.15060559839728,-93.76050993961576,135,161.9
315c94af-a9a5-497c-aa8f-a98b260b1054,30.247543040922245,-84.61750614067137,37,33.6
6e691f99-b182-43e9-b5e1-f5dccf7d86a0,25.640019123625738,-88.2530750192904,120,107.1
6d179b6f-a82e-49a8-8f77-70911c3c0cb7,41.26538280966591,-115.97955810695701,143,150.1
ebf934e3-9cba-4884-ac9c-f335e926b77d,38.31019314919413,-75.15736874291586,152,152.7
20f110ce-5126-44c9-b56e-13760af26ea9,34.11298811145588,-113.44926842662497,1388,1122.3
08671c0b-0fd9-443c-a449-49d47641de30,33.0902862297516,-69.99535349982393,146,124.4
97bf77dd-e9ed-4647-945d-5383ca441635,29.42035689822771,-110.21629380609328,52,58.5
f9b91acb-9f49-4828-abcb-652a88c9b22f,40.74028141343794,-81.70102257684923,218,216.6
16676aac-49fd-4f6f-a0fc-68a2f7afb135,48.26670069484676,-108.20533178387807,319,273.8
b733ba56-d4b6-42de-b359-68adb6295e0c,28.392881145920647,-106.25066089337503,77,75.9
feb7a11a-e705-41bb-bd0d-0b0e8c490e7e,38.927915500387584,-106.70989068584399,207,186.6
070eb639-fd3b-4c81-87e9-85cae79ad67e,34.604626393649404,-80.87435701246109,32,28.5
30a0abc3-d566-40d3-a504-9a0eb6f7d890,35.16721804361662,-92.1479080398058,84,99.4
be304401-f924-4668-a1ab-137e5840979d,30.35368200319536,-72.90580510499767,480,453.5
f1d0e0b8-b753-478f-bf88-0e84189028bc,44.62837189153548,-106.86500956696136,485,397.0
e66e6b95-ba2f-41c8-8c0b-54d4fe04f771,36.13139010368103,-84.17244119865208,171,203.2
d4c228f3-cc81-4b87-9bff-d055ac529bc4,37.5851463049566,-80.57603261987647,242,270.5
2938085a-cf49-4517-8cf7-d683690cf922,31.619022819933143,-116.06255533123246,385,347.2
f1e7da26-bc07-4558-a893-bff777c3b343,28.545211641673745,-101.36522791813114,637,613.8
2f842e94-c82f-405a-8696-38da5ca3c43f,26.147759705070513,-96.51376783332574,135,154.6
d228fcc4-404c-4e7e-81a7-54ebb9f2614f,41.8529785231229,-104.01444399623192,165,155.6
b36ac2f9-a12e-4041-be9c-f28a70a4da5a,28.90585704219639,-105.99535683782085,107,109.9
b05374f1-0c8d-4070-af34-d87ae2e4de61,41.25188385471994,-84.50122625413913,15,15.2
3ca205c1-63eb-4dae-9293-6761a474ad04,33.75941115117385,-112.26388253809017,110,105.7
2e8587b2-8927-47b9-bdf4-34f40eeafda8,34.394370024741285,-83.14594603018341,313,330.5
84ce01a1-fbed-4980-a20e-b0c9a2ae025d,35.72943740231929,-69.83239241294689,327,323.5
98a41a11-68a7-4a5a-b14c-de97c558b0ea,33.192712703188576,-91.65334625051268,446,360.6
e125c0d1-4379-417a-b025-a0534c528157,26.515499430564752,-88.92538003237104,11,12.4
5f2c619b-db6b-4101-815f-fe11c8eef6b0,31.740795250071145,-120.93297057467875,150,126.8
658fd5f5-900d-4255-ba29-ab6ba86e3ba4,40.59335901734846,-73.99586268654814,23,22.7
5b05a2bb-6209-43d6-85f2-57e65d3e72d5,40.64461003672177,-108.15858055520793,45,46.4
463ace9e-7c05-40c7-84d0-fba986c2b463,31.155607680999857,-88.71198123381467,461,498.9
1d53ff01-350c-4452-bc71-7c2159df4765,35.5025656639422,-67.23238198505666,137,132.1
623e4822-efc5-423d-ad6b-cd8077070c9c,28.836180700298435,-89.86534656620434,284,310.8
e79352d3-4d71-455e-a591-2a8121a0ad4f,29.259302038245895,-82.24214023960172,13,11.1
93503030-2922-4c3d-9f78-393255d3abad,24.576177210165184,-98.72614252479863,108,114.6
f151611b-27ad-40d7-83f5-f552782774bf,46.418663747693614,-121.43841523261162,224,253.2
400a3815-6f1d-412e-8eef-fedfa4aba228,29.267666626872654,-77.94163838010248,29,33.5
22e19a90-0cfa-4e8c-a635-73693b6b1155,29.688346923411583,-122.93506836542484,79,81.5
db7154e7-2a89-4cb2-bb3d-c456c671750d,30.990035816128294,-83.66118809561661,13,12.0
94332dd7-e518-45b4-bf4e-bdc35900d28c,27.185201792385726,-123.64762718417143,211,182.6
c13e4883-5c92-4be8-b7b1-c8e6dba9701b,39.98157207953407,-74.12399104197644,707,663.3
fac23773-c428-48c5-8671-aab5b3ba2cbf,25.878573829439663,-115.69947388585415,351,356.6
d2e77b87-fa14-4aed-8a9b-85fd3afe9b26,27.355060658158756,-94.65798176888948,735,645.7
95b65644-d99d-450e-ae35-176c0e522d07,40.11891816475232,-89.7681084354943,374,441.7
b41c6507-4eee-4140-a61f-32ca688aba2d,32.49151551203607,-98.00482096496869,386,447.3
67004b94-05e3-457d-9e49-8991c3361bb8,41.69869566752973,-104.89495412841566,172,139.9
b57dfd4d-28dc-4f4b-95d3-fa0b3ab3824f,37.93561861675355,-97.39895652532267,146,149.6
b1f83f82-a6a0-4227-8911-9d8b010d0535,30.40052932653783,-106.62647052101164,104,116.0
2b335716-26cb-41a4-8997-0567fceaa2db,40.2706987622332,-99.15078152222907,341,306.3
bb3fdd6b-9244-45ae-8618-4fa6ad2be433,26.906842007322016,-103.82413353111619,40,40.4
fd0cd7d1-9ae6-4a92-b655-d86e15f7fd40,37.41025957700076,-91.59391541307843,12,11.5
0c5bb2dd-731e-42e0-b65f-0e221f69727f,34.92870262612587,-110.96247442754597,591,519.3
d8c0e3e2-5a48-4b66-b496-b0791af7c5a6,30.69683957043602,-66.66926326007327,1,1.0
e8f48f85-4341-415f-8997-520bfbb76120,39.1001249434875,-95.44867275045223,753,901.7
47675bcb-e2d4-46e2-8438-2b7df32ce837,45.783339808507066,-113.54443743254393,261,246.9
f446fddf-b284-467e-bb02-e02a98b756d2,48.972617494076914,-96.85306177553093,80,81.7
57f66812-86a9-49bd-b2c7-a15032461037,39.19406921858561,-73.88150735803538,239,222.5
55114f3e-8d07-47a2-b849-c45b7b4d1da4,34.11764685822925,-123.71339920566066,341,392.4
12879e74-3fd1-49ba-a0a6-78ddb62c569c,29.63017750540504,-84.90630697266997,56,64.2
a5c6edb0-e9db-49eb-94b7-43acf90c2c7a,30.427402234877793,-92.66989998915824,295,257.1
8d187316-435b-40ad-a091-5bf9c2f7f99c,35.98637445374414,-114.996078332162,326,378.2
e70092c0-8931-4077-983d-59defab0ffd0,33.18194253201773,-76.76889008100969,57,49.1
65069702-fcea-4049-beda-4832f4220467,46.8453630656236,-103.23580727993367,9,7.5
ad5fefc1-7811-4e36-9026-4395f30d81b9,33.20738669139274,-107.66568029988505,46,48.8
ff240984-1a2c-4a25-b548-1e884298f758,33.33611477863589,-76.14061368044284,45,42.9
324767ab-1699-4ce6-89f6-69ffb065092a,33.588362810849425,-87.32702227469179,13,13.2
e00b6c1e-94f4-46b6-9993-d558c9c34118,44.91550525919145,-72.00271406318535,259,274.8
04eae5ae-4ba8-4156-9bbf-b769200d0246,40.26970802117255,-87.83686148339923,96,78.8
b95b04d9-4bd1-437a-be6d-7d4b5df51ccd,39.35422125797231,-81.2917581820052,431,395.3
3df5d142-e96d-4ff6-85a1-e9b039079391,32.35357555959656,-75.64969212068284,58,57.1
15390be2-a5de-44b9-9db8-15dbce0e5329,44.44760442081099,-121.77036148131373,121,109.7
c0ab31d7-0d23-4dd6-ac9b-d8229147a62e,24.959096533892527,-79.21311142670656,204,167.2
5bdc201f-039c-4304-ba40-bcf828df383d,45.76992930845283,-88.79131757087498,420,350.6
0ec60dfc-7d21-4c5c-a963-0edec605fc13,36.81874749484824,-120.8990400056036,149,167.0
93e322a1-eb4e-4445-a5a6-acbdb8c75001,33.95625587158532,-94.99390260974582,94,109.5
8b76a1bd-e192-4039-8bda-0d777e746885,36.42918201794214,-120.13497339894673,404,347.8
c84e3dda-7484-4f5a-951c-4d5518c5fbaa,40.68538826334577,-81.57911509832988,74,66.6
831abcf7-7ebe-439f-b026-578c3220a140,24.319135662947435,-92.7563988800249,17,18.0
002a826e-4827-4aeb-923e-c7fefda3ad61,45.78879641145619,-68.73916129267445,118,139.4
716e2936-9c45-4890-a16a-c9d82d2367a0,35.16848813278482,-114.19501307726557,308,283.3
a7acaba7-d3c5-4779-a42c-47a12ae58fe5,32.574162992501954,-89.24402630129768,6,6.9
83790039-30bc-4d71-a408-21ec62dcdd1a,27.456139140851427,-112.51665406034101,176,176.4
282bf95d-765c-4930-b3f8-3a78525ffb39,34.986634358961055,-88.77016590108349,181,214.1
835c852d-73ad-4e17-b704-1b554dddff21,36.40806928210947,-82.36366756070947,528,451.2
5676f625-3ead-45c3-9412-56173db523e5,34.09116736233695,-82.38404456955723,68,80.9
773fd597-171c-4cb9-8535-7917757ba7c4,40.966502345672424,-76.91063454972601,65,63.5
becc748a-b1d1-4cbe-b097-26bab35b58c2,34.52241321898065,-74.64053655045932,116,137.0
2d7b6a88-4997-4322-b021-324bd654b150,48.03543944616433,-120.44096815023656,88,86.5
c98dafbb-98af-47f1-ba32-a9985ffda362,38.98193794558979,-104.74723773272817,267,270.2
92493cc6-69c7-48da-8348-b7d64826ec3f,44.18694839129772,-84.45977129877147,205,230.0
621369dc-7f87-408f-b8b7-bb9b9dde6ce8,26.733897577736972,-95.58340904391848,285,310.4
7e7ef987-926a-40be-8ca1-a6d3f625cf65,33.93228232364764,-113.75011914146731,1388,1454.4
a1eb8e7e-d5ea-405c-a45b-68c937f4b317,32.42119253617882,-92.39013536016482,513,496.0
d0860bac-9c14-4deb-a0b0-399d7e3903e6,38.23705970341479,-100.96129648679752,113,126.2
fd584f00-bb89-43e2-844e-a071bd8ad1e5,45.52783800153564,-101.987741618396,836,985.9
0f1e26f4-0373-45c5-88f2-31b9f14d4cb8,25.958455444050166,-77.22453067129584,49,39.4
4aa8b6ab-fab2-4ead-9b0c-70739fb390e7,25.81436995111777,-100.95169830390131,251,259.8
627307ba-c896-4a2f-8c82-d97d3c9971bd,45.257942703939975,-123.43918417665498,153,175.4
cf14078d-6738-4e5a-965b-88d99531f723,29.321252150958934,-121.57426300542562,340,360.8
61ef60be-531b-4e76-a93d-9f86db9ae47f,40.71883136124534,-74.4816015401944,130,145.6
8e64cd98-7a17-45be-8b7e-d38087c97610,37.57195330902013,-68.32455220926124,306,354.4
8288deb8-7ab9-4eff-b34a-3cf5040afdcd,44.822339872180734,-84.38384914911325,532,585.4
f19b00c8-8f9b-46a1-a611-d03745f6cf49,27.12722274591009,-103.50227064809528,264,286.9
45dea945-9bb3-4c16-b7e8-23c9a278efb6,27.244574143065282,-69.62258136811107,299,354.6
c380ab71-4c9a-4bfe-85a4-1c33a36590f6,37.920459006957685,-85.89461790383159,14,16.0
551a5cd7-4173-474d-a59a-38b7d3d9881f,47.65946633395927,-75.18432059723908,46,51.8
1209a924-4b88-4727-bc30-7980394bf934,34.374943959268855,-79.81471406181646,732,610.9
02dfa731-76e5-400e-a6d4-984bacdc393f,32.17355250636737,-102.63078036941704,236,211.4
d697b897-3c1c-4c2b-8083-b7c3f1ff8e61,39.167233079947145,-96.75657014980365,165,168.7
7633ab11-2490-475d-8696-1671038b29bd,47.26121501362577,-114.01820289228213,91,98.6
63246d97-44ad-4208-a02e-06636c037af6,44.92319582111559,-107.77116807399669,9,8.3
78ae3f54-4bc3-46a5-a88d-3dbc1a1fcd0e,48.887090268330496,-79.09058598409521,92,77.0
d9433264-44c6-4c84-bed7-2c0bcb313365,24.564214580059428,-72.25527487889661,138,127.6
633bdff4-77e8-4447-8586-d3d77965aeef,26.821453617819056,-82.2568350281667,48,53.2
f9617087-914f-446e-a990-0c79070c08fc,39.23669408416555,-97.55475189725834,38,43.7
710c0621-3a73-4be3-ba41-3f282539fee5,44.51441098334624,-119.8959531325549,142,165.5
138bbd07-b5ba-4b10-8eb2-7faf24982bca,31.131108557669165,-121.64007102679156,176,167.5
b4047c03-a03d-4b2c-a532-75d9fa2950e4,29.98027720085547,-102.91479168784163,55,52.2
4fca02df-53fd-4e14-8c46-951b7cecbd2d,43.674394984530025,-97.63451859270788,177,170.4
54d17194-d49f-4c94-9f63-a9291e96e963,25.40954634633079,-89.06188328941548,461,438.1
f3131e6d-9ac4-47db-b7f8-94b3c08b02d6,33.23456618956463,-124.61711823816717,128,136.5
fffd5249-5378-4952-a81d-15819fa42ad4,36.645230564808244,-66.60634946248793,390,367.9
ee2d54a4-6e70-45de-9f00-7821ea581194,38.008716858758085,-103.52760587916147,524,423.5
1689510f-e5c5-4db2-b601-e6a47fcc468a,42.21537891981942,-74.96241483573384,19,18.5
8939dcb9-3e00-4fe7-92b5-ab5babde0825,32.871143085766455,-93.43696436574115,20,17.8
6dfb1854-2910-4e96-818e-d4a1208d745b,39.317108616865184,-117.30407218253256,129,104.7
c7f629c4-b3cf-4b91-be70-edafde7f170f,38.63438556977391,-77.9436324004632,177,174.9
708d3654-6a86-473d-8d3b-f9d1c588b0a5,37.69040251634368,-83.1202025797273,111,97.9
087cbed0-2ed4-4c6f-abcd-72e6a9f4e8f9,40.01208232855531,-93.88127098917555,79,77.5
c6bbb423-5b5e-45e6-975e-6b87ceff4d2a,30.486229276701906,-94.64136761130698,205,186.8
c3910d0d-7c37-48cf-a590-640985daad44,26.116218839615726,-119.83870326069524,0,0.0
5e16eae4-01ec-46f0-b475-c101f4af3c30,26.981791800993584,-86.30491203414144,689,824.3
2999daab-f61a-4a20-84a9-6ba978bf0f60,29.614559566347527,-71.23653581049632,53,54.0
f94abd81-528d-4abf-893e-cf9fc75960bb,36.50494838806963,-119.49854976593986,498,527.3
7e92274b-4758-4b10-970c-0836dc31643b,45.0110687636505,-109.45282441171462,23,26.9
acde7f66-75a9-42b5-af78-03e3c1e323f2,41.53233355220961,-71.76382956691617,54,51.3
5d21ea1e-cc19-4896-91e8-2e889fcfc36a,43.726015105051175,-108.2237093206322,54,46.8
7b382ae1-757d-4e44-84b1-f3550362794e,32.77439059815229,-86.41732334138435,1112,1015.4
876e8c1d-56c0-46bf-8c35-23a63f15d2c3,34.11634354121375,-93.44572826835449,5,4.8
0848c929-7276-4d82-bffc-d3bfe8f0a519,33.84204714976532,-89.81667130477214,204,215.8
88207923-a4f1-4d6d-8ee4-e90e566a6a37,28.79682961011254,-100.46845480694206,408,327.1
4781dbb0-a6b1-41ec-a9c8-2bfc589db89f,25.5304164535893,-107.30050323733104,223,254.5
72e31b37-4fa8-48d7-8952-67f3801a7fec,38.77290232068067,-122.13652640694953,90,74.7
e91c04b8-1af4-4511-be19-587f11c30f33,48.73041708551465,-81.08742458164431,635,736.8
d9857474-e929-4059-ae18-c833f2475551,28.17074262375657,-80.98048573054062,448,528.5
ead57e7f-0125-4269-a2d6-92fab94142d8,25.167120497481843,-85.42718133535533,114,136.3
8c528b19-2886-4f50-90bb-486c3778be78,43.48829204559833,-87.02560650094239,170,191.0
4f7e83dd-9f2c-418e-a476-f5e7e305ad29,30.314650167118103,-110.62068920211595,685,586.9
c72f4b5b-1699-49e2-aa7c-8725de5247c6,44.74109513382321,-123.68164890778881,810,876.8
0fbefa47-f39a-44ce-bac5-387aed8b0663,41.598416675862886,-77.28579158375905,120,105.8
7e57d494-530a-46cd-95f4-4095ce3d0221,47.64183842627011,-96.02282639394622,376,435.7
59bde9a5-9547-451c-b335-990310f8620c,34.2231808939168,-106.89655028854551,72,66.7
1db714d3-6499-463a-96e7-bef32dd82fae,40.54924598626585,-118.98601749994637,93,86.6
0a5d5ac2-4b28-4b5c-8ecb-ea95a88f0cd3,35.62136952033177,-121.29942613681808,162,189.1
11704725-989a-4dcb-9be7-c75a5e632ab0,39.76471743271359,-104.41686341408453,47,37.8
d3712f03-866f-4de3-83f7-d8ee499a15b4,35.23997265019344,-77.52051317875052,214,187.8
7c7533f6-96ff-4bb3-bced-54de64442641,28.715806160601872,-70.795298789304,143,138.5
43831bac-1d66-478c-b771-61673b661cbd,36.69743540008452,-72.09166948782918,53,57.3
fc1f5482-572d-4c49-b2ff-31451dd1310a,37.21460503593606,-70.71995074977036,103,109.1
13eb71d9-0c00-4445-8345-281ff3120132,44.265096206504026,-71.44420475536879,93,99.3
1d9c66d2-c172-43c9-b581-ace9707e74c6,42.38801764483953,-93.89373965557664,874,1006.9
741cc7ee-08de-4d5b-bb99-3e31b3718a55,40.5947905985361,-112.05447732514267,384,325.8
2eaf3d1c-2ea4-4299-b941-a9dafded13f3,26.834677388814313,-77.9152516126276,98,98.9
5e3ecca1-3157-4385-8d2c-34c2d1e251fe,42.015407266592874,-112.39093448369783,490,534.2
9067921b-33d0-41f7-a016-a327380504b0,36.50762890886287,-109.23477067136243,84,88.6
d5cdd61f-99ab-400f-ab48-34b775530213,46.35248840265398,-111.23799501246964,220,215.5
e34c12f1-e284-445b-8cd4-a804ed1bca85,46.99677335326357,-94.61603818194746,680,548.7
64e78ddd-0849-4ede-bdc4-b71493053469,25.378914765044637,-106.01217701802429,99,81.6
7cfc7985-12fd-44e0-985c-52c19bd6670c,44.516039008861966,-115.90479307210485,228,193.2
68686cd8-15e4-450d-8e3f-7004e3a11edd,24.942434760566766,-98.26276869826094,70,65.6
3c7ecced-9afc-4918-b855-258817f5b64a,33.17924064237557,-73.43947291167515,62,52.5
de72cf3b-7e71-4d07-b9f6-df36e403edad,37.55749939052698,-91.33738155795163,171,165.9
2ff4c956-2b3a-4783-b887-0b4b7cc9b723,27.702519965678185,-73.17819925263237,775,675.4
58f77ea2-fda0-4dd4-a2e0-793d960c20a4,42.65784531422692,-113.44354108033089,121,134.5
03875e7b-adc7-43e9-beae-09f9a4994674,24.208867604303464,-115.14854145331931,555,637.5
4b0ea758-6fef-4c1a-9845-72d3a4ea067a,28.21497621085092,-91.0409495837932,492,470.3
b6c397af-7af4-4939-a3f0-5b38f2003bb4,38.519920746336894,-97.66359480876989,59,59.3
8ab45dc0-502d-412d-b6a8-b40e966e920c,41.85968905093231,-86.04981414282955,103,121.7
d187f81b-5035-42b1-9ef4-421209a195ad,46.916077567347905,-78.11701932941989,206,208.9
3fd690a3-f89f-46e6-892d-e73bf9669b7a,41.63741629836559,-80.67286955652159,146,174.9
09a553f3-087e-4433-bd14-c33a3cc87629,40.79448175637165,-69.4065907541449,20,17.1
98b3a94e-407b-4391-8b3a-394aa027c0e8,33.85852865876661,-101.50287185973632,1013,1159.8
e6a9e3a4-b45f-4487-82ef-a003169c94ea,24.032110638170035,-112.82318220735733,279,278.7
08bb7400-b9af-43fd-99cb-88972442d3fb,27.00398146839055,-92.49615424307474,115,93.0
154ddbcd-7160-4d77-942c-dc8a198985e6,37.36386361890098,-118.46615590872005,193,229.5
23697513-0d9c-4c56-8723-20fef9c5c355,40.878247146110496,-107.95778372343375,18,21.3
a0481a2d-9dc6-4517-bb8e-658bb1babded,34.43620709741156,-112.73460473947448,137,130.6
b197e191-cbca-435c-a2d6-0f7fbd6bfad2,42.26697528820976,-101.60274070897222,534,631.0
8aabab67-866a-4ebf-b951-ff6bac151618,37.04655738330447,-118.43822207486929,454,388.8
962e76fb-d308-4a25-aa7f-45f34e7dd365,25.854404889857804,-123.12133707166223,82,87.9
c6d6f698-567e-4f4e-a6c6-4a8aa892c352,28.80040627419872,-86.24915372682813,152,133.3
b3346deb-17a5-43f9-adc8-7ec500ca2941,44.999955581098575,-88.99531028090152,239,214.8
d75abce4-fcbc-4085-8475-a20b9d971d92,42.12281866561099,-83.20682277371898,83,92.3
cc4099bf-8373-4371-a4b4-8d6af05b7216,46.369049675312375,-86.0372000239907,13,12.4
83581f40-a3a3-4c72-a6a1-b4c3c3784911,26.938931228023414,-118.25661381259937,141,113.2
cbcb76b4-fe6b-4849-9637-7ba391449741,48.755563365376844,-107.82634599883687,184,177.7
7143e087-4250-46db-849e-1259353ea04f,29.23516784874834,-117.3579300158792,1,0.9
51ed5221-605f-44de-b320-8bd514997dde,24.29449690716605,-75.26462827913477,20,21.5
080e7426-99c3-40e9-a1f9-e2e62c92a073,48.93557347633885,-80.93268433402412,46,40.4
0d2cf2da-e1e3-48c0-8e17-5d3483e8d38b,31.026847136127827,-113.10990682782369,86,97.8
07f76f2a-4525-431f-b0f1-4815dce87059,40.70048631281399,-104.8627548110963,156,141.5
34b018d4-45bf-4171-a217-1128a1f1fb86,28.41705785440763,-67.96971545641136,70,67.0
26cc17c0-d628-47b2-825a-99ff92dcb871,38.50571330497854,-89.94459788510056,65,59.7
9ea9bdab-25e3-4173-b859-e3bdf91cb8f9,46.60087466136398,-77.73181975923171,407,430.4
7deb3c72-57a4-43ef-9a63-222ef2426a4f,32.004529185710965,-109.38912894864498,31,26.1
3e98f17b-99e8-4b7c-b6c8-6a3fbb404370,40.75634940110898,-112.60687770942098,137,135.8
8e77cc26-1b39-4fd3-9b35-eec60a15a836,28.697589719960412,-78.74890119805364,611,570.5
b536ba2f-28b4-4dda-a631-5205b021499c,39.61988496796813,-84.53352514134502,196,226.1
228ccddf-5de9-486f-94b1-eec599669aba,32.41125879543775,-84.82230217650594,253,209.8
6b05a85b-dba9-4a41-9e7f-c7a1b149be47,29.280206464698793,-92.39455967207756,113,127.9
fa40719d-5226-4f18-9dbf-aeaf0f3b642b,31.82955126759088,-91.74887777618362,4,3.5
1c489fb1-2b83-45e3-b3d7-3ccecbbba6f3,28.471026712694986,-81.59384718693103,208,173.8
5ed6ade6-46a9-465f-99d9-c5c8ea783dd6,46.54790269594707,-109.06985361384947,200,176.2
354df18a-9d20-4a42-8f65-bca2f84bf0be,33.92967215792822,-104.18666051443961,23,19.3
fb0e6fc4-433a-4e58-bfa6-dd42f2cf1fc7,30.131982624359182,-73.57343053931675,124,125.0
971d4da0-7f4d-4377-967e-f92f72ee759c,35.21019602539832,-106.7769531402827,494,590.5
b6196ae5-e3dd-4ebc-8ebe-f46b5be5b024,32.01340417016239,-92.76773528862137,46,37.4
b5d82b39-a90b-4f0e-93e5-21052c92d036,42.61048134533315,-83.54427162360564,124,122.1
a872fd23-929b-4834-9057-e62e14aa2ef2,48.28049779713736,-66.00443521684258,124,118.3
6a78e874-3e7c-43ab-91f9-9b83cd3c6d41,34.95084141744117,-99.31781144177542,333,311.6
42a55c8b-c794-487b-b685-ff09a3b72a7b,45.525834999306014,-99.74252027912831,348,324.6
79be9f09-f4fa-4e03-ae0b-55b98c26089e,38.146576838990484,-75.28728561341362,285,330.0
25de2618-9666-42f7-a5aa-f8e1208030d1,27.930891627355837,-77.47531643566806,91,73.5
976d75b6-560b-42dd-809d-b6dda7a65306,41.26556855203354,-81.86652297766165,15,16.6
72136d4d-427d-40e1-994a-d73b00b72f42,36.835862428145504,-97.6694513928673,86,77.5
b424a310-ec9e-4762-aa4d-6df0c894863d,40.26516308130259,-105.88759191051777,228,217.4
9734c213-9804-45d9-9e15-a51dbdf2d687,46.242185314291625,-89.08490152749394,243,235.2
18549936-f857-462b-a114-acb9bfea1f5f,35.01086426640115,-73.30282570523318,670,617.7
70a683df-c199-4ad0-908c-554e8380b741,46.52944058043389,-72.85712996569339,121,101.3
b526d714-e588-4220-870e-ea6a7ee89f81,42.76672535704137,-118.59859764084413,200,169.1
da7a9336-33eb-44ed-8aec-9bf30f914c24,36.21512314694962,-99.7273332550241,155,142.5
3e84365f-cf52-4439-952a-067234aefc05,39.080553391449094,-97.58140458427378,33,37.2
1d9fedcd-c2ee-4bfd-991d-9a2027927be9,32.13952831297529,-67.32069331609856,124,105.9
07d010db-2759-43ab-a530-11f2a5f5753d,48.589932493469355,-84.99811710068752,157,172.2
e5014aa8-e3c2-4ed8-ab7a-ae1a04572a4a,40.683779076259896,-100.97246138153784,602,551.2
cc25c7a1-a965-4a96-8a3b-83edb2ec6a68,25.09617131241575,-123.46258472685001,91,105.0
a62c74cc-9477-46c7-ad71-bb47631032cf,32.16554764370022,-91.64227555414743,783,760.6
be04de3f-1817-4b33-bbf9-928786fb3e2c,39.582860843976434,-119.33151743733698,156,135.5
49f04092-3634-4249-9791-3439ea250370,25.408331944980993,-75.76745251648198,56,66.9
caaf1ee3-4831-4eba-8ad3-04559a836df8,24.59710478297857,-80.60139902634864,43,37.4
7049a82e-1c25-47dc-8dbb-e464081de302,35.25060598819506,-97.82995956541745,31,31.8
f2123e1e-f23f-4e8e-ae3b-cc1b668b9d56,32.31725449231675,-99.67656400703972,121,124.4
d1b74bd9-c90d-4f9d-84f1-b8349c94cdea,34.95746520082915,-72.05700103144264,4,3.8
7f443012-d7c7-4c88-99e5-9ca49cda2433,30.56733274700013,-107.98095732533042,118,139.3
0b3a3d50-eaea-439d-9d53-ed2c970be77e,28.117943673574523,-110.30782223570053,891,1013.6
dc64300f-c296-4353-8854-aface107680f,41.22858392450844,-69.58735146328004,222,251.3
b8b48c0e-3513-4bca-879b-844b41bab8ef,36.86427790669501,-77.25449563154453,285,339.1
97a46b87-70ca-4cd6-a5c4-2a7b807d6c5a,29.00385528123417,-76.58309000903552,25,24.6
77dd1e69-c960-4eab-bdf9-bfa9406524a6,31.98973565649996,-113.48356495772039,128,107.4
f28e9af8-879a-4e79-a952-a24b6112ee28,38.79519769158315,-116.54553650557487,67,74.1
4199050e-b8a9-4ae4-977d-e98325c02276,25.805733706811946,-123.46425656078904,449,427.6
1e4d536f-0f51-4b66-be3f-31429af06b10,27.68632523165449,-111.01455097379788,40,35.0
6f79a46e-1777-4586-a8dd-7ccc76c7e9b2,25.831140102684753,-79.32276098885484,123,122.2
9e8fc1a3-7fbf-4781-a51d-9dec508c7a28,44.30793331785297,-110.83773329291516,177,207.1
8b0f8b95-ad00-4f05-91e2-33e8068a882b,42.81023083030023,-81.98290626790231,144,125.1
782b3b1a-2781-4958-b488-a8977440763c,42.83282329698143,-110.13741234332213,355,404.5
a81d9c7f-9452-4012-ad72-8d7242feb17a,41.9081335869007,-101.67774262091038,53,51.3
06269514-b793-46a9-a2a4-5d65b22b68cd,40.73463559174673,-66.9934248952269,95,81.2
5adb25dc-59dc-432e-a36b-da885bb48cf5,35.92479788445438,-110.556107854236,314,357.8
9ebb72d5-7fec-4482-9602-196c612d3d70,40.05695408767787,-102.79413298940221,150,178.2
0e6215d0-3ccc-4d4e-b0f7-08e6a06ae9f7,24.959038869699366,-107.23585635255239,103,94.4
92771026-7259-44ae-93ee-55a96bd23f2f,39.53661056641961,-118.53212580652986,6,5.5
cb930955-c056-487c-8d96-9e73fc0421dc,43.44694263842193,-96.09624561428133,280,267.7
df68d231-8ac2-4b1a-b4fb-2fa4537f6937,36.508959009609754,-102.65725086335286,716,806.0
6927b1ea-2448-4efe-b128-8a4cc9db75a0,32.93783321068092,-84.00166193737047,194,156.0
3f407fa8-89b4-478b-8947-ab6c5c55134f,30.93566837002448,-76.76192172985878,388,345.2
71d29461-2947-4aac-8255-70a7fcc8b5bb,40.07005125405206,-92.88926684475733,145,156.9
1afe9cef-989c-48c0-b611-e18baeeb8135,41.32002996574772,-123.10041109684713,53,51.0
e3ecf017-2b1e-4c78-86c1-fe073b16ad6f,45.774189996563564,-88.48358098215142,3,2.8
e5dbd446-cb43-461c-a496-bcc9302d55f8,32.55835206152477,-121.73194692876459,212,243.6
329a34e6-80af-4582-8c9c-8c21428558ba,43.24430768463964,-88.63497690765753,136,158.7
87a68607-9ddc-4ed5-93ed-502ea453d4bb,38.033895604733445,-84.58323299311789,305,359.7
0882b2ab-9a37-49e4-b949-1fd9706ab4b8,46.07091226695198,-113.33170997056641,237,215.4
c0759455-c3c9-411e-99ba-c0a6b5d76c4a,37.19530270739052,-76.65857722541551,884,1029.9
bc13166b-d9ce-4c47-8f72-b89d92067517,36.940745709949184,-71.24597723713114,143,156.6
eb22ed2f-481b-42c7-8689-6a555f30aad6,38.44692703602273,-77.02786911728464,111,95.6
6f392071-49b0-450a-b0fa-ac8a05ff902c,42.732883878560855,-106.99855777748715,331,345.6
7c9e76d3-8320-485b-a32f-6871c53fa83e,48.117261970711525,-90.38806226570756,130,105.4
123fbb42-dc4b-4251-a7cc-5889f603af7d,25.83908385539414,-71.02590619771756,413,447.4
ca6044d3-57ba-449b-aadf-f43d14338ca7,25.33586505977543,-106.08078115285186,9,9.8
c091c5b6-18be-408a-aab0-30d830bc94b4,47.43875843518346,-76.61835848633993,762,850.2
8d4caa37-0d1e-4110-a535-32cbe015f64a,37.246890637955154,-124.44096725555991,1001,869.9
5561fde4-eb89-4175-ae51-62f628dfc386,39.3725753641734,-124.7848445357041,182,191.3
c1c89a43-a5d2-4f68-b8ea-acaad52c77b6,36.060590039868224,-80.17701204000093,81,70.6
fc437f7e-05bb-4606-9d09-135275bb1d5a,26.34143631518686,-80.07459265449985,50,58.9
41c8ccd4-d670-4285-a09e-887ee6fc75c8,43.20223446046666,-78.45034591671467,65,69.6
06c430f8-5334-4469-9b32-254ee64b9d3f,42.68061612721468,-70.12841656459842,10,8.4
4d763fb3-362a-4c7b-bb98-fc60b0012529,31.7925830373203,-118.04352760260323,129,112.9
b41b8c42-a7e9-46f4-b50a-74d3cc80213c,31.65598113071001,-111.31288588596239,12,12.8
b17a4f87-2352-4b56-9bb7-d82257e41056,44.94603452263796,-71.68022969794535,254,251.6
699c9654-610d-47a7-ab21-392a0d7f1efe,25.808931443533165,-114.54306433143114,282,308.7
fb6bde4d-92e5-44f1-ab0e-af4c1a7d5213,46.02762870891415,-84.74847321298154,44,40.1
55e8fa60-a79e-408a-9ed0-3b8924af25d3,30.41654224739786,-93.7026829975919,157,166.9
641def95-9b6c-4499-8496-1e7facc08165,38.824618693887345,-120.09157306576107,728,633.9
70b87075-b47a-4248-b921-9b8a90f8b5fa,47.39985447504444,-108.16944394544956,238,242.2
7e759125-023e-49f2-8dce-ab437d4660e6,40.95306253841616,-94.29803922998289,135,159.7
e2f893b7-146a-43a9-a4ab-106d896c48ee,34.36074531167591,-74.71134311565379,300,315.4
23a2444b-a1d9-454e-b533-2e11a490a5a6,41.23835522263538,-83.25522911273426,267,218.9
1636e45f-68a9-41b2-84ed-3509f14c7b47,32.59949090790926,-88.30889347415895,445,532.0
c93fec9e-938b-4331-8bb9-0908d6b4bca3,30.931460408729652,-95.73405949345653,46,39.7
83b57993-a9e9-4407-9b93-77ae882448fc,48.91708194836699,-107.37764495496607,392,426.2
79596776-0b9a-4471-96c3-b4defcf820fb,42.769755779494695,-117.96455023216359,72,72.9
0724cd34-7fa3-4c49-b4ed-48383b32b337,40.11799943454544,-100.86451396060036,566,519.4
c43168a3-50f2-42a4-abea-280116e31cd2,32.88224108048297,-123.31740885923374,66,57.5
f86d792c-241b-429a-a3ac-5578d267545c,25.229020728876204,-112.54770253325582,523,455.6
8bfd15a0-d4eb-493b-97b3-886a5acbc70a,24.77642190087889,-99.48348082351308,664,759.2
726f4e34-da7f-4377-a190-0365d5b422ce,37.854531386219975,-100.30229404535702,31,35.6
b60ec7e6-857b-49c7-b35f-358938173040,43.05081802597628,-122.38656957117745,734,723.8
13ba8058-d1f5-4ee3-91d8-e8ecebed1695,37.43447976109638,-90.2454509420078,18,15.1
faeae163-cfba-4a77-ad77-d5fa0bb1fb80,45.019626798477866,-92.56862890465906,49,56.5
cbd6eac1-2f03-4c0f-9981-862d0d3c0ba9,24.83566332733054,-120.39184606276615,117,116.4
73aae100-bc3c-41d0-bd31-4657b8a1b2a3,33.168801910648504,-69.35337990483407,1010,985.3
b81cfbb5-9dd6-4fc2-9274-c55584d51b03,29.92675977935445,-119.13641604189925,134,129.0
55b0b523-bd22-4937-b75b-13f33913e661,35.18182420392805,-74.56478507699717,160,151.4
90ef7a03-93fb-461a-92f2-1f110517714b,25.809409829853063,-124.98172581701465,237,239.5
e8835401-4e69-4280-a7be-75d7d7afb4d3,47.85329103927681,-72.94541539232239,690,718.9
1da975fa-af11-49bc-b4f2-2c43085fc38f,29.581385026734022,-123.83653579994557,306,301.9
5cd351ab-e9f5-4690-b775-70de39626360,47.05769438708962,-80.28909011836515,51,59.1
7ea4f359-22f0-460e-b929-9e62842fb99d,34.64732887591705,-103.66024213328508,72,66.7
8c5346e3-7acd-4d62-b512-be976ad6a6c9,48.63810333138045,-81.44520879195713,21,21.7
316d0510-d6eb-44d6-b75e-136a8ea86581,37.85145958650527,-101.29703287992626,207,190.4
bf3fc738-de5c-4f83-b96c-983e6a329e21,47.27082160439519,-120.81643258242134,40,44.1
fe96f5e6-13e6-491e-b704-80c06d98d48b,24.13372471735557,-79.71710497167352,60,50.5
cf018250-672e-4ea4-8377-1ba13f6df7b2,42.705970154522504,-120.79609156603946,438,383.5
64f560ca-ca54-4b45-852c-968998dcb6b4,46.576266327562884,-70.59489427828814,79,88.5
b93982b0-d7e6-4204-a8d7-4c0cbd7cef37,27.493014174473853,-121.99253188829198,167,145.8
fc40e0dc-db82-4b3f-ab99-2be064ee45e6,26.403146293303788,-96.71980861148059,101,106.1
ff83278f-a061-41bc-ae10-19fe8cd4c3f3,34.61431517964889,-82.34096857980305,15,17.8
2490833b-3a60-4851-98f5-6936d1ab3e3d,47.34197265332338,-101.79845857726977,90,90.8
694e63fb-af99-4e04-a9da-e709eb362290,37.55966400476097,-112.18322499904636,105,91.9
e2a1f0ab-6eb1-44dc-8b7a-4df611bfe759,37.1864115930433,-80.2136332776344,452,419.6
2465e1db-b639-4f0c-a281-3742135d8748,27.528152957483048,-78.72661241746513,78,88.1
c426809c-b0da-4168-9a77-a49deecc9ea4,24.01973777733047,-70.56099594669234,95,89.4
96bd42ba-45c1-4e8a-b06d-4cf95dc15d46,44.25350226863653,-102.80625848456641,305,332.3
a986f8fc-8256-4b7c-a32c-4933396bf1a7,26.189364074655956,-95.13114766465772,285,316.6
eab5d8eb-eaa9-4be8-b418-5d7b5444193e,39.8462454683831,-103.57542187208175,320,320.2
ea31d403-9acf-443d-bf32-f95c2b73d7bd,46.86541136287978,-109.83217251076928,615,684.7
0ddf23f9-86fb-43fe-8972-b37295301c66,29.216297828960776,-80.68905526928108,317,293.8
7bc02e46-0edf-4982-8424-7758573ecdd4,40.631820905922766,-104.96054114399962,105,105.7
7f0f75a8-8623-43c1-8cce-de5926168a3a,25.967464417687736,-99.73918292245122,345,370.7
abb9c715-41bb-444a-a0f0-80944e0197bd,39.093878595940325,-101.18325420018236,142,123.1
6878dfaa-c240-4780-a618-8f013653272b,28.098293023830067,-82.952987686842,65,59.1
133b993b-92be-4a2c-9974-d1c219941ea2,42.39883901287945,-70.85005805946989,72,76.4
36de7a4c-2446-43d6-9034-0d2ea948f5a8,31.530782369847707,-85.66139238286473,51,54.2
5b3a668a-07d2-4c64-b691-be484a73b4d8,35.58477522011616,-97.17662683044028,31,30.9
369db9a9-9729-4812-aeb7-2d465e477812,38.98576355069054,-79.02689823040588,41,45.8
f062a047-dbac-4715-9ddd-f875d3fc457a,28.28183526665599,-87.18269187679388,13,12.9
c11c79dd-f288-47e7-a7a6-c0b485b7590c,42.54094546544052,-121.423988930049,439,506.0
d77808cd-ddb7-49be-98b7-f293e7633752,31.566008515920366,-119.35584840128834,535,585.5
a27c8f3a-ce89-4796-a915-b59dd47f50b8,40.559296497818835,-122.76290029965563,177,163.9
b81195f7-17cf-4e06-bf08-d9f02c999463,27.95707626748434,-98.04783675382713,367,351.6
82de0573-1d4e-4497-9be4-fe97b3befd5c,41.202941480158756,-76.27464737400108,41,43.8
c669c4ae-9c9f-48a3-902b-8a0e4c22b0cf,27.204701820261544,-106.52809300827023,464,537.2
d465a6fb-a8c5-4c8a-bfd9-192654cef2fc,34.63391240674959,-102.33454919754358,141,122.9
06b56a92-ea9d-48c4-84ee-4008c9203b23,30.18015184347192,-71.34085060629445,14,14.1
bca8223c-519e-44c2-8925-9b7991af2ab3,42.70938123570457,-75.62269672631737,30,25.4
10956fbd-73ae-41f2-aad1-d3b4d5153347,30.550875112671864,-85.76216136942895,74,67.5
036ed5fe-8022-4ffd-a745-b5a25f26a718,46.042932659884904,-109.25857685655717,9,9.7
75ee8559-5e6a-4909-83ad-7a5eb5283b0b,46.29550528516532,-118.09455252138183,74,61.5
3714309d-1369-4f4a-94aa-68d89070e9c0,28.911032880569646,-124.05252946187329,12,12.8
c08e3af3-9780-4945-bc6f-aa60d80a0c96,39.34614862519311,-118.68637031633916,54,62.7
b295ec4b-1990-47b0-b164-eff759e92ef6,26.19294104299911,-107.73680982618737,62,73.6
3278ead3-da8d-47c8-a919-6f1e2a047ac4,33.78842749004073,-92.44438624880976,1036,918.6
79306a4c-e455-4085-9d2b-bfe0beea5a90,41.83304323753181,-121.22399511760918,54,59.4
39cf6c5c-17cd-40f2-84f1-02899ee6acc1,40.48558117124791,-116.96256107921151,55,64.4
f95ea5fe-4bbe-48ab-9492-7ef06d139130,39.6175167351652,-114.31623856383148,232,194.1
df1181d5-6747-4e59-bfa0-6bdfcfd54e43,31.06352159156109,-87.71305651398492,392,378.5
48792c46-c964-473e-83aa-282a0f0da3cf,33.45062373586005,-88.66840186017265,98,114.4
73a0fc42-740e-45af-b67e-e2c37b69b02f,26.573653617507155,-92.50482214404298,417,367.4
76ebf5f2-9a92-4370-9efa-6dfedeef4f28,41.97557051084003,-110.22041594293957,83,97.4
8004b49c-1a22-4eca-961f-a056d029f4d4,36.597219919781836,-103.10393821809481,44,44.5
d9227774-7290-4567-8b0d-3c214b896193,41.71914080864136,-119.29530673607316,80,67.2
f4dcc47d-8dc6-44c7-9929-4979032aebe9,30.22358811992182,-111.63882437827476,188,184.2
a3af36d8-145c-44d0-975c-a73f882ccee6,32.110955715876656,-72.03539163811774,92,85.6
40c04027-608b-46ae-b31b-9cbca3df6161,32.355383431502865,-67.19818696028612,223,203.6
bdae0a64-896f-4d1c-b557-749acc9e675f,24.643560243680405,-86.78808444722262,54,54.9
acb1e342-5013-4dfe-89d2-f07b5bf08be7,32.52619682076559,-70.9074257706182,241,239.4
2fe2a69d-504c-4259-a449-86f47ebe71a5,44.08261433795084,-87.07822787631592,85,84.4
c4164cd2-3d4d-4762-926a-3921d1206cf8,46.432462393743464,-123.04140731977728,122,101.9
eba29e80-da34-4fcb-9dc2-3cf16506650d,36.95545789089819,-66.19100748580186,163,182.7
1c9cc9b3-2012-4d76-a65a-5c0a90722f44,35.387542380480504,-119.16181420049443,232,230.3
06d76970-2330-4e70-bb19-869120a67d68,24.770615467484255,-84.72413371474141,55,62.1
d3d2f4a9-ec85-4fe3-846b-4e7a62c0c448,45.98010843963456,-110.0826640185874,362,409.0
cff0bf70-5499-418f-a618-6a6b8682af95,24.32525533564682,-101.87311433848936,256,237.3
2c6ccb68-6f1c-4041-8ffb-4f271f5557a8,47.618752005255296,-86.88988309674465,53,42.5
720835c8-ed03-4ba0-bd13-9dde570cf48d,36.230406217202265,-99.24724639084528,738,859.4
f969c087-1ecb-48e3-b6d8-3ef54ab686f6,32.54836233936817,-110.21778252306343,219,241.8
c372e83d-546a-4e3a-81dc-71f31b0c3246,47.1054608710665,-105.26767497417885,120,101.1
291bc290-7a8d-4f44-a4f7-cf10855435a2,24.609774827752418,-104.8486611015326,34,36.7
a1b7399c-b3b5-4762-baef-172f241ba3f0,38.53562237172718,-68.3998896340154,152,122.8
f6999d06-e814-4dba-9ad8-ac028e413d58,37.72331311248344,-77.88183206051639,36,29.2
06f2a1b4-1065-4926-9011-916780e3b6a3,29.483010030284554,-97.9456224827154,112,113.2
0ba9d9c1-ba13-403b-8b65-bfdd82db6a6f,34.722185783755265,-113.21056569985952,105,88.0
e02305ed-d049-4f9b-a6d3-f3f7789c0ad0,40.306600148594256,-77.15004949450329,255,302.4
5ecb5636-e9a4-48dd-8623-8a0b93e6ea60,42.17827992204819,-115.72623417510596,43,49.8
b09b4b08-1b1c-4c93-8081-2c1c57cf4dc0,24.017921467664493,-112.5827291886218,345,365.7
088eab7d-6512-4674-b07b-2b9adac19a63,47.42133575227538,-103.40520988143109,79,65.2
6277ee2e-bc81-44ea-b5e8-bfa6da5a2fe2,28.11313430982031,-73.05945644473258,117,108.8
c2715b49-b994-4f9f-893b-1a41169340ae,29.83951085555898,-117.22458655058749,296,280.8
93c8e235-6818-429d-aff2-0f7d190a1feb,30.586836142346208,-117.78818262158296,196,194.5
b3e281ca-664b-4881-a35c-e67583f31e88,24.945503413800882,-95.8554756899893,74,64.2
48241b93-7d90-4de7-8d7e-4c7e37c6ae94,27.076303089758124,-108.6917780754732,98,101.0
5240505f-70f0-4511-beb7-e24419ce8a61,48.65874807360405,-91.44505144275857,73,71.1
cbd9e818-5b3b-4a0a-b198-decc536aff35,31.88041843443215,-98.35343560368982,181,213.4
b4ae6eb6-f42f-4654-955d-1a1323076632,26.882527258476234,-99.3374127252782,81,95.1
0f55ead1-3561-4b75-ac9b-c003ddb57eea,26.674781529365582,-118.39359474126739,259,265.8
bb2025c0-4043-458d-9c3e-61b00ebe010f,41.986499191749296,-116.67806827525943,173,183.0
935afb10-e9b6-493a-8a5b-ccd24ac4b807,45.36421660081602,-76.55636393063585,31,26.5
bcac802a-f172-4ab6-9cf8-08c446a62c67,30.42380748771175,-72.73291848326707,74,65.8
02e23b11-df93-4b2d-8ebd-982fe1447191,24.522737808380874,-111.15367155977023,50,58.0
c76f8465-cabb-46ca-a078-eed2087fc561,29.577250461133893,-118.30583041003862,99,106.9
1abbffd8-ba85-46c6-8058-1beed890dcbf,25.412892269918935,-121.84841635586388,145,127.0
46c5b5d2-e080-4d73-80fc-3c5fae8bc317,26.584873415751037,-89.11044078922808,141,145.0
0974cbac-3ff6-49c2-a63b-ebaf40b2b5d5,34.78770299619106,-82.79416046248787,281,329.9
e25adc72-982d-441f-bfe0-fc24e0202996,29.747959271540815,-103.00421063701087,42,39.4
3e2e2f5a-9015-41d8-a60b-abc5e3ef0f59,36.89864696313558,-84.89912381805226,586,512.4
494107e9-0d30-441f-a6d1-0dcae3ec3afb,30.33734383142976,-82.93542988198796,84,98.9
2dd053df-99c1-48b0-b971-b4b49351d47a,47.51343252757369,-69.81480539758257,71,69.9
c5fa5936-344b-4db7-b66a-4ba06377e241,46.64859919815662,-121.17245536772867,231,223.4
3eca95fc-3dfa-46a9-9863-2ed4682ff985,38.17015262526165,-113.6547883293663,327,296.6
b2bd37ac-3416-4eb2-bfe8-511bee2ffc1f,32.86059979968465,-120.9569667317777,95,109.9
0f2b930d-7fad-4f4d-a8c8-97e9f7cf374a,33.52867205086839,-73.78835793316948,1230,1400.0
91adaadb-46bb-4395-8883-49a14491b71d,34.29630707861242,-78.23735755801945,430,413.3
e8f5c52a-fcfa-4c80-8a32-7a703a9757a2,42.1894830533736,-91.0961178333115,291,236.4
5323c0a1-d138-4a06-9d43-7b923af68f12,35.29097488797095,-120.06385880698019,7,6.9
f43c4c82-477f-4474-ae6d-ed40084e2c95,45.418248662647436,-108.87457083943055,351,306.2
fbb64965-d025-44e0-8dc6-3a3e9d6dfc59,47.60236964825911,-107.4345289645475,298,255.4
69b42c97-f72d-4ec0-b266-8456bef92305,32.39865383447335,-91.9161514350904,221,211.5
2b8b4d21-344b-4217-81e6-90b14c10b56f,38.017362034392,-109.77541025183379,285,239.3
b48e51d6-8f36-49c0-8bb8-c41178660363,26.37641342081411,-120.69536802913566,777,919.2
946eb019-a484-48df-9d95-ce412195df45,29.011726194158975,-81.88502419065534,113,92.5
3103ff99-2c23-4b7e-b091-0b7fb8db63e4,34.336644167754,-107.35426751233074,14,13.4
92f7d5b2-af20-4644-b387-27705d605153,29.15506789754447,-98.30992355562526,124,107.3
4df716f0-5ea8-40e0-a302-89664ac66464,45.914012269717944,-117.46766853604399,10,10.8
23807670-c44e-4183-9187-e05b2a2686d2,27.95715640147745,-77.64965009971979,70,58.2
73ba3b7a-d585-488c-b79a-d3cef0ad10c2,35.3915205388273,-91.6336192614806,177,180.3
ebc3bc2d-a122-484b-81a9-b003b2dd62af,39.14248101149689,-71.80644805361808,74,82.1
57cd87c8-b99d-4f26-85af-4a92a6e8169b,41.29659770402111,-95.76717777914533,231,272.6
afc2245e-39a2-4e71-9efb-e1e2984ca64e,33.57673424316267,-69.4558853627451,345,372.4
be9508da-2c0f-47fd-b762-f937b1bd9f58,45.72747671811821,-72.37977594150178,109,91.5
1a34fe50-1114-43cd-b5e6-5985dc8b598f,38.20797877694814,-90.9888684689052,461,385.1
5baeecc5-bac3-4baf-99d6-723075879c2c,34.98769451118879,-69.90028714915806,17,18.6
fc109d28-07f6-41fb-9a3d-c88046ce7725,25.681015851300916,-105.93776390962142,367,325.2
07e8ab90-20cd-4657-b26c-3473afc99eb4,35.617236711129124,-103.42711240045153,353,345.6
90ede544-e8da-4463-b975-32dddb55b6d5,44.518396020393254,-122.31680087294382,78,92.9
20b06105-1ba4-42b7-acca-b29338e38dbf,39.36352545553289,-90.23714650093267,71,80.1
cbbb0d3a-8f40-4fec-ba38-c01b66566ba9,44.80406134322796,-82.40648577419293,73,83.1
8fca400b-3a5c-467a-bf0a-71cfbc9a9439,36.35029176498264,-79.36236777571591,334,382.2
6e7ea89f-fec3-49d3-8125-72f9c2119023,26.961542627362046,-116.1608391232799,356,373.0
570ec152-8c41-432a-a792-cb70f03f40a5,24.340996145897027,-98.79461473356248,80,87.8
010893e7-4211-4f51-a8c7-469c7bd1ee27,31.58048866796478,-114.56507048645898,180,169.8
2580643a-9621-4fda-8dd5-19103269c5e9,41.449761787444814,-85.93448641759932,30,36.0
3c8f6d0d-ab01-45c0-98b9-6b574289669a,43.756497598542346,-115.68116402711568,127,115.8
156ec29b-81ff-4ce2-a0ba-5090ebc850ab,31.393820865508236,-71.65434264659157,1344,1392.4
3476573c-3916-406b-8d52-d909cadf5339,36.391348022081175,-111.39255590597661,35,31.9
47f4e67f-dcbd-4da5-8f27-4e40fc7daeba,34.52797261085204,-107.80726628899356,590,498.4
12d7a62a-787b-43cc-8736-8357e7d752cc,34.2630696087857,-74.79652699309102,348,357.4
d2884026-4db4-4c50-b437-3f15dcd8fc0d,29.783717830003763,-97.9504110014023,717,674.9
647478f2-b95c-4d84-b4aa-e8ba3218a6f0,27.409277625736458,-123.5842391977957,40,41.3
4cf91b88-ffc7-41eb-862e-fcca90f0fa5c,28.917213955780326,-95.8194111790439,48,49.1
28c5589c-57ac-43f8-b48c-7b09f9618b5d,25.383309679083652,-120.01194321257275,3,3.1
c70a6264-36fd-409a-8baa-a9992fab82ad,28.953268545589424,-66.86466159744867,258,219.1
68ab8110-4d19-46aa-8fd5-1305e1c7ca0b,24.230022440634485,-90.30141734311945,1143,1115.7
3dd497e7-1d11-4f9c-8b61-98501ade3a5d,39.68146001589946,-109.86457556095228,39,43.9
dcda0582-857a-4eb9-9ead-473a916a0e07,31.90938518469207,-91.74065690669056,313,289.9
28b3ab99-5329-4a2f-ba45-cc7d84ab02f3,48.32861778567272,-120.46484090047646,71,69.4
c2c680b4-605c-4493-8d7e-60bacad27050,28.842926269407446,-77.8064130481398,29,28.9
14ef4477-ebf3-40a9-ad65-4b74ff3f6421,32.64571425773985,-70.40564482201434,110,126.0
d6e643ec-c34d-434c-b4d6-6d16f77cdad6,32.94602896603833,-73.40778109583658,19,20.2
3df1a5ef-4479-4eb6-bb19-294741402ffc,24.211287401561513,-104.8363014643848,61,51.2
50590a8f-d966-4066-b4a3-652a41978c5d,44.98019882598648,-105.77968094104126,93,106.6
a7fab913-fcad-451b-b4b8-4acd61dc759a,24.799861503608117,-122.9298309382383,382,432.7
e8922281-09aa-4167-95f7-821525d3bd09,47.50449586823103,-86.56737883664591,315,347.0
f3a64ae8-bc43-4248-8754-45efc8ea3e76,46.30185877734051,-93.4406177328021,117,115.4
95f09de2-d355-4ebe-9fd4-9cdd2d89e879,37.38804790214909,-97.89856409168686,258,284.6
deabc73a-9ca5-4614-908c-669d60aeed49,37.5898893727823,-71.44977375325229,168,166.6
1a314c99-13ef-44a5-b6a2-3e9dfbdca76a,40.344448073903905,-115.09514483611207,83,90.9
87d6ff9d-1212-4340-8dfa-62148df49d55,33.676250298372175,-124.42969026527925,259,298.4
9a35c3f0-4f68-4f21-8b96-2333f4f1a15a,40.180557084946386,-120.67432932487483,230,265.9
5e8ec5a0-076b-4fd0-bbd4-213d5855a4f7,25.119209717212172,-111.82108516818523,193,189.5
a34b7c51-6c7d-4a76-a2a4-7913e2d66e85,25.351190683743162,-123.03615259345604,192,219.6
89c35041-5461-4699-b981-054589ee8d85,35.43076049048861,-95.332221072055,230,193.3
ab6e94a9-bc78-4e1d-9090-dc1caf599db6,37.74055752765087,-106.4686631412189,97,81.6
fe594551-c6b2-4aaa-8c10-a3abcf5beee0,46.19544100839548,-114.35150252398017,407,414.9
2a9a247e-88f2-4f3b-abab-bf439e6e91df,26.616515847697407,-80.74503957802894,35,37.1
8fb0320b-d8ad-40db-b9c9-1c1f3e7ec0fc,44.566198179847234,-112.93737175228073,431,371.2
0d21c7d9-c9d2-49b8-87f7-da2031330cc2,29.25118343230174,-84.4312990413662,84,83.1
9655b43f-0ae1-4763-8453-d189793524f1,33.85209121275079,-104.3933705549893,27,22.6
79c08710-862b-45d8-bb02-d2ef5d85e9e0,31.915060870685323,-94.80216212090929,408,424.7
5df7e1d6-8f9c-496b-93e5-f58d65a223bd,34.00388182163498,-69.90184464877214,94,107.4
b2c1d7bb-ade4-4ba0-9e85-ea074b79a2d7,27.76238745181464,-122.79625354586705,1210,1325.0
c6a4862e-e68e-4a3f-b52b-40dd2933286d,36.58925186008887,-95.48439405882975,113,107.5
b7ed55ce-0c93-4694-bc4b-f7efeaf184b7,44.04106474578418,-74.58904534067052,221,264.7
65e4fa9d-58ad-4cad-9003-6006a081d6d2,35.03835025947242,-90.30951934614944,74,78.8
99d0be01-2518-400f-8f48-0773c4b00d3b,36.26533939745498,-108.66463949905577,47,52.9
4f0b6a20-9eba-4754-b938-9d64503b7b23,45.21918963203285,-101.53681302644297,98,104.7
d799b11c-dea1-4cd0-bb0c-66b86f8e6fa2,41.65145286595077,-84.86432790501411,187,223.6
cc2ad66f-f532-4ba2-8ae8-86ed54e6b054,36.26136021299462,-72.44209823548562,214,241.5
8fdba2ef-0042-467c-8fce-dc5c4ff2ecba,30.442391204729493,-122.57708394894992,173,174.3
1b4eb78c-7a1a-4d08-9156-f7985a86c143,46.12316867112416,-120.77920950846779,886,838.8
1fe7e160-9781-45f5-80fd-dd5d07316b44,38.42551004226396,-105.82196010703433,235,252.1
493e228c-654f-464e-86e6-6a5d66e9aaab,29.528690252767333,-111.26599861818875,536,555.3
39a70ce5-31df-4f28-afae-fc1d7e96e611,30.72799381595026,-109.36907771287804,25,26.3
48c76941-a153-49a0-b2b0-3559b0d8d4a4,44.07832722340615,-111.94507008107303,13,12.2
62dc7d95-bf5b-487a-8d17-e38205dfc630,25.103639052186388,-113.44632211754569,75,72.9
c252b085-e37a-42ef-8111-082e64f05b77,48.80230467572051,-117.29318595471179,29,29.7
fff49a9b-16fc-4b09-a2e8-e33bca95f097,27.258791992869796,-69.89670622408096,149,169.2
7ab3da52-63dd-46fe-b7b1-1e3f5d6b20e7,43.90171313492343,-116.49282162953696,146,161.4
419b58e8-a1d8-4ef3-ad69-b9cd5132573f,33.86938291929207,-112.94017728883337,171,144.9
ef5e607a-0ebb-4ba8-93ea-55c188ab73e7,36.30540458218667,-110.47032228513365,273,245.2
72b0625f-1890-49b1-8b4a-f3d0fcbeabab,46.01626443661445,-69.95212248530518,710,575.6
682d5731-ead6-4eae-aedc-c1747eeb6cd0,34.32277973973033,-80.412866117536,421,338.1
459e9246-8a7f-4208-a7b0-c5be6b10e64f,37.43734384183087,-78.40773361138463,25,22.2
7cfed3e4-fcfb-415a-ac0f-b122a3b22b2d,25.23249156022925,-118.81926268722862,83,92.9
7d28e4a6-ed2a-4353-8545-0cb0603315e5,24.058686846686328,-75.65771737407538,59,68.6
27f5f506-a558-496f-8635-e2986847cbe8,30.119996825043145,-100.91660817277234,39,37.3
0203ab90-8bd4-4f8b-a6da-f80893ba0314,41.01457732296918,-109.49344145346906,157,161.0
12557e2f-6c01-4cca-afba-6626b808790a,27.03162233397842,-91.03074507230167,161,174.3
f36818ff-c4fb-46c2-80d4-dcb7ee43a06b,26.844048970113736,-76.4912085568127,52,61.4
1aaf9c58-eb60-43d2-9612-3f0db68bcc85,34.27401520089758,-79.05952308658036,249,290.1
24fa8206-aa25-41b4-942f-7daaadbcaf02,40.19592596520566,-72.49014852771322,264,217.2
28d0c5b6-3cdb-4dfa-994a-1286e4c2f1b4,41.80179980619826,-70.24020102508881,4,3.6
d8633d45-e9a5-40b8-9738-66c57f704654,28.46126685245937,-110.95079778576277,101,82.8
9b1ee1f9-388a-416e-9669-0dd2873fda81,25.989703684301062,-99.99238424401297,442,462.6
746245a6-7085-48bf-b418-03fd3eb31070,47.5099258486386,-124.13691618690086,147,159.4
58af73d8-46b8-4c03-b4a9-9d95361a6f94,30.516659564052542,-73.12002210336146,85,78.5
a4507cbd-2b48-41e1-bb0f-7bb204450de0,45.33366244021809,-115.88024306298871,59,67.4
77081fca-fab4-41ac-bd59-b5209d35c07c,45.587286261570455,-74.17298607178104,56,54.9
632484ba-718a-4cf9-95f3-dd8a8db3f376,43.31306479406361,-105.56614800279081,21,25.2
6662307e-6104-4858-beb6-cedc6d4ecff7,28.220840166314254,-103.28011819111285,340,272.1
327dba37-16cd-4b6c-bdbe-12b6db2a2eeb,44.54503648135501,-122.6911969854523,18,15.2
880ab969-5fab-431e-9df4-75e88795ec1c,43.23126398103967,-105.71415140384615,69,63.5
bef1fc5a-f904-443f-b418-f984c687ed71,38.91807475265543,-72.58654271472543,9,7.3
19ff2a1c-e691-440b-b653-f1b19c344c53,32.43005087922382,-123.49270333382536,304,338.3
e8de03f1-ee07-4b22-a3cd-bbeaabee8653,30.562715106663603,-101.0266790902432,8,6.6
ad37278b-a335-4994-90d3-1421c1f9cb29,27.047230302008973,-123.14742184104827,264,290.3
6423f95d-6b23-4cec-aa30-f314fdf049e3,36.74392667252179,-103.11551791856516,170,139.6
0ee52365-3e71-4150-9b16-eea38a2638bb,38.63152188774616,-114.81420219396281,105,94.6
08a5a920-88b8-4861-a2f6-d71f61035908,32.98347476289468,-110.11911479716605,66,75.0
fe3ed2d1-b861-400b-af8a-133e80107d1e,35.88397669202171,-73.22169598347628,64,75.5
855c4a9d-7756-4c7f-a612-3a61a6883574,33.08786143423167,-99.27309598330842,320,309.1
da20dc2e-21ee-4a8e-9d8f-4838086dd901,40.02515143301753,-108.84591850728718,730,867.2
fd4f47b7-bf2e-4771-9106-e6fe60baad3f,46.53148019491408,-90.22903570091768,86,90.4
75c9b99e-e3dc-46d3-b06c-104252875a5a,28.098006551173622,-116.61568936987764,8,7.7
34ddf5ff-ef51-4d38-accc-4fea0dcbe3f1,33.53522024757808,-109.6958951621695,7,7.8
855543c5-a3b8-4fff-9260-7bd97e1d18ba,27.521715098771534,-92.77136991142959,285,261.7
b1f0f8f6-9bf1-41f2-a99e-67108a8d70bf,39.6235942601958,-110.98614053096394,161,145.9
f173be8f-c467-4d6c-8487-35a104796331,42.221762737214895,-84.93146349334847,306,325.2
f8a2b5ed-2c0c-4096-b11a-3e38403ae539,47.29781831493639,-96.00201316668817,239,228.5
8d31df30-bd96-498f-8e8e-3ac967beab5a,30.971798156524123,-79.45264485497324,476,406.7
1e123e45-c580-4ff1-8d42-9e524dc41e56,47.755280146635755,-69.05357239237435,434,358.8
e8b61f8f-baee-4c6a-8d8f-eb4cd3e2f527,25.58156679551687,-118.16751152850294,311,346.8
38397ade-0400-4e29-a3ba-f615b0ccefd2,39.075346584114705,-105.25476441091186,129,138.1
e9048e70-b4ba-41ed-add7-5d8ea8d7f012,25.42831798358325,-106.14660529017401,74,71.4
902273c0-ebf2-4934-bcdd-f8837dc34b56,46.34435469404862,-116.080207759102,141,163.3
d3085f28-f444-4802-b4cf-53555bb50721,37.24522642675135,-77.19211489732521,139,134.0
7414d10f-44ef-40c1-8f39-b133d7463f25,40.73370876906991,-80.16715646171139,188,203.8
1f601e60-5409-4225-8915-32588a808168,44.78934814776132,-96.41889722077046,41,47.7
b4ef0fad-4252-4063-8bfa-4ac91811a864,27.75776556209922,-93.27152411011804,213,242.0
771ca1ab-3822-450c-a051-53aaaba57447,24.964789048453348,-121.48689585785272,122,122.5
d94dd30e-a391-4621-a2ce-937690cafc15,45.972028647821304,-92.2250662127043,194,208.0
95e3047d-7e93-481c-880b-fd183435911e,31.873330686473313,-78.31085008284145,55,53.1
aede6a97-0a82-4044-b24d-4eba2e015090,27.22447269817913,-91.14417315855243,114,120.7
f18d6003-26b4-474f-a199-8bc4c8308493,35.711530927177165,-109.34692416289528,47,42.4
31d217d6-8f9e-4f8c-ba62-99a9e05da629,38.95765189240047,-85.61465193227411,416,405.1
bbdd9c64-0368-4bd3-911f-d2bc2aeafdb0,24.774265085562753,-103.67218263205038,134,118.4
e0c2692f-8ccb-43ee-9e57-8903b8814f15,30.872391456427195,-92.85247622714162,51,41.6
2b08a55f-2665-40c5-ace3-403f038439bc,24.8199968569224,-96.23364356654344,8,8.3
bd543c1b-470e-4bd0-b76f-2ce54c32355c,34.508384729887474,-102.51067494305437,225,257.8
cac48570-7f40-4a51-94cb-b324d9dc614d,46.37750072665611,-82.58619915674603,48,38.9
dd0b54dd-f423-40cd-a7e4-4fe63bf9022b,48.566310287339235,-72.85130939283297,913,802.0
11a7fd43-bd59-4b7d-9e8b-0c06e53bf8c3,39.926188837590686,-124.69246140986142,153,150.6
a720e063-3b76-4029-8f86-2f8da164c9cd,28.040942344614795,-69.91662536540832,68,72.5
9861f6fd-093c-44e6-bd5d-a8397e351140,46.64623474998264,-94.82060697108973,214,185.9
7c3ce8f3-d27c-4e01-b7ab-cb7d4fbd0a21,36.90619558000151,-83.65681905856735,64,52.7
015412fb-4f5d-4086-a38c-3a2366dac954,27.84373280257295,-74.51815059562324,343,345.6
a308df53-0064-45ee-afc4-320c35d1f902,47.04316673629154,-97.44088215345808,74,83.4
a5a5c73b-3aae-4e59-afdf-762c7f430efd,42.93672626807758,-75.73652967147147,889,723.7
6710a6d0-f533-4028-b0bb-c978f9ce0af1,42.29263181807879,-114.52043065214306,186,174.8
4eb1f5ec-12a4-4a29-9efa-73e716bdb9d7,41.72951759486011,-115.60911546569095,372,396.3
224334e8-2510-436d-9a60-4b704fd6d63f,29.008495527411057,-86.20918923748694,15,12.8
55347f61-d3c6-4c7a-9117-550d608fc831,29.275167292688153,-73.6615626724475,86,76.9
f1cb4a8f-bdf4-4e4f-8baa-84545c20954e,41.207324960681376,-72.34685552537368,267,270.8
d68ca544-e5ec-43ab-a8b3-a64e0fc6ac85,29.49306875275992,-87.01931295574245,213,251.6
3cd7f969-2bbd-482a-bdd5-5bb053961b9c,34.96679242007622,-93.99613541765027,43,39.3
31619eeb-f457-4280-b692-5254037904b7,43.550045639848534,-105.44780782590554,88,87.6
af8beca0-20e2-471b-992f-f74df1b4807c,43.598812952446025,-67.17997547963945,61,58.6
e1e005c6-3026-4a5f-b0e5-16193eae6b90,35.331544313146495,-106.13795448669123,190,220.2
48398f6a-babf-4c63-ac1a-a04f50f4b3a2,43.80474845688113,-81.093019673336,84,69.6
49b88737-6fec-4911-b699-678f8429e9d3,44.965544904951415,-93.61307380560496,74,76.0
1156acf4-708d-4839-bf88-f31677352f62,40.369393782106506,-89.09777179100455,46,52.4
c3365c2d-3d3c-4313-919d-26aace7c8892,29.710646307710505,-101.78464751527105,105,125.5
53c0e803-d19b-46a5-bab3-a4929c006e32,30.850294509638687,-68.07543559713739,44,47.5
4a890077-293b-4d7e-ae1b-da8be1b8479e,31.871028885218383,-91.27074276014301,657,625.4
df0de427-f9a9-43af-88f8-3ef057086ee8,26.9201026933488,-69.67052980293138,34,32.8
88ad9ead-3156-47ca-8fdb-88d146998742,30.828990509248626,-124.55210644573907,489,460.0
d0395b15-c570-4fdc-8e14-1be3b0d16df5,29.237980607813302,-91.21243559172386,112,116.6
03dac2cd-8b1e-4a8e-bc2b-d824437a9c93,35.38321874521505,-82.68597350620898,95,104.1
d9121ea7-6aea-4469-97b9-c9347d385f77,46.71093869680662,-81.04026990142913,53,59.8
47b51748-6f28-4fcc-8747-c3c4c28e16ac,26.612007918848953,-71.6063639748808,202,195.3
